District/School IRN,District/School Name,School Year,Org Type,Core Curriculum/Intervention,Reported Grades,Status,Reported Material Type,DEW Approved Material Type,DEW Approved Grades
015234,Zenith Academy West,2024–2025,Community School,Amplify CKLA K-5 Core Comprehensive (Amplify),KG - 05,Implemented,Both ELA Core and Reading Intervention,ELA Core,KG - 05
012009,Zenith Academy East,2024–2025,Community School,Amplify CKLA K-5 Core Comprehensive (Amplify),KG - 05,Implemented,Both ELA Core and Reading Intervention,ELA Core,KG - 05
000725,Zenith Academy,2024–2025,Community School,Amplify CKLA K-5 Core Comprehensive (Amplify),KG - 05,Implemented,Both ELA Core and Reading Intervention,ELA Core,KG - 05
009148,Zanesville Community High School,2024–2025,Community School,Other published instr materials incl on Dept approved list,09 - 12,Implemented,Reading Intervention,N/A,N/A
049544,Zane Trace Local,2024–2025,Public District,Amplify CKLA K-5 Core Comprehensive (Amplify),KG - 04,Implemented,ELA Core,ELA Core,KG - 05
049544,Zane Trace Local,2024–2025,Public District,Lexia Core 5 Reading (Lexia),KG - 04,Implemented,Reading Intervention,Both ELA Core and Reading Intervention,KG - 02
049544,Zane Trace Local,2024–2025,Public District,"MyView Literacy (Savvas Learning Company, formerly Pearson)",05 - 08,Implemented,ELA Core,ELA Core,KG - 05
049544,Zane Trace Local,2024–2025,Public District,Other published instr materials incl on Dept approved list,05 - 08,Implemented,Both ELA Core and Reading Intervention,N/A,N/A
049544,Zane Trace Local,2024–2025,Public District,UFLI Foundations: An Explicit and Systematic Phonics Program (Ventris Learning/ULFI),KG - 04,Implemented,Both ELA Core and Reading Intervention,Both ELA Core and Reading Intervention,KG - 02
019450,Youngstown Preparatory Academy,2024–2025,Community School,UFLI Foundations: An Explicit and Systematic Phonics Program (Ventris Learning/ULFI),KG - 06,Implemented,Both ELA Core and Reading Intervention,Both ELA Core and Reading Intervention,KG - 02
134072,Youngstown Community School,2024–2025,Community School,Amplify CKLA K-5 Core Comprehensive (Amplify),KG - 05,Implemented,Both ELA Core and Reading Intervention,ELA Core,KG - 05
134072,Youngstown Community School,2024–2025,Community School,Blast Foundations (Really Great Reading),KG - 05,Implemented,Reading Intervention,Both ELA Core and Reading Intervention,01 - 01
134072,Youngstown Community School,2024–2025,Community School,Countdown (Really Great Reading),KG - 05,Implemented,Reading Intervention,Both ELA Core and Reading Intervention,KG - KG
134072,Youngstown Community School,2024–2025,Community School,HD Word (Really Great Reading),KG - 05,Implemented,Reading Intervention,Both ELA Core and Reading Intervention,02 - 02
134072,Youngstown Community School,2024–2025,Community School,UFLI Foundations: An Explicit and Systematic Phonics Program (Ventris Learning/ULFI),KG - 05,Implemented,Reading Intervention,Both ELA Core and Reading Intervention,KG - 02
045161,Youngstown City,2024–2025,Public District,Blast Foundations (Really Great Reading),01 - 01,Implemented,ELA Core,Both ELA Core and Reading Intervention,01 - 01
045161,Youngstown City,2024–2025,Public District,Countdown (Really Great Reading),KG - KG,Implemented,ELA Core,Both ELA Core and Reading Intervention,KG - KG
045161,Youngstown City,2024–2025,Public District,"Creative Curriculum (Teaching Strategies, LLC)",PS - PS,Implemented,ELA Core,PreK Core,PS - PS
045161,Youngstown City,2024–2025,Public District,HD Word (Really Great Reading),02 - 04,Implemented,ELA Core,Both ELA Core and Reading Intervention,02 - 02
045161,Youngstown City,2024–2025,Public District,Locally created instruction,02 - 05,Implemented,Reading Intervention,N/A,N/A
045161,Youngstown City,2024–2025,Public District,Other published instr materials incl on Dept approved list,02 - 05,Implemented,Reading Intervention,N/A,N/A
045161,Youngstown City,2024–2025,Public District,Other published instr materials not on Dept list,KG - KG,Implemented,Reading Intervention,N/A,N/A
007984,Youngstown Academy Of Excellence,2024–2025,Community School,Blast Foundations (Really Great Reading),01 - 01,Implemented,Reading Intervention,Both ELA Core and Reading Intervention,01 - 01
007984,Youngstown Academy Of Excellence,2024–2025,Community School,Countdown (Really Great Reading),KG - KG,Implemented,Reading Intervention,Both ELA Core and Reading Intervention,KG - KG
007984,Youngstown Academy Of Excellence,2024–2025,Community School,"From Phonics to Reading (William H. Sadlier, Inc)",KG - 03,Implemented,Both ELA Core and Reading Intervention,ELA Core,KG - 02
007984,Youngstown Academy Of Excellence,2024–2025,Community School,HD Word (Really Great Reading),02 - 03,Implemented,Reading Intervention,Both ELA Core and Reading Intervention,02 - 02
007984,Youngstown Academy Of Excellence,2024–2025,Community School,Wit & Wisdom (Great Minds),KG - 08,Implemented,ELA Core,ELA Core,03 - 05
045674,Yellow Springs Exempted Village,2024–2025,Public District,Amplify CKLA K-2 Skills (Amplify),KG - 02,Implemented,Both ELA Core and Reading Intervention,ELA Core,KG - 02
045674,Yellow Springs Exempted Village,2024–2025,Public District,Lexia Core 5 Reading (Lexia),KG - 05,Implemented,Reading Intervention,Both ELA Core and Reading Intervention,KG - 02
045674,Yellow Springs Exempted Village,2024–2025,Public District,Other published instr materials incl on Dept approved list,03 - 05,Implemented,ELA Core,N/A,N/A
045674,Yellow Springs Exempted Village,2024–2025,Public District,Other published instr materials incl on Dept approved list,06 - 12,Implemented,Reading Intervention,N/A,N/A
045674,Yellow Springs Exempted Village,2024–2025,Public District,Other published instr materials incl on Dept approved list,KG - 12,Implemented,Reading Intervention,N/A,N/A
045674,Yellow Springs Exempted Village,2024–2025,Public District,Other published instr materials not on Dept list,06 - 12,Implemented,ELA Core,N/A,N/A
132985,Yb Columbus Community School,2024–2025,Community School,Other published instr materials incl on Dept approved list,09 - 12,Implemented,Reading Intervention,N/A,N/A
045153,Xenia Community City,2024–2025,Public District,Fundations (Wilson Language Training),KG - 03,Implemented,Both ELA Core and Reading Intervention,Both ELA Core and Reading Intervention,KG - 02
045153,Xenia Community City,2024–2025,Public District,Fundations (Wilson Language Training),PS - PS,Implemented,Both ELA Core and Reading Intervention,Both ELA Core and Reading Intervention,KG - 02
045153,Xenia Community City,2024–2025,Public District,HMH Into Reading 2020 (Houghton Mifflin Harcourt),06 - 12,Implemented,Both ELA Core and Reading Intervention,ELA Core,KG - 05
045153,Xenia Community City,2024–2025,Public District,HMH Into Reading 2020 (Houghton Mifflin Harcourt),KG - 05,Implemented,ELA Core,ELA Core,KG - 05
045153,Xenia Community City,2024–2025,Public District,HMH Into Reading 2020 (Houghton Mifflin Harcourt),04 - 05,Implemented,Reading Intervention,ELA Core,KG - 05
045146,Wyoming City,2024–2025,Public District,95 Phonics Core Program (95 Percent Group),PS - PS,Implemented,Both ELA Core and Reading Intervention,ELA Core,KG - 02
046524,Wynford Local,2024–2025,Public District,Fundations (Wilson Language Training),PS - 03,Implemented,Both ELA Core and Reading Intervention,Both ELA Core and Reading Intervention,KG - 02
046524,Wynford Local,2024–2025,Public District,Wit & Wisdom (Great Minds),KG - 05,Implemented,Both ELA Core and Reading Intervention,ELA Core,03 - 05
045138,Worthington City,2024–2025,Public District,Other published instr materials incl on Dept approved list,KG - 05,Implemented,Reading Intervention,N/A,N/A
045120,Wooster City,2024–2025,Public District,"Creative Curriculum (Teaching Strategies, LLC)",PS - PS,Implemented,Both ELA Core and Reading Intervention,PreK Core,PS - PS
045120,Wooster City,2024–2025,Public District,Other published instr materials incl on Dept approved list,PS - 12,Implemented,Both ELA Core and Reading Intervention,N/A,N/A
049973,Woodridge Local,2024–2025,Public District,95 Phonics Core Program (95 Percent Group),KG - 05,Implemented,Reading Intervention,ELA Core,KG - 02
049973,Woodridge Local,2024–2025,Public District,Foundations A-Z (Learning A-Z),KG - 05,Implemented,Reading Intervention,ELA Core,KG - 02
049973,Woodridge Local,2024–2025,Public District,"MyView Literacy (Savvas Learning Company, formerly Pearson)",KG - 12,Implemented,ELA Core,ELA Core,KG - 05
049973,Woodridge Local,2024–2025,Public District,UFLI Foundations: An Explicit and Systematic Phonics Program (Ventris Learning/ULFI),01 - 04,Implemented,Reading Intervention,Both ELA Core and Reading Intervention,KG - 02
049577,Woodmore Local,2024–2025,Public District,"Creative Curriculum (Teaching Strategies, LLC)",PS - PS,Implemented,Both ELA Core and Reading Intervention,PreK Core,PS - PS
049577,Woodmore Local,2024–2025,Public District,Other published instr materials incl on Dept approved list,KG - 05,Implemented,Reading Intervention,N/A,N/A
049577,Woodmore Local,2024–2025,Public District,Wonders 2023 (McGraw Hill),KG - 05,Implemented,ELA Core,ELA Core,KG - 05
044081,Winton Woods City,2024–2025,Public District,"Creative Curriculum (Teaching Strategies, LLC)",PS - PS,Implemented,Both ELA Core and Reading Intervention,PreK Core,PS - PS
044081,Winton Woods City,2024–2025,Public District,Lexia Core 5 Reading (Lexia),07 - 12,Implemented,Reading Intervention,Both ELA Core and Reading Intervention,KG - 02
044081,Winton Woods City,2024–2025,Public District,Other published instr materials incl on Dept approved list,05 - 06,Implemented,Both ELA Core and Reading Intervention,N/A,N/A
044081,Winton Woods City,2024–2025,Public District,Other published instr materials incl on Dept approved list,06 - 06,Implemented,Both ELA Core and Reading Intervention,N/A,N/A
044081,Winton Woods City,2024–2025,Public District,Other published instr materials not on Dept list,KG - 04,Implemented,Both ELA Core and Reading Intervention,N/A,N/A
044081,Winton Woods City,2024–2025,Public District,Other published instr materials not on Dept list,PS - KG,Implemented,ELA Core,N/A,N/A
044081,Winton Woods City,2024–2025,Public District,Other published instr materials not on Dept list,07 - 08,Implemented,Reading Intervention,N/A,N/A
000546,Winterfield Venture Academy,2024–2025,Community School,Lexia Core 5 Reading (Lexia),KG - 05,Implemented,Reading Intervention,Both ELA Core and Reading Intervention,KG - 02
000546,Winterfield Venture Academy,2024–2025,Community School,Other published instr materials not on Dept list,03 - 08,Implemented,Reading Intervention,N/A,N/A
045666,Windham Exempted Village,2024–2025,Public District,95 Phonics Core Program (95 Percent Group),KG - 04,Implemented,Both ELA Core and Reading Intervention,ELA Core,KG - 02
045666,Windham Exempted Village,2024–2025,Public District,95 Phonics Core Program (95 Percent Group),KG - 04,Implemented,ELA Core,ELA Core,KG - 02
045666,Windham Exempted Village,2024–2025,Public District,Fishtank Plus ELA K-2 2021 (Fishtank Learning),KG - 04,Implemented,Both ELA Core and Reading Intervention,ELA Core,KG - 02
045666,Windham Exempted Village,2024–2025,Public District,Frog Street Threes and/or Frog Street PreK (FrogStreet),PS - PS,Implemented,Both ELA Core and Reading Intervention,PreK Core,PS - PS
045666,Windham Exempted Village,2024–2025,Public District,Other published instr materials not on Dept list,05 - 12,Implemented,Reading Intervention,N/A,N/A
045112,Wilmington City,2024–2025,Public District,Amplify CKLA K-5 Core Comprehensive (Amplify),KG - 05,Implemented,ELA Core,ELA Core,KG - 05
045112,Wilmington City,2024–2025,Public District,"Creative Curriculum (Teaching Strategies, LLC)",PS - PS,Implemented,Both ELA Core and Reading Intervention,PreK Core,PS - PS
045112,Wilmington City,2024–2025,Public District,UFLI Foundations: An Explicit and Systematic Phonics Program (Ventris Learning/ULFI),06 - 08,Implemented,Reading Intervention,Both ELA Core and Reading Intervention,KG - 02
045112,Wilmington City,2024–2025,Public District,UFLI Foundations: An Explicit and Systematic Phonics Program (Ventris Learning/ULFI),KG - 05,Implemented,Reading Intervention,Both ELA Core and Reading Intervention,KG - 02
045104,Willoughby-Eastlake City,2024–2025,Public District,Amplify CKLA K-5 Core Comprehensive (Amplify),KG - 05,Implemented,Both ELA Core and Reading Intervention,ELA Core,KG - 05
045104,Willoughby-Eastlake City,2024–2025,Public District,Fundations (Wilson Language Training),06 - 12,Implemented,Reading Intervention,Both ELA Core and Reading Intervention,KG - 02
045104,Willoughby-Eastlake City,2024–2025,Public District,Other published instr materials incl on Dept approved list,KG - 08,Implemented,Reading Intervention,N/A,N/A
045104,Willoughby-Eastlake City,2024–2025,Public District,Ready to Advance (Benchmark Education),PS - PS,Implemented,ELA Core,PreK Core,PS - PS
046367,Williamsburg Local,2024–2025,Public District,Other published instr materials incl on Dept approved list,PS - 05,Implemented,Reading Intervention,N/A,N/A
046367,Williamsburg Local,2024–2025,Public District,Wonders 2023 (McGraw Hill),PS - 05,Implemented,Both ELA Core and Reading Intervention,ELA Core,KG - 05
045096,Willard City,2024–2025,Public District,95 Phonics Core Program (95 Percent Group),KG - 05,Implemented,ELA Core,ELA Core,KG - 02
045096,Willard City,2024–2025,Public District,Other published instr materials incl on Dept approved list,09 - 12,Implemented,Reading Intervention,N/A,N/A
045096,Willard City,2024–2025,Public District,Other published instr materials incl on Dept approved list,KG - 05,Implemented,Reading Intervention,N/A,N/A
000222,Wildwood Environmental Academy,2024–2025,Community School,Amplify CKLA K-2 Skills (Amplify),KG - 02,Implemented,ELA Core,ELA Core,KG - 02
000222,Wildwood Environmental Academy,2024–2025,Community School,ARC Core (American Reading Company),03 - 08,Implemented,ELA Core,ELA Core,KG - 05
000222,Wildwood Environmental Academy,2024–2025,Community School,Foundations A-Z (Learning A-Z),KG - 05,Implemented,Reading Intervention,ELA Core,KG - 02
000222,Wildwood Environmental Academy,2024–2025,Community School,Fundations (Wilson Language Training),KG - 05,Implemented,Reading Intervention,Both ELA Core and Reading Intervention,KG - 02
045088,Wickliffe City,2024–2025,Public District,Lexia Core 5 Reading (Lexia),KG - 06,Implemented,Reading Intervention,Both ELA Core and Reading Intervention,KG - 02
045088,Wickliffe City,2024–2025,Public District,Locally created instruction,07 - 12,Implemented,ELA Core,N/A,N/A
045088,Wickliffe City,2024–2025,Public District,Other published instr materials not on Dept list,PS - PS,Implemented,Both ELA Core and Reading Intervention,N/A,N/A
045088,Wickliffe City,2024–2025,Public District,Other published instr materials not on Dept list,KG - 06,Implemented,ELA Core,N/A,N/A
045088,Wickliffe City,2024–2025,Public District,Other published instr materials not on Dept list,07 - 12,Implemented,Reading Intervention,N/A,N/A
045088,Wickliffe City,2024–2025,Public District,Other published instr materials not on Dept list,KG - 06,Implemented,Reading Intervention,N/A,N/A
000509,Whitehall Preparatory And Fitness Academy,2024–2025,Community School,HMH Into Reading 2020 (Houghton Mifflin Harcourt),KG - 05,Implemented,ELA Core,ELA Core,KG - 05
045070,Whitehall City,2024–2025,Public District,HD Word (Really Great Reading),03 - 03,Implemented,ELA Core,Both ELA Core and Reading Intervention,02 - 02
045070,Whitehall City,2024–2025,Public District,UFLI Foundations: An Explicit and Systematic Phonics Program (Ventris Learning/ULFI),01 - 02,Implemented,ELA Core,Both ELA Core and Reading Intervention,KG - 02
045070,Whitehall City,2024–2025,Public District,UFLI Foundations: An Explicit and Systematic Phonics Program (Ventris Learning/ULFI),KG - 05,Implemented,Reading Intervention,Both ELA Core and Reading Intervention,KG - 02
049668,Wheelersburg Local,2024–2025,Public District,Amplify CKLA K-2 Skills (Amplify),KG - 02,Implemented,ELA Core,ELA Core,KG - 02
049668,Wheelersburg Local,2024–2025,Public District,Amplify CKLA K-5 Core Comprehensive (Amplify),KG - 02,Implemented,ELA Core,ELA Core,KG - 05
049668,Wheelersburg Local,2024–2025,Public District,"Creative Curriculum (Teaching Strategies, LLC)",PS - PS,Implemented,ELA Core,PreK Core,PS - PS
049668,Wheelersburg Local,2024–2025,Public District,Fundations (Wilson Language Training),PS - PS,Implemented,Reading Intervention,Both ELA Core and Reading Intervention,KG - 02
049668,Wheelersburg Local,2024–2025,Public District,"MyView Literacy (Savvas Learning Company, formerly Pearson)",03 - 05,Implemented,ELA Core,ELA Core,KG - 05
049668,Wheelersburg Local,2024–2025,Public District,Other published instr materials incl on Dept approved list,03 - 05,Implemented,Reading Intervention,N/A,N/A
049668,Wheelersburg Local,2024–2025,Public District,Other published instr materials incl on Dept approved list,KG - 03,Implemented,Reading Intervention,N/A,N/A
049668,Wheelersburg Local,2024–2025,Public District,UFLI Foundations: An Explicit and Systematic Phonics Program (Ventris Learning/ULFI),KG - 08,Implemented,Reading Intervention,Both ELA Core and Reading Intervention,KG - 02
015741,Westwood Preparatory Academy,2024–2025,Community School,Other published instr materials incl on Dept approved list,KG - 12,Implemented,Both ELA Core and Reading Intervention,N/A,N/A
045062,Westlake City,2024–2025,Public District,Foundations A-Z (Learning A-Z),05 - 06,Implemented,Reading Intervention,ELA Core,KG - 02
045062,Westlake City,2024–2025,Public District,Fundations (Wilson Language Training),KG - 03,Implemented,Reading Intervention,Both ELA Core and Reading Intervention,KG - 02
045062,Westlake City,2024–2025,Public District,Other published instr materials incl on Dept approved list,02 - 12,Implemented,Reading Intervention,N/A,N/A
045062,Westlake City,2024–2025,Public District,Other published instr materials incl on Dept approved list,04 - 12,Implemented,Reading Intervention,N/A,N/A
045062,Westlake City,2024–2025,Public District,Other published instr materials incl on Dept approved list,07 - 12,Implemented,Reading Intervention,N/A,N/A
045062,Westlake City,2024–2025,Public District,World of Wonders (McGraw Hill),PS - PS,Implemented,Both ELA Core and Reading Intervention,PreK Core,PS - PS
020077,Westlake Academy,2024–2025,Community School,Amplify CKLA K-2 Skills (Amplify),KG - 02,Implemented,ELA Core,ELA Core,KG - 02
049106,Westfall Local,2024–2025,Public District,Lexia Core 5 Reading (Lexia),KG - 05,Implemented,Reading Intervention,Both ELA Core and Reading Intervention,KG - 02
049106,Westfall Local,2024–2025,Public District,Other published instr materials incl on Dept approved list,06 - 12,Implemented,ELA Core,N/A,N/A
049106,Westfall Local,2024–2025,Public District,Other published instr materials incl on Dept approved list,06 - 12,Implemented,Reading Intervention,N/A,N/A
049106,Westfall Local,2024–2025,Public District,UFLI Foundations: An Explicit and Systematic Phonics Program (Ventris Learning/ULFI),KG - 02,Implemented,ELA Core,Both ELA Core and Reading Intervention,KG - 02
049106,Westfall Local,2024–2025,Public District,UFLI Foundations: An Explicit and Systematic Phonics Program (Ventris Learning/ULFI),06 - 08,Implemented,Reading Intervention,Both ELA Core and Reading Intervention,KG - 02
049106,Westfall Local,2024–2025,Public District,UFLI Foundations: An Explicit and Systematic Phonics Program (Ventris Learning/ULFI),KG - 05,Implemented,Reading Intervention,Both ELA Core and Reading Intervention,KG - 02
049106,Westfall Local,2024–2025,Public District,Wit & Wisdom (Great Minds),KG - 05,Implemented,ELA Core,ELA Core,03 - 05
045047,Westerville City,2024–2025,Public District,Other published instr materials incl on Dept approved list,KG - 05,Implemented,Reading Intervention,N/A,N/A
045047,Westerville City,2024–2025,Public District,Wit & Wisdom (Great Minds),KG - 05,Implemented,ELA Core,ELA Core,03 - 05
019511,Western Toledo Preparatory Academy,2024–2025,Community School,Amplify CKLA K-2 Skills (Amplify),KG - 05,Implemented,Both ELA Core and Reading Intervention,ELA Core,KG - 02
019511,Western Toledo Preparatory Academy,2024–2025,Community School,Amplify CKLA K-5 Core Comprehensive (Amplify),KG - 05,Implemented,Both ELA Core and Reading Intervention,ELA Core,KG - 05
047746,Western Reserve Local,2024–2025,Public District,Wonders 2020 (McGraw Hill),03 - 05,Implemented,Both ELA Core and Reading Intervention,ELA Core,KG - 05
047746,Western Reserve Local,2024–2025,Public District,Wonders 2020 (McGraw Hill),KG - 02,Implemented,ELA Core,ELA Core,KG - 05
048397,Western Reserve Local,2024–2025,Public District,Amplify CKLA K-5 Core Comprehensive (Amplify),KG - 05,Implemented,Both ELA Core and Reading Intervention,ELA Core,KG - 05
048397,Western Reserve Local,2024–2025,Public District,Other published instr materials incl on Dept approved list,06 - 12,Implemented,Both ELA Core and Reading Intervention,N/A,N/A
049155,Western Local,2024–2025,Public District,Other published instr materials incl on Dept approved list,KG - 06,Implemented,Reading Intervention,N/A,N/A
049155,Western Local,2024–2025,Public District,Wonders 2023 (McGraw Hill),KG - 06,Implemented,ELA Core,ELA Core,KG - 05
046060,Western Brown Local,2024–2025,Public District,95 Phonics Core Program (95 Percent Group),KG - 03,Implemented,Reading Intervention,ELA Core,KG - 02
046060,Western Brown Local,2024–2025,Public District,Fundations (Wilson Language Training),KG - 03,Implemented,Reading Intervention,Both ELA Core and Reading Intervention,KG - 02
046060,Western Brown Local,2024–2025,Public District,HMH Into Reading 2020 (Houghton Mifflin Harcourt),04 - 06,Implemented,Both ELA Core and Reading Intervention,ELA Core,KG - 05
046060,Western Brown Local,2024–2025,Public District,HMH Into Reading 2020 (Houghton Mifflin Harcourt),KG - 03,Implemented,ELA Core,ELA Core,KG - 05
014189,West Park Bilingual Academy,2024–2025,Community School,Fundations (Wilson Language Training),KG - 03,Implemented,Reading Intervention,Both ELA Core and Reading Intervention,KG - 02
014189,West Park Bilingual Academy,2024–2025,Community School,HMH Into Reading 2020 (Houghton Mifflin Harcourt),KG - 06,Implemented,ELA Core,ELA Core,KG - 05
048884,West Muskingum Local,2024–2025,Public District,"Reading Horizons Discovery (HEC Software, Inc.)",KG - 04,Implemented,ELA Core,ELA Core,KG - 02
048884,West Muskingum Local,2024–2025,Public District,UFLI Foundations: An Explicit and Systematic Phonics Program (Ventris Learning/ULFI),KG - 04,Implemented,Reading Intervention,Both ELA Core and Reading Intervention,KG - 02
046219,West Liberty-Salem Local,2024–2025,Public District,95 Phonics Core Program (95 Percent Group),02 - 05,Implemented,ELA Core,ELA Core,KG - 02
046219,West Liberty-Salem Local,2024–2025,Public District,Amplify CKLA K-2 Skills (Amplify),KG - 01,Implemented,ELA Core,ELA Core,KG - 02
046219,West Liberty-Salem Local,2024–2025,Public District,Fishtank Plus ELA 2021 (Fishtank Learning),KG - 05,Implemented,ELA Core,ELA Core,03 - 05
046219,West Liberty-Salem Local,2024–2025,Public District,Lexia Core 5 Reading (Lexia),KG - 05,Implemented,Reading Intervention,Both ELA Core and Reading Intervention,KG - 02
046219,West Liberty-Salem Local,2024–2025,Public District,Other published instr materials incl on Dept approved list,06 - 12,Implemented,Reading Intervention,N/A,N/A
047696,West Holmes Local,2024–2025,Public District,Fundations (Wilson Language Training),KG - 12,Implemented,Reading Intervention,Both ELA Core and Reading Intervention,KG - 02
047696,West Holmes Local,2024–2025,Public District,Wonders 2023 (McGraw Hill),03 - 05,Implemented,ELA Core,ELA Core,KG - 05
012043,West Cleveland Drop Back In Dba Frederick Douglass High Scho,2024–2025,Community School,Other published instr materials incl on Dept approved list,09 - 12,Implemented,Reading Intervention,N/A,N/A
046359,West Clermont Local,2024–2025,Public District,Benchmark Advance or Literacy (Benchmark Education),KG - 05,Implemented,ELA Core,ELA Core,KG - 05
046359,West Clermont Local,2024–2025,Public District,Other published instr materials incl on Dept approved list,06 - 12,Implemented,Reading Intervention,N/A,N/A
046359,West Clermont Local,2024–2025,Public District,UFLI Foundations: An Explicit and Systematic Phonics Program (Ventris Learning/ULFI),KG - 02,Implemented,Both ELA Core and Reading Intervention,Both ELA Core and Reading Intervention,KG - 02
046359,West Clermont Local,2024–2025,Public District,UFLI Foundations: An Explicit and Systematic Phonics Program (Ventris Learning/ULFI),06 - 08,Implemented,Reading Intervention,Both ELA Core and Reading Intervention,KG - 02
045054,West Carrollton City,2024–2025,Public District,95 Phonics Core Program (95 Percent Group),KG - 06,Implemented,Both ELA Core and Reading Intervention,ELA Core,KG - 02
045054,West Carrollton City,2024–2025,Public District,Benchmark Advance or Literacy (Benchmark Education),KG - 06,Implemented,Both ELA Core and Reading Intervention,ELA Core,KG - 05
045054,West Carrollton City,2024–2025,Public District,Other published instr materials incl on Dept approved list,KG - 02,Implemented,Both ELA Core and Reading Intervention,N/A,N/A
045054,West Carrollton City,2024–2025,Public District,Other published instr materials incl on Dept approved list,KG - 04,Implemented,Both ELA Core and Reading Intervention,N/A,N/A
048389,West Branch Local,2024–2025,Public District,Fundations (Wilson Language Training),KG - 02,Implemented,Reading Intervention,Both ELA Core and Reading Intervention,KG - 02
048389,West Branch Local,2024–2025,Public District,High Scope Preschool Curriculum (HighScope),PS - PS,Implemented,ELA Core,PreK Core,PS - PS
048389,West Branch Local,2024–2025,Public District,Other published instr materials incl on Dept approved list,03 - 08,Implemented,Reading Intervention,N/A,N/A
048389,West Branch Local,2024–2025,Public District,UFLI Foundations: An Explicit and Systematic Phonics Program (Ventris Learning/ULFI),03 - 03,Implemented,Reading Intervention,Both ELA Core and Reading Intervention,KG - 02
048389,West Branch Local,2024–2025,Public District,Wonders 2023 (McGraw Hill),KG - 05,Implemented,ELA Core,ELA Core,KG - 05
045039,Wellsville Local,2024–2025,Public District,Frog Street Threes and/or Frog Street PreK (FrogStreet),PS - PS,Implemented,Both ELA Core and Reading Intervention,PreK Core,PS - PS
045039,Wellsville Local,2024–2025,Public District,HMH Into Reading 2020 (Houghton Mifflin Harcourt),KG - 05,Implemented,Both ELA Core and Reading Intervention,ELA Core,KG - 05
045021,Wellston City,2024–2025,Public District,"Creative Curriculum (Teaching Strategies, LLC)",PS - PS,Implemented,ELA Core,PreK Core,PS - PS
045021,Wellston City,2024–2025,Public District,"From Phonics to Reading (William H. Sadlier, Inc)",06 - 08,Implemented,Reading Intervention,ELA Core,KG - 02
045021,Wellston City,2024–2025,Public District,Other published instr materials incl on Dept approved list,KG - 05,Implemented,Both ELA Core and Reading Intervention,N/A,N/A
045021,Wellston City,2024–2025,Public District,Other published instr materials incl on Dept approved list,03 - 12,Implemented,Reading Intervention,N/A,N/A
045021,Wellston City,2024–2025,Public District,Other published instr materials incl on Dept approved list,KG - 02,Implemented,Reading Intervention,N/A,N/A
045658,Wellington Exempted Village,2024–2025,Public District,Open Court Reading 2016/2018 (McGraw Hill),KG - 05,Implemented,ELA Core,ELA Core,KG - 05
045658,Wellington Exempted Village,2024–2025,Public District,Other published instr materials incl on Dept approved list,KG - 12,Implemented,Reading Intervention,N/A,N/A
045658,Wellington Exempted Village,2024–2025,Public District,Other published instr materials not on Dept list,KG - 05,Implemented,ELA Core,N/A,N/A
045658,Wellington Exempted Village,2024–2025,Public District,Other published instr materials not on Dept list,KG - 04,Implemented,Reading Intervention,N/A,N/A
045658,Wellington Exempted Village,2024–2025,Public District,Other published instr materials not on Dept list,KG - 05,Implemented,Reading Intervention,N/A,N/A
045658,Wellington Exempted Village,2024–2025,Public District,UFLI Foundations: An Explicit and Systematic Phonics Program (Ventris Learning/ULFI),04 - 08,Implemented,Reading Intervention,Both ELA Core and Reading Intervention,KG - 02
050252,Weathersfield Local,2024–2025,Public District,High Scope Preschool Curriculum (HighScope),PS - PS,Implemented,Both ELA Core and Reading Intervention,PreK Core,PS - PS
050252,Weathersfield Local,2024–2025,Public District,Other published instr materials incl on Dept approved list,07 - 12,Implemented,Both ELA Core and Reading Intervention,N/A,N/A
050252,Weathersfield Local,2024–2025,Public District,Other published instr materials incl on Dept approved list,KG - 06,Implemented,Reading Intervention,N/A,N/A
050252,Weathersfield Local,2024–2025,Public District,Other published instr materials not on Dept list,03 - 03,Implemented,Both ELA Core and Reading Intervention,N/A,N/A
050252,Weathersfield Local,2024–2025,Public District,Wonders 2023 (McGraw Hill),KG - 06,Implemented,Both ELA Core and Reading Intervention,ELA Core,KG - 05
045971,Waynesfield-Goshen Local,2024–2025,Public District,"Creative Curriculum (Teaching Strategies, LLC)",PS - PS,Implemented,Both ELA Core and Reading Intervention,PreK Core,PS - PS
045971,Waynesfield-Goshen Local,2024–2025,Public District,Other published instr materials not on Dept list,06 - 12,Implemented,Reading Intervention,N/A,N/A
050583,Waynedale Local,2024–2025,Public District,Fundations (Wilson Language Training),PS - 03,Implemented,ELA Core,Both ELA Core and Reading Intervention,KG - 02
050583,Waynedale Local,2024–2025,Public District,Other published instr materials not on Dept list,PS - 03,Implemented,ELA Core,N/A,N/A
050583,Waynedale Local,2024–2025,Public District,Other published instr materials not on Dept list,02 - 12,Implemented,Reading Intervention,N/A,N/A
050583,Waynedale Local,2024–2025,Public District,Other published instr materials not on Dept list,04 - 12,Implemented,Reading Intervention,N/A,N/A
050583,Waynedale Local,2024–2025,Public District,UFLI Foundations: An Explicit and Systematic Phonics Program (Ventris Learning/ULFI),PS - 12,Implemented,Reading Intervention,Both ELA Core and Reading Intervention,KG - 02
049031,Wayne Trace Local,2024–2025,Public District,Blast Foundations (Really Great Reading),KG - 06,Implemented,Reading Intervention,Both ELA Core and Reading Intervention,01 - 01
049031,Wayne Trace Local,2024–2025,Public District,Countdown (Really Great Reading),KG - 06,Implemented,Reading Intervention,Both ELA Core and Reading Intervention,KG - KG
049031,Wayne Trace Local,2024–2025,Public District,"Creative Curriculum (Teaching Strategies, LLC)",PS - PS,Implemented,ELA Core,PreK Core,PS - PS
049031,Wayne Trace Local,2024–2025,Public District,HD Word (Really Great Reading),KG - 06,Implemented,Reading Intervention,Both ELA Core and Reading Intervention,02 - 02
049031,Wayne Trace Local,2024–2025,Public District,Other published instr materials incl on Dept approved list,07 - 12,Implemented,Reading Intervention,N/A,N/A
049031,Wayne Trace Local,2024–2025,Public District,Other published instr materials incl on Dept approved list,KG - 06,Implemented,Reading Intervention,N/A,N/A
049031,Wayne Trace Local,2024–2025,Public District,Wonders 2020 (McGraw Hill),KG - 06,Implemented,ELA Core,ELA Core,KG - 05
050468,Wayne Local,2024–2025,Public District,"Creative Curriculum (Teaching Strategies, LLC)",PS - PS,Implemented,ELA Core,PreK Core,PS - PS
050468,Wayne Local,2024–2025,Public District,Wonders 2023 (McGraw Hill),KG - 05,Implemented,ELA Core,ELA Core,KG - 05
051714,Wayne County Jvsd,2024–2025,Joint Vocational School District,Other published instr materials incl on Dept approved list,11 - 12,Implemented,Both ELA Core and Reading Intervention,N/A,N/A
049148,Waverly City,2024–2025,Public District,Amplify CKLA K-5 Core Comprehensive (Amplify),KG - 05,Implemented,Both ELA Core and Reading Intervention,ELA Core,KG - 05
045641,Wauseon Exempted Village,2024–2025,Public District,95 Phonics Core Program (95 Percent Group),03 - 05,Implemented,Reading Intervention,ELA Core,KG - 02
045641,Wauseon Exempted Village,2024–2025,Public District,HMH Into Reading 2020 (Houghton Mifflin Harcourt),KG - 05,Implemented,ELA Core,ELA Core,KG - 05
045641,Wauseon Exempted Village,2024–2025,Public District,Other published instr materials incl on Dept approved list,06 - 12,Implemented,Reading Intervention,N/A,N/A
045641,Wauseon Exempted Village,2024–2025,Public District,UFLI Foundations: An Explicit and Systematic Phonics Program (Ventris Learning/ULFI),KG - 02,Implemented,Reading Intervention,Both ELA Core and Reading Intervention,KG - 02
049247,Waterloo Local,2024–2025,Public District,Fundations (Wilson Language Training),KG - 02,Implemented,Both ELA Core and Reading Intervention,Both ELA Core and Reading Intervention,KG - 02
049247,Waterloo Local,2024–2025,Public District,Fundations (Wilson Language Training),03 - 06,Implemented,Reading Intervention,Both ELA Core and Reading Intervention,KG - 02
049247,Waterloo Local,2024–2025,Public District,HMH Into Reading 2020 (Houghton Mifflin Harcourt),07 - 12,Implemented,Both ELA Core and Reading Intervention,ELA Core,KG - 05
049247,Waterloo Local,2024–2025,Public District,HMH Into Reading 2020 (Houghton Mifflin Harcourt),03 - 06,Implemented,ELA Core,ELA Core,KG - 05
049247,Waterloo Local,2024–2025,Public District,Wit & Wisdom (Great Minds),KG - 02,Implemented,ELA Core,ELA Core,03 - 05
049650,Washington-Nile Local,2024–2025,Public District,"Creative Curriculum (Teaching Strategies, LLC)",PS - PS,Implemented,ELA Core,PreK Core,PS - PS
049650,Washington-Nile Local,2024–2025,Public District,Fundations (Wilson Language Training),KG - 03,Implemented,Reading Intervention,Both ELA Core and Reading Intervention,KG - 02
049650,Washington-Nile Local,2024–2025,Public District,Other published instr materials incl on Dept approved list,02 - 08,Implemented,Reading Intervention,N/A,N/A
049650,Washington-Nile Local,2024–2025,Public District,Other published instr materials incl on Dept approved list,04 - 08,Implemented,Reading Intervention,N/A,N/A
049650,Washington-Nile Local,2024–2025,Public District,Other published instr materials incl on Dept approved list,KG - 04,Implemented,Reading Intervention,N/A,N/A
049650,Washington-Nile Local,2024–2025,Public District,Other published instr materials incl on Dept approved list,KG - KG,Implemented,Reading Intervention,N/A,N/A
049650,Washington-Nile Local,2024–2025,Public District,Wonders 2023 (McGraw Hill),KG - 05,Implemented,ELA Core,ELA Core,KG - 05
133280,Washington Park Community School,2024–2025,Community School,Other published instr materials incl on Dept approved list,KG - 08,Implemented,Both ELA Core and Reading Intervention,N/A,N/A
133280,Washington Park Community School,2024–2025,Community School,Wonders 2023 (McGraw Hill),KG - 05,Implemented,Both ELA Core and Reading Intervention,ELA Core,KG - 05
048231,Washington Local,2024–2025,Public District,Amplify CKLA K-5 Core Comprehensive (Amplify),KG - 05,Implemented,ELA Core,ELA Core,KG - 05
048231,Washington Local,2024–2025,Public District,Other published instr materials incl on Dept approved list,KG - 05,Implemented,Both ELA Core and Reading Intervention,N/A,N/A
045013,Washington Court House City,2024–2025,Public District,95 Phonics Core Program (95 Percent Group),02 - 06,Implemented,Both ELA Core and Reading Intervention,ELA Core,KG - 02
045013,Washington Court House City,2024–2025,Public District,Amplify CKLA K-5 Core Comprehensive (Amplify),KG - 05,Implemented,Both ELA Core and Reading Intervention,ELA Core,KG - 05
045005,Warrensville Heights City,2024–2025,Public District,95 Phonics Core Program (95 Percent Group),KG - 05,Implemented,Reading Intervention,ELA Core,KG - 02
045005,Warrensville Heights City,2024–2025,Public District,Fundations (Wilson Language Training),KG - 02,Implemented,Reading Intervention,Both ELA Core and Reading Intervention,KG - 02
045005,Warrensville Heights City,2024–2025,Public District,Lexia Core 5 Reading (Lexia),06 - 09,Implemented,Reading Intervention,Both ELA Core and Reading Intervention,KG - 02
045005,Warrensville Heights City,2024–2025,Public District,Other published instr materials not on Dept list,KG - 05,Implemented,Reading Intervention,N/A,N/A
045005,Warrensville Heights City,2024–2025,Public District,Wit & Wisdom (Great Minds),KG - 05,Implemented,Both ELA Core and Reading Intervention,ELA Core,03 - 05
050500,Warren Local,2024–2025,Public District,95 Phonics Core Program (95 Percent Group),KG - 08,Implemented,Reading Intervention,ELA Core,KG - 02
050500,Warren Local,2024–2025,Public District,Other published instr materials not on Dept list,06 - 08,Implemented,Both ELA Core and Reading Intervention,N/A,N/A
050500,Warren Local,2024–2025,Public District,Other published instr materials not on Dept list,09 - 12,Implemented,Both ELA Core and Reading Intervention,N/A,N/A
050500,Warren Local,2024–2025,Public District,OUR Bookworms K-5 Reading & Writing (Open Up Resources),KG - 05,Implemented,ELA Core,ELA Core,KG - 05
051474,Warren County Vocational School,2024–2025,Joint Vocational School District,95 Phonics Core Program (95 Percent Group),PS - PS,Implemented,Both ELA Core and Reading Intervention,ELA Core,KG - 02
050401,Warren County Esc,2024–2025,Educational Service Center,Wit & Wisdom (Great Minds),PS - PS,Implemented,ELA Core,ELA Core,03 - 05
044990,Warren City,2024–2025,Public District,Blast Foundations (Really Great Reading),01 - 05,Implemented,Reading Intervention,Both ELA Core and Reading Intervention,01 - 01
044990,Warren City,2024–2025,Public District,Countdown (Really Great Reading),KG - 01,Implemented,Reading Intervention,Both ELA Core and Reading Intervention,KG - KG
044990,Warren City,2024–2025,Public District,"Creative Curriculum (Teaching Strategies, LLC)",PS - PS,Implemented,Both ELA Core and Reading Intervention,PreK Core,PS - PS
044990,Warren City,2024–2025,Public District,"From Phonics to Reading (William H. Sadlier, Inc)",KG - 03,Implemented,Both ELA Core and Reading Intervention,ELA Core,KG - 02
044990,Warren City,2024–2025,Public District,HD Word (Really Great Reading),02 - 05,Implemented,Reading Intervention,Both ELA Core and Reading Intervention,02 - 02
044990,Warren City,2024–2025,Public District,Other published instr materials incl on Dept approved list,02 - 08,Implemented,Reading Intervention,N/A,N/A
044990,Warren City,2024–2025,Public District,Other published instr materials not on Dept list,PS - 02,Implemented,Both ELA Core and Reading Intervention,N/A,N/A
044990,Warren City,2024–2025,Public District,Other published instr materials not on Dept list,02 - 03,Implemented,Reading Intervention,N/A,N/A
044990,Warren City,2024–2025,Public District,Other published instr materials not on Dept list,06 - 06,Implemented,Reading Intervention,N/A,N/A
044990,Warren City,2024–2025,Public District,Other published instr materials not on Dept list,07 - 09,Implemented,Reading Intervention,N/A,N/A
044990,Warren City,2024–2025,Public District,Other published instr materials not on Dept list,08 - 10,Implemented,Reading Intervention,N/A,N/A
044990,Warren City,2024–2025,Public District,Wonders 2023 (McGraw Hill),KG - 05,Implemented,ELA Core,ELA Core,KG - 05
044982,Wapakoneta City,2024–2025,Public District,95 Phonics Core Program (95 Percent Group),KG - 08,Implemented,Reading Intervention,ELA Core,KG - 02
044982,Wapakoneta City,2024–2025,Public District,"MyView Literacy (Savvas Learning Company, formerly Pearson)",08 - 12,Implemented,ELA Core,ELA Core,KG - 05
044982,Wapakoneta City,2024–2025,Public District,Other published instr materials incl on Dept approved list,KG - 03,Implemented,Both ELA Core and Reading Intervention,N/A,N/A
044982,Wapakoneta City,2024–2025,Public District,Other published instr materials not on Dept list,KG - 09,Implemented,Reading Intervention,N/A,N/A
046904,Walnut Township Local,2024–2025,Public District,Fundations (Wilson Language Training),KG - 03,Implemented,Reading Intervention,Both ELA Core and Reading Intervention,KG - 02
046904,Walnut Township Local,2024–2025,Public District,Other published instr materials incl on Dept approved list,04 - 05,Implemented,Both ELA Core and Reading Intervention,N/A,N/A
046904,Walnut Township Local,2024–2025,Public District,Other published instr materials incl on Dept approved list,06 - 08,Implemented,ELA Core,N/A,N/A
046904,Walnut Township Local,2024–2025,Public District,Other published instr materials incl on Dept approved list,KG - 05,Implemented,ELA Core,N/A,N/A
046904,Walnut Township Local,2024–2025,Public District,Other published instr materials incl on Dept approved list,06 - 12,Implemented,Reading Intervention,N/A,N/A
046904,Walnut Township Local,2024–2025,Public District,Other published instr materials incl on Dept approved list,KG - 03,Implemented,Reading Intervention,N/A,N/A
044974,Wadsworth City,2024–2025,Public District,HMH Into Reading 2020 (Houghton Mifflin Harcourt),KG - 05,Implemented,ELA Core,ELA Core,KG - 05
044974,Wadsworth City,2024–2025,Public District,Other published instr materials incl on Dept approved list,KG - 05,Implemented,Reading Intervention,N/A,N/A
050393,Vinton County Local,2024–2025,Public District,HMH Into Reading 2020 (Houghton Mifflin Harcourt),KG - 05,Implemented,ELA Core,ELA Core,KG - 05
013034,Village Preparatory School Woodland Hills,2024–2025,Community School,Fundations (Wilson Language Training),KG - 02,Implemented,ELA Core,Both ELA Core and Reading Intervention,KG - 02
013034,Village Preparatory School Woodland Hills,2024–2025,Community School,Wit & Wisdom (Great Minds),KG - 08,Implemented,ELA Core,ELA Core,03 - 05
015722,Village Preparatory School Willard,2024–2025,Community School,Fundations (Wilson Language Training),KG - 02,Implemented,ELA Core,Both ELA Core and Reading Intervention,KG - 02
015722,Village Preparatory School Willard,2024–2025,Community School,Wit & Wisdom (Great Minds),KG - 08,Implemented,ELA Core,ELA Core,03 - 05
011291,Village Preparatory School Cliffs,2024–2025,Community School,Fundations (Wilson Language Training),KG - 02,Implemented,ELA Core,Both ELA Core and Reading Intervention,KG - 02
011291,Village Preparatory School Cliffs,2024–2025,Community School,Wit & Wisdom (Great Minds),KG - 08,Implemented,ELA Core,ELA Core,03 - 05
045633,Versailles Exempted Village,2024–2025,Public District,95 Phonics Core Program (95 Percent Group),KG - 02,Implemented,Both ELA Core and Reading Intervention,ELA Core,KG - 02
045633,Versailles Exempted Village,2024–2025,Public District,Benchmark Phonics (Benchmark Education),03 - 05,Implemented,Both ELA Core and Reading Intervention,ELA Core,KG - 02
045633,Versailles Exempted Village,2024–2025,Public District,Locally created instruction,09 - 12,Implemented,Reading Intervention,N/A,N/A
045633,Versailles Exempted Village,2024–2025,Public District,Other published instr materials incl on Dept approved list,06 - 08,Implemented,Reading Intervention,N/A,N/A
051672,Vantage Career Center,2024–2025,Joint Vocational School District,95 Phonics Core Program (95 Percent Group),PS - PS,Implemented,Both ELA Core and Reading Intervention,ELA Core,KG - 02
047472,Vanlue Local,2024–2025,Public District,Wonders 2023 (McGraw Hill),KG - 05,Implemented,Both ELA Core and Reading Intervention,ELA Core,KG - 05
044958,Vandalia-Butler City,2024–2025,Public District,Blast Foundations (Really Great Reading),01 - 02,Implemented,Reading Intervention,Both ELA Core and Reading Intervention,01 - 01
044958,Vandalia-Butler City,2024–2025,Public District,Countdown (Really Great Reading),KG - KG,Implemented,Reading Intervention,Both ELA Core and Reading Intervention,KG - KG
044958,Vandalia-Butler City,2024–2025,Public District,HD Word (Really Great Reading),02 - 03,Implemented,Reading Intervention,Both ELA Core and Reading Intervention,02 - 02
044958,Vandalia-Butler City,2024–2025,Public District,"MyView Literacy (Savvas Learning Company, formerly Pearson)",KG - 05,Implemented,Both ELA Core and Reading Intervention,ELA Core,KG - 05
044958,Vandalia-Butler City,2024–2025,Public District,Other published instr materials not on Dept list,06 - 12,Implemented,Both ELA Core and Reading Intervention,N/A,N/A
044966,Van Wert City,2024–2025,Public District,"Creative Curriculum (Teaching Strategies, LLC)",PS - PS,Implemented,Both ELA Core and Reading Intervention,PreK Core,PS - PS
044966,Van Wert City,2024–2025,Public District,Other published instr materials incl on Dept approved list,06 - 12,Implemented,Reading Intervention,N/A,N/A
044966,Van Wert City,2024–2025,Public District,Other published instr materials incl on Dept approved list,KG - 01,Implemented,Reading Intervention,N/A,N/A
044966,Van Wert City,2024–2025,Public District,UFLI Foundations: An Explicit and Systematic Phonics Program (Ventris Learning/ULFI),02 - 05,Implemented,Reading Intervention,Both ELA Core and Reading Intervention,KG - 02
044966,Van Wert City,2024–2025,Public District,UFLI Foundations: An Explicit and Systematic Phonics Program (Ventris Learning/ULFI),KG - 01,Implemented,Reading Intervention,Both ELA Core and Reading Intervention,KG - 02
047464,Van Buren Local,2024–2025,Public District,95 Phonics Core Program (95 Percent Group),KG - 03,Implemented,Reading Intervention,ELA Core,KG - 02
047464,Van Buren Local,2024–2025,Public District,Other published instr materials incl on Dept approved list,02 - 02,Implemented,Both ELA Core and Reading Intervention,N/A,N/A
047464,Van Buren Local,2024–2025,Public District,Other published instr materials incl on Dept approved list,KG - 08,Implemented,Reading Intervention,N/A,N/A
047464,Van Buren Local,2024–2025,Public District,Other published instr materials not on Dept list,KG - 12,Implemented,Reading Intervention,N/A,N/A
047464,Van Buren Local,2024–2025,Public District,Wonders 2020 (McGraw Hill),KG - 05,Implemented,Both ELA Core and Reading Intervention,ELA Core,KG - 05
048744,Valley View Local,2024–2025,Public District,Amplify CKLA K-5 Core Comprehensive (Amplify),KG - 03,Implemented,ELA Core,ELA Core,KG - 05
048744,Valley View Local,2024–2025,Public District,HMH Into Reading 2020 (Houghton Mifflin Harcourt),04 - 05,Implemented,Both ELA Core and Reading Intervention,ELA Core,KG - 05
048744,Valley View Local,2024–2025,Public District,Other published instr materials incl on Dept approved list,KG - 12,Implemented,Reading Intervention,N/A,N/A
048744,Valley View Local,2024–2025,Public District,UFLI Foundations: An Explicit and Systematic Phonics Program (Ventris Learning/ULFI),KG - 03,Implemented,Reading Intervention,Both ELA Core and Reading Intervention,KG - 02
014943,Valley Stem+Me2 Academy,2024–2025,STEM,Other published instr materials incl on Dept approved list,09 - 10,Implemented,Reading Intervention,N/A,N/A
049643,Valley Local,2024–2025,Public District,HMH Into Reading 2020 (Houghton Mifflin Harcourt),KG - 08,Implemented,Both ELA Core and Reading Intervention,ELA Core,KG - 05
014830,Utica Shale Academy Of Ohio,2024–2025,Community School,Other published instr materials incl on Dept approved list,07 - 12,Implemented,Reading Intervention,N/A,N/A
044941,Urbana City,2024–2025,Public District,95 Phonics Core Program (95 Percent Group),KG - 03,Implemented,ELA Core,ELA Core,KG - 02
044941,Urbana City,2024–2025,Public District,Amplify CKLA K-2 Skills (Amplify),04 - 05,Implemented,ELA Core,ELA Core,KG - 02
044941,Urbana City,2024–2025,Public District,Amplify CKLA K-5 Core Comprehensive (Amplify),KG - 05,Implemented,ELA Core,ELA Core,KG - 05
044941,Urbana City,2024–2025,Public District,Other published instr materials incl on Dept approved list,06 - 08,Implemented,Reading Intervention,N/A,N/A
044941,Urbana City,2024–2025,Public District,Other published instr materials incl on Dept approved list,09 - 12,Implemented,Reading Intervention,N/A,N/A
044941,Urbana City,2024–2025,Public District,Other published instr materials incl on Dept approved list,KG - 05,Implemented,Reading Intervention,N/A,N/A
062125,Upper Valley Career Center,2024–2025,Joint Vocational School District,Other published instr materials incl on Dept approved list,11 - 12,Implemented,Reading Intervention,N/A,N/A
047522,Upper Scioto Valley Local,2024–2025,Public District,Open Court Reading 2016/2018 (McGraw Hill),KG - 05,Implemented,ELA Core,ELA Core,KG - 05
047522,Upper Scioto Valley Local,2024–2025,Public District,Other published instr materials incl on Dept approved list,06 - 08,Implemented,Both ELA Core and Reading Intervention,N/A,N/A
047522,Upper Scioto Valley Local,2024–2025,Public District,Other published instr materials incl on Dept approved list,09 - 12,Implemented,Both ELA Core and Reading Intervention,N/A,N/A
047522,Upper Scioto Valley Local,2024–2025,Public District,UFLI Foundations: An Explicit and Systematic Phonics Program (Ventris Learning/ULFI),KG - 05,Implemented,Reading Intervention,Both ELA Core and Reading Intervention,KG - 02
045625,Upper Sandusky Exempted Village,2024–2025,Public District,Other published instr materials incl on Dept approved list,06 - 08,Implemented,Both ELA Core and Reading Intervention,N/A,N/A
045625,Upper Sandusky Exempted Village,2024–2025,Public District,Other published instr materials incl on Dept approved list,09 - 12,Implemented,Both ELA Core and Reading Intervention,N/A,N/A
045625,Upper Sandusky Exempted Village,2024–2025,Public District,Wonders 2020 (McGraw Hill),KG - 05,Implemented,Both ELA Core and Reading Intervention,ELA Core,KG - 05
044933,Upper Arlington City,2024–2025,Public District,95 Phonics Core Program (95 Percent Group),KG - 03,Implemented,ELA Core,ELA Core,KG - 02
044933,Upper Arlington City,2024–2025,Public District,High Scope Preschool Curriculum (HighScope),PS - PS,Implemented,ELA Core,PreK Core,PS - PS
044933,Upper Arlington City,2024–2025,Public District,Lexia Core 5 Reading (Lexia),KG - 01,Implemented,ELA Core,Both ELA Core and Reading Intervention,KG - 02
044933,Upper Arlington City,2024–2025,Public District,Lexia Core 5 Reading (Lexia),02 - 08,Implemented,Reading Intervention,Both ELA Core and Reading Intervention,KG - 02
044933,Upper Arlington City,2024–2025,Public District,Other published instr materials incl on Dept approved list,06 - 08,Implemented,Reading Intervention,N/A,N/A
044933,Upper Arlington City,2024–2025,Public District,Other published instr materials incl on Dept approved list,KG - 12,Implemented,Reading Intervention,N/A,N/A
044933,Upper Arlington City,2024–2025,Public District,UFLI Foundations: An Explicit and Systematic Phonics Program (Ventris Learning/ULFI),KG - 03,Implemented,Reading Intervention,Both ELA Core and Reading Intervention,KG - 02
012541,University Of Cleveland Preparatory School,2024–2025,Community School,HMH Into Reading 2020 (Houghton Mifflin Harcourt),KG - 05,Implemented,ELA Core,ELA Core,KG - 05
012541,University Of Cleveland Preparatory School,2024–2025,Community School,Other published instr materials incl on Dept approved list,KG - 08,Implemented,Reading Intervention,N/A,N/A
020046,Unity Academy,2024–2025,Community School,Other published instr materials incl on Dept approved list,09 - 11,Implemented,Both ELA Core and Reading Intervention,N/A,N/A
014467,United Schools Columbus,2024–2025,Community School,Amplify CKLA K-5 Core Comprehensive (Amplify),KG - 05,Implemented,Both ELA Core and Reading Intervention,ELA Core,KG - 05
046458,United Local,2024–2025,Public District,Wonders 2023 (McGraw Hill),KG - 05,Implemented,Both ELA Core and Reading Intervention,ELA Core,KG - 05
049536,Union-Scioto Local,2024–2025,Public District,"Creative Curriculum (Teaching Strategies, LLC)",PS - PS,Implemented,ELA Core,PreK Core,PS - PS
049536,Union-Scioto Local,2024–2025,Public District,Fundations (Wilson Language Training),KG - 03,Implemented,Reading Intervention,Both ELA Core and Reading Intervention,KG - 02
049536,Union-Scioto Local,2024–2025,Public District,Other published instr materials incl on Dept approved list,06 - 12,Implemented,Reading Intervention,N/A,N/A
049536,Union-Scioto Local,2024–2025,Public District,Other published instr materials incl on Dept approved list,KG - 02,Implemented,Reading Intervention,N/A,N/A
049536,Union-Scioto Local,2024–2025,Public District,Other published instr materials incl on Dept approved list,KG - 05,Implemented,Reading Intervention,N/A,N/A
049536,Union-Scioto Local,2024–2025,Public District,Other published instr materials not on Dept list,04 - 05,Implemented,ELA Core,N/A,N/A
049536,Union-Scioto Local,2024–2025,Public District,Other published instr materials not on Dept list,KG - 03,Implemented,ELA Core,N/A,N/A
046011,Union Local,2024–2025,Public District,Curiosity Corner (Success for All Foundation),PS - PS,Implemented,ELA Core,PreK Core,PS - PS
046011,Union Local,2024–2025,Public District,Other published instr materials incl on Dept approved list,KG - 05,Implemented,ELA Core,N/A,N/A
046011,Union Local,2024–2025,Public District,Other published instr materials incl on Dept approved list,02 - 05,Implemented,Reading Intervention,N/A,N/A
046011,Union Local,2024–2025,Public District,UFLI Foundations: An Explicit and Systematic Phonics Program (Ventris Learning/ULFI),KG - 02,Implemented,Reading Intervention,Both ELA Core and Reading Intervention,KG - 02
062802,U S Grant,2024–2025,Joint Vocational School District,Locally created instruction,09 - 12,Implemented,ELA Core,N/A,N/A
062802,U S Grant,2024–2025,Joint Vocational School District,Other published instr materials incl on Dept approved list,09 - 12,Implemented,Reading Intervention,N/A,N/A
050070,Twinsburg City,2024–2025,Public District,Benchmark Advance or Literacy (Benchmark Education),KG - 06,Implemented,Both ELA Core and Reading Intervention,ELA Core,KG - 05
050070,Twinsburg City,2024–2025,Public District,Fundations (Wilson Language Training),PS - 03,Implemented,Both ELA Core and Reading Intervention,Both ELA Core and Reading Intervention,KG - 02
050070,Twinsburg City,2024–2025,Public District,UFLI Foundations: An Explicit and Systematic Phonics Program (Ventris Learning/ULFI),KG - KG,Implemented,Both ELA Core and Reading Intervention,Both ELA Core and Reading Intervention,KG - 02
050070,Twinsburg City,2024–2025,Public District,UFLI Foundations: An Explicit and Systematic Phonics Program (Ventris Learning/ULFI),01 - 06,Implemented,Reading Intervention,Both ELA Core and Reading Intervention,KG - 02
049296,Twin Valley Community Local,2024–2025,Public District,Fundations (Wilson Language Training),KG - 03,Implemented,ELA Core,Both ELA Core and Reading Intervention,KG - 02
049296,Twin Valley Community Local,2024–2025,Public District,HD Word (Really Great Reading),05 - 06,Implemented,Reading Intervention,Both ELA Core and Reading Intervention,02 - 02
049296,Twin Valley Community Local,2024–2025,Public District,HMH Into Reading 2020 (Houghton Mifflin Harcourt),04 - 06,Implemented,ELA Core,ELA Core,KG - 05
049296,Twin Valley Community Local,2024–2025,Public District,Other published instr materials incl on Dept approved list,KG - 02,Implemented,Reading Intervention,N/A,N/A
049296,Twin Valley Community Local,2024–2025,Public District,Other published instr materials not on Dept list,PS - 02,Implemented,Both ELA Core and Reading Intervention,N/A,N/A
049296,Twin Valley Community Local,2024–2025,Public District,UFLI Foundations: An Explicit and Systematic Phonics Program (Ventris Learning/ULFI),KG - 08,Implemented,Reading Intervention,Both ELA Core and Reading Intervention,KG - 02
049296,Twin Valley Community Local,2024–2025,Public District,Wit & Wisdom (Great Minds),KG - 03,Implemented,ELA Core,ELA Core,03 - 05
049957,Tuslaw Local,2024–2025,Public District,Fishtank Plus ELA 2021 (Fishtank Learning),KG - 05,Implemented,ELA Core,ELA Core,03 - 05
049957,Tuslaw Local,2024–2025,Public District,Fundations (Wilson Language Training),KG - 02,Implemented,ELA Core,Both ELA Core and Reading Intervention,KG - 02
049957,Tuslaw Local,2024–2025,Public District,Open Court Reading 2016/2018 (McGraw Hill),06 - 12,Implemented,ELA Core,ELA Core,KG - 05
049957,Tuslaw Local,2024–2025,Public District,Other published instr materials incl on Dept approved list,03 - 12,Implemented,Reading Intervention,N/A,N/A
050302,Tuscarawas Valley Local,2024–2025,Public District,Fundations (Wilson Language Training),KG - 03,Implemented,Both ELA Core and Reading Intervention,Both ELA Core and Reading Intervention,KG - 02
050302,Tuscarawas Valley Local,2024–2025,Public District,Other published instr materials incl on Dept approved list,02 - 11,Implemented,Both ELA Core and Reading Intervention,N/A,N/A
050302,Tuscarawas Valley Local,2024–2025,Public District,Other published instr materials incl on Dept approved list,KG - 02,Implemented,Both ELA Core and Reading Intervention,N/A,N/A
050302,Tuscarawas Valley Local,2024–2025,Public District,UFLI Foundations: An Explicit and Systematic Phonics Program (Ventris Learning/ULFI),KG - 06,Implemented,Both ELA Core and Reading Intervention,Both ELA Core and Reading Intervention,KG - 02
051631,Trumbull Career & Tech Ctr,2024–2025,Joint Vocational School District,Other published instr materials not on Dept list,08 - 12,Implemented,Both ELA Core and Reading Intervention,N/A,N/A
044925,Troy City,2024–2025,Public District,Magnetic Reading Foundations (Curriculum Associates),03 - 05,Implemented,ELA Core,Both ELA Core and Reading Intervention,KG - 02
044925,Troy City,2024–2025,Public District,Magnetic Reading Foundations (Curriculum Associates),KG - 02,Implemented,ELA Core,Both ELA Core and Reading Intervention,KG - 02
143206,Trotwood Preparatory & Fitness Academy,2024–2025,Community School,HMH Into Reading 2020 (Houghton Mifflin Harcourt),KG - 05,Implemented,ELA Core,ELA Core,KG - 05
050591,Triway Local,2024–2025,Public District,Fundations (Wilson Language Training),06 - 12,Implemented,Reading Intervention,Both ELA Core and Reading Intervention,KG - 02
050591,Triway Local,2024–2025,Public District,Fundations (Wilson Language Training),KG - 03,Implemented,Reading Intervention,Both ELA Core and Reading Intervention,KG - 02
046680,Tri-Village Local,2024–2025,Public District,Frog Street Threes and/or Frog Street PreK (FrogStreet),PS - PS,Implemented,ELA Core,PreK Core,PS - PS
046680,Tri-Village Local,2024–2025,Public District,Other published instr materials incl on Dept approved list,PS - 06,Implemented,Reading Intervention,N/A,N/A
048876,Tri-Valley Local,2024–2025,Public District,Wonders 2023 (McGraw Hill),KG - 05,Implemented,ELA Core,ELA Core,KG - 05
048876,Tri-Valley Local,2024–2025,Public District,World of Wonders (McGraw Hill),PS - PS,Implemented,ELA Core,PreK Core,PS - PS
015344,Tri-State Stem+M School,2024–2025,STEM,Other published instr materials not on Dept list,09 - 12,Implemented,Both ELA Core and Reading Intervention,N/A,N/A
045922,Trimble Local,2024–2025,Public District,Lexia Core 5 Reading (Lexia),PS - 03,Implemented,Reading Intervention,Both ELA Core and Reading Intervention,KG - 02
045922,Trimble Local,2024–2025,Public District,Other published instr materials incl on Dept approved list,KG - 03,Implemented,Both ELA Core and Reading Intervention,N/A,N/A
045922,Trimble Local,2024–2025,Public District,Other published instr materials not on Dept list,02 - 03,Implemented,Reading Intervention,N/A,N/A
045922,Trimble Local,2024–2025,Public District,Other published instr materials not on Dept list,06 - 08,Implemented,Reading Intervention,N/A,N/A
045922,Trimble Local,2024–2025,Public District,Other published instr materials not on Dept list,KG - 02,Implemented,Reading Intervention,N/A,N/A
045922,Trimble Local,2024–2025,Public District,Other published instr materials not on Dept list,KG - KG,Implemented,Reading Intervention,N/A,N/A
045922,Trimble Local,2024–2025,Public District,PreK On My Way (Scholastic),PS - PS,Implemented,Both ELA Core and Reading Intervention,PreK Core,PS - PS
045922,Trimble Local,2024–2025,Public District,Wonders 2020 (McGraw Hill),KG - 05,Implemented,Both ELA Core and Reading Intervention,ELA Core,KG - 05
091397,Tri-County North Local,2024–2025,Public District,Fundations (Wilson Language Training),PS - 04,Implemented,Reading Intervention,Both ELA Core and Reading Intervention,KG - 02
091397,Tri-County North Local,2024–2025,Public District,Other published instr materials incl on Dept approved list,09 - 12,Implemented,ELA Core,N/A,N/A
046201,Triad Local,2024–2025,Public District,Amplify CKLA K-5 Core Comprehensive (Amplify),KG - 05,Implemented,ELA Core,ELA Core,KG - 05
046201,Triad Local,2024–2025,Public District,"MyView Literacy (Savvas Learning Company, formerly Pearson)",06 - 12,Implemented,ELA Core,ELA Core,KG - 05
046201,Triad Local,2024–2025,Public District,Other published instr materials incl on Dept approved list,02 - 04,Implemented,Reading Intervention,N/A,N/A
046201,Triad Local,2024–2025,Public District,Other published instr materials incl on Dept approved list,09 - 12,Implemented,Reading Intervention,N/A,N/A
046201,Triad Local,2024–2025,Public District,Other published instr materials incl on Dept approved list,KG - 01,Implemented,Reading Intervention,N/A,N/A
046201,Triad Local,2024–2025,Public District,Other published instr materials incl on Dept approved list,KG - 08,Implemented,Reading Intervention,N/A,N/A
143305,Treca Digital Academy,2024–2025,Community School,Countdown (Really Great Reading),KG - KG,Implemented,Reading Intervention,Both ELA Core and Reading Intervention,KG - KG
143305,Treca Digital Academy,2024–2025,Community School,Foundations A-Z (Learning A-Z),KG - 03,Implemented,Both ELA Core and Reading Intervention,ELA Core,KG - 02
143305,Treca Digital Academy,2024–2025,Community School,HMH Into Reading 2020 (Houghton Mifflin Harcourt),KG - 05,Implemented,ELA Core,ELA Core,KG - 05
143305,Treca Digital Academy,2024–2025,Community School,Lexia Core 5 Reading (Lexia),KG - 05,Implemented,Reading Intervention,Both ELA Core and Reading Intervention,KG - 02
143305,Treca Digital Academy,2024–2025,Community School,UFLI Foundations: An Explicit and Systematic Phonics Program (Ventris Learning/ULFI),01 - 03,Implemented,Reading Intervention,Both ELA Core and Reading Intervention,KG - 02
133868,Towpath Trail High School,2024–2025,Community School,Other published instr materials incl on Dept approved list,09 - 12,Implemented,Reading Intervention,N/A,N/A
044917,Toronto City,2024–2025,Public District,Frog Street Threes and/or Frog Street PreK (FrogStreet),PS - PS,Implemented,ELA Core,PreK Core,PS - PS
044917,Toronto City,2024–2025,Public District,Fundations (Wilson Language Training),KG - 05,Implemented,Both ELA Core and Reading Intervention,Both ELA Core and Reading Intervention,KG - 02
044917,Toronto City,2024–2025,Public District,Fundations (Wilson Language Training),PS - PS,Implemented,Both ELA Core and Reading Intervention,Both ELA Core and Reading Intervention,KG - 02
044917,Toronto City,2024–2025,Public District,"MyView Literacy (Savvas Learning Company, formerly Pearson)",KG - 05,Implemented,ELA Core,ELA Core,KG - 05
044917,Toronto City,2024–2025,Public District,Other published instr materials incl on Dept approved list,06 - 12,Implemented,Reading Intervention,N/A,N/A
044917,Toronto City,2024–2025,Public District,Other published instr materials incl on Dept approved list,KG - 05,Implemented,Reading Intervention,N/A,N/A
044917,Toronto City,2024–2025,Public District,Other published instr materials not on Dept list,KG - 05,Implemented,ELA Core,N/A,N/A
044917,Toronto City,2024–2025,Public District,Other published instr materials not on Dept list,PS - PS,Implemented,ELA Core,N/A,N/A
133942,Toledo School For The Arts,2024–2025,Community School,Other published instr materials incl on Dept approved list,06 - 12,Implemented,Reading Intervention,N/A,N/A
000951,Toledo Preparatory And Fitness Academy,2024–2025,Community School,HMH Into Reading 2020 (Houghton Mifflin Harcourt),KG - 05,Implemented,ELA Core,ELA Core,KG - 05
044909,Toledo City,2024–2025,Public District,Amplify CKLA K-5 Core Comprehensive (Amplify),01 - 12,Implemented,Both ELA Core and Reading Intervention,ELA Core,KG - 05
044909,Toledo City,2024–2025,Public District,Amplify CKLA K-5 Core Comprehensive (Amplify),KG - KG,Implemented,Both ELA Core and Reading Intervention,ELA Core,KG - 05
044909,Toledo City,2024–2025,Public District,"Creative Curriculum (Teaching Strategies, LLC)",PS - PS,Implemented,Both ELA Core and Reading Intervention,PreK Core,PS - PS
044909,Toledo City,2024–2025,Public District,"MyView Literacy (Savvas Learning Company, formerly Pearson)",01 - 12,Implemented,Both ELA Core and Reading Intervention,ELA Core,KG - 05
045617,Tipp City Exempted Village,2024–2025,Public District,Other published instr materials not on Dept list,KG - 03,Implemented,Both ELA Core and Reading Intervention,N/A,N/A
045617,Tipp City Exempted Village,2024–2025,Public District,Other published instr materials not on Dept list,02 - 03,Implemented,ELA Core,N/A,N/A
045617,Tipp City Exempted Village,2024–2025,Public District,Other published instr materials not on Dept list,04 - 05,Implemented,ELA Core,N/A,N/A
045617,Tipp City Exempted Village,2024–2025,Public District,Other published instr materials not on Dept list,KG - 01,Implemented,Reading Intervention,N/A,N/A
045617,Tipp City Exempted Village,2024–2025,Public District,Other published instr materials not on Dept list,KG - 03,Implemented,Reading Intervention,N/A,N/A
045617,Tipp City Exempted Village,2024–2025,Public District,Other published instr materials not on Dept list,KG - 05,Implemented,Reading Intervention,N/A,N/A
045617,Tipp City Exempted Village,2024–2025,Public District,Other published instr materials not on Dept list,KG - 12,Implemented,Reading Intervention,N/A,N/A
044891,Tiffin City Schools,2024–2025,Public District,Other published instr materials incl on Dept approved list,04 - 05,Implemented,Both ELA Core and Reading Intervention,N/A,N/A
044891,Tiffin City Schools,2024–2025,Public District,Other published instr materials incl on Dept approved list,KG - 01,Implemented,Both ELA Core and Reading Intervention,N/A,N/A
044891,Tiffin City Schools,2024–2025,Public District,UFLI Foundations: An Explicit and Systematic Phonics Program (Ventris Learning/ULFI),02 - 03,Implemented,Both ELA Core and Reading Intervention,Both ELA Core and Reading Intervention,KG - 02
047399,Three Rivers Local,2024–2025,Public District,Amplify CKLA K-2 Skills (Amplify),KG - 02,Implemented,Both ELA Core and Reading Intervention,ELA Core,KG - 02
047399,Three Rivers Local,2024–2025,Public District,Amplify CKLA K-5 Core Comprehensive (Amplify),KG - 04,Implemented,Both ELA Core and Reading Intervention,ELA Core,KG - 05
047399,Three Rivers Local,2024–2025,Public District,Other published instr materials incl on Dept approved list,07 - 08,Implemented,Both ELA Core and Reading Intervention,N/A,N/A
047399,Three Rivers Local,2024–2025,Public District,Other published instr materials incl on Dept approved list,07 - 08,Implemented,Reading Intervention,N/A,N/A
047399,Three Rivers Local,2024–2025,Public District,Other published instr materials incl on Dept approved list,09 - 12,Implemented,Reading Intervention,N/A,N/A
047399,Three Rivers Local,2024–2025,Public District,Other published instr materials incl on Dept approved list,KG - 06,Implemented,Reading Intervention,N/A,N/A
047399,Three Rivers Local,2024–2025,Public District,Wonders 2020 (McGraw Hill),05 - 05,Implemented,ELA Core,ELA Core,KG - 05
011967,The Richland School Of Academic Arts,2024–2025,Community School,Amplify CKLA K-5 Core Comprehensive (Amplify),KG - 05,Implemented,ELA Core,ELA Core,KG - 05
011967,The Richland School Of Academic Arts,2024–2025,Community School,Other published instr materials incl on Dept approved list,KG - 08,Implemented,Reading Intervention,N/A,N/A
011967,The Richland School Of Academic Arts,2024–2025,Community School,UFLI Foundations: An Explicit and Systematic Phonics Program (Ventris Learning/ULFI),KG - 02,Implemented,Both ELA Core and Reading Intervention,Both ELA Core and Reading Intervention,KG - 02
012528,The Academy For Urban Scholars,2024–2025,Community School,Fundations (Wilson Language Training),09 - 12,Implemented,Both ELA Core and Reading Intervention,Both ELA Core and Reading Intervention,KG - 02
012528,The Academy For Urban Scholars,2024–2025,Community School,Other published instr materials incl on Dept approved list,09 - 12,Implemented,Both ELA Core and Reading Intervention,N/A,N/A
046243,Tecumseh Local,2024–2025,Public District,Fundations (Wilson Language Training),KG - 02,Implemented,ELA Core,Both ELA Core and Reading Intervention,KG - 02
046243,Tecumseh Local,2024–2025,Public District,Fundations (Wilson Language Training),KG - 05,Implemented,Reading Intervention,Both ELA Core and Reading Intervention,KG - 02
046243,Tecumseh Local,2024–2025,Public District,Lexia Core 5 Reading (Lexia),KG - 01,Implemented,Reading Intervention,Both ELA Core and Reading Intervention,KG - 02
046243,Tecumseh Local,2024–2025,Public District,Wonders 2023 (McGraw Hill),KG - 05,Implemented,ELA Core,ELA Core,KG - 05
049098,Teays Valley Local,2024–2025,Public District,"Creative Curriculum (Teaching Strategies, LLC)",PS - PS,Implemented,ELA Core,PreK Core,PS - PS
049098,Teays Valley Local,2024–2025,Public District,Fundations (Wilson Language Training),PS - 03,Implemented,ELA Core,Both ELA Core and Reading Intervention,KG - 02
049098,Teays Valley Local,2024–2025,Public District,Other published instr materials incl on Dept approved list,KG - 12,Implemented,Reading Intervention,N/A,N/A
044883,Tallmadge City,2024–2025,Public District,Wit & Wisdom (Great Minds),KG - 05,Implemented,Both ELA Core and Reading Intervention,ELA Core,03 - 05
046151,Talawanda City,2024–2025,Public District,Lexia Core 5 Reading (Lexia),06 - 08,Implemented,Reading Intervention,Both ELA Core and Reading Intervention,KG - 02
046151,Talawanda City,2024–2025,Public District,Other published instr materials incl on Dept approved list,KG - 05,Implemented,Both ELA Core and Reading Intervention,N/A,N/A
046151,Talawanda City,2024–2025,Public District,Other published instr materials incl on Dept approved list,09 - 12,Implemented,ELA Core,N/A,N/A
046151,Talawanda City,2024–2025,Public District,OUR Bookworms K-5 Reading & Writing (Open Up Resources),KG - 05,Implemented,ELA Core,ELA Core,KG - 05
014904,T2 Honors Academy,2024–2025,Community School,Other published instr materials incl on Dept approved list,07 - 12,Implemented,Both ELA Core and Reading Intervention,N/A,N/A
133330,T.C.P. World Academy,2024–2025,Community School,Other published instr materials incl on Dept approved list,KG - 05,Implemented,Reading Intervention,N/A,N/A
133330,T.C.P. World Academy,2024–2025,Community School,Other published instr materials incl on Dept approved list,KG - 07,Implemented,Reading Intervention,N/A,N/A
133330,T.C.P. World Academy,2024–2025,Community School,Wonders 2023 (McGraw Hill),KG - 07,Implemented,ELA Core,ELA Core,KG - 05
047969,Symmes Valley Local,2024–2025,Public District,Amplify CKLA K-5 Core Comprehensive (Amplify),03 - 05,Implemented,ELA Core,ELA Core,KG - 05
047969,Symmes Valley Local,2024–2025,Public District,"MyView Literacy (Savvas Learning Company, formerly Pearson)",KG - 01,Implemented,ELA Core,ELA Core,KG - 05
047969,Symmes Valley Local,2024–2025,Public District,Open Court Reading 2023 (McGraw Hill),02 - 02,Implemented,ELA Core,ELA Core,KG - 05
047969,Symmes Valley Local,2024–2025,Public District,Other published instr materials incl on Dept approved list,03 - 08,Implemented,Reading Intervention,N/A,N/A
047969,Symmes Valley Local,2024–2025,Public District,UFLI Foundations: An Explicit and Systematic Phonics Program (Ventris Learning/ULFI),KG - 05,Implemented,Reading Intervention,Both ELA Core and Reading Intervention,KG - 02
044875,Sylvania Schools,2024–2025,Public District,Frog Street Threes and/or Frog Street PreK (FrogStreet),PS - PS,Implemented,ELA Core,PreK Core,PS - PS
044875,Sylvania Schools,2024–2025,Public District,Fundations (Wilson Language Training),KG - 12,Implemented,Both ELA Core and Reading Intervention,Both ELA Core and Reading Intervention,KG - 02
044875,Sylvania Schools,2024–2025,Public District,Fundations (Wilson Language Training),04 - 12,Implemented,Reading Intervention,Both ELA Core and Reading Intervention,KG - 02
044875,Sylvania Schools,2024–2025,Public District,Wit & Wisdom (Great Minds),KG - 03,Implemented,ELA Core,ELA Core,03 - 05
044867,Sycamore Community City,2024–2025,Public District,95 Phonics Core Program (95 Percent Group),KG - 04,Implemented,ELA Core,ELA Core,KG - 02
044867,Sycamore Community City,2024–2025,Public District,95 Phonics Core Program (95 Percent Group),05 - 06,Implemented,Reading Intervention,ELA Core,KG - 02
044867,Sycamore Community City,2024–2025,Public District,Other published instr materials incl on Dept approved list,KG - 04,Implemented,Reading Intervention,N/A,N/A
044867,Sycamore Community City,2024–2025,Public District,Wit & Wisdom (Great Minds),KG - 04,Implemented,ELA Core,ELA Core,03 - 05
048652,Switzerland Of Ohio Local,2024–2025,Public District,Amplify CKLA K-5 Core Comprehensive (Amplify),KG - 05,Implemented,ELA Core,ELA Core,KG - 05
048652,Switzerland Of Ohio Local,2024–2025,Public District,Blast Foundations (Really Great Reading),01 - 01,Implemented,ELA Core,Both ELA Core and Reading Intervention,01 - 01
048652,Switzerland Of Ohio Local,2024–2025,Public District,Countdown (Really Great Reading),KG - KG,Implemented,ELA Core,Both ELA Core and Reading Intervention,KG - KG
048652,Switzerland Of Ohio Local,2024–2025,Public District,HD Word (Really Great Reading),02 - 03,Implemented,ELA Core,Both ELA Core and Reading Intervention,02 - 02
048652,Switzerland Of Ohio Local,2024–2025,Public District,UFLI Foundations: An Explicit and Systematic Phonics Program (Ventris Learning/ULFI),KG - 12,Implemented,Reading Intervention,Both ELA Core and Reading Intervention,KG - 02
047092,Swanton Local,2024–2025,Public District,Amplify CKLA K-2 Skills (Amplify),KG - 02,Implemented,ELA Core,ELA Core,KG - 02
047092,Swanton Local,2024–2025,Public District,Amplify CKLA K-5 Core Comprehensive (Amplify),KG - 05,Implemented,ELA Core,ELA Core,KG - 05
047092,Swanton Local,2024–2025,Public District,Fundations (Wilson Language Training),03 - 03,Implemented,ELA Core,Both ELA Core and Reading Intervention,KG - 02
047092,Swanton Local,2024–2025,Public District,Other published instr materials incl on Dept approved list,05 - 08,Implemented,Both ELA Core and Reading Intervention,N/A,N/A
047092,Swanton Local,2024–2025,Public District,Other published instr materials incl on Dept approved list,02 - 04,Implemented,Reading Intervention,N/A,N/A
047092,Swanton Local,2024–2025,Public District,Other published instr materials incl on Dept approved list,KG - 08,Implemented,Reading Intervention,N/A,N/A
013175,Sunbridge Schools,2024–2025,Community School,95 Phonics Core Program (95 Percent Group),KG - 06,Implemented,Both ELA Core and Reading Intervention,ELA Core,KG - 02
049965,Summit County Esc,2024–2025,Educational Service Center,"Creative Curriculum (Teaching Strategies, LLC)",PS - PS,Implemented,Both ELA Core and Reading Intervention,PreK Core,PS - PS
132746,Summit Acdy Comm Schl For Alternative Learners Of Middletown,2024–2025,Community School,Amplify CKLA K-5 Core Comprehensive (Amplify),KG - 05,Implemented,ELA Core,ELA Core,KG - 05
132746,Summit Acdy Comm Schl For Alternative Learners Of Middletown,2024–2025,Community School,Other published instr materials incl on Dept approved list,KG - 06,Implemented,Reading Intervention,N/A,N/A
000623,Summit Academy-Youngstown,2024–2025,Community School,Amplify CKLA K-5 Core Comprehensive (Amplify),KG - 05,Implemented,ELA Core,ELA Core,KG - 05
000623,Summit Academy-Youngstown,2024–2025,Community School,Other published instr materials incl on Dept approved list,KG - 07,Implemented,Reading Intervention,N/A,N/A
000634,Summit Academy Secondary School - Middletown,2024–2025,Community School,Other published instr materials incl on Dept approved list,07 - 12,Implemented,Reading Intervention,N/A,N/A
000303,Summit Academy Secondary - Youngstown,2024–2025,Community School,UFLI Foundations: An Explicit and Systematic Phonics Program (Ventris Learning/ULFI),08 - 12,Implemented,Reading Intervention,Both ELA Core and Reading Intervention,KG - 02
000300,Summit Academy Secondary - Canton,2024–2025,Community School,Other published instr materials incl on Dept approved list,09 - 12,Implemented,Reading Intervention,N/A,N/A
000298,Summit Academy Secondary - Akron,2024–2025,Community School,Other published instr materials incl on Dept approved list,09 - 12,Implemented,Reading Intervention,N/A,N/A
000298,Summit Academy Secondary - Akron,2024–2025,Community School,UFLI Foundations: An Explicit and Systematic Phonics Program (Ventris Learning/ULFI),09 - 12,Implemented,Reading Intervention,Both ELA Core and Reading Intervention,KG - 02
000621,Summit Academy School–Dayton,2024–2025,Community School,Other published instr materials incl on Dept approved list,06 - 12,Implemented,Reading Intervention,N/A,N/A
000614,Summit Academy School–Columbus,2024–2025,Community School,Other published instr materials incl on Dept approved list,09 - 12,Implemented,Reading Intervention,N/A,N/A
000608,Summit Academy School - Cincinnati,2024–2025,Community School,UFLI Foundations: An Explicit and Systematic Phonics Program (Ventris Learning/ULFI),09 - 12,Implemented,Reading Intervention,Both ELA Core and Reading Intervention,KG - 02
000305,Summit Academy Community School-Warren,2024–2025,Community School,95 Phonics Core Program (95 Percent Group),KG - 05,Implemented,Both ELA Core and Reading Intervention,ELA Core,KG - 02
000305,Summit Academy Community School-Warren,2024–2025,Community School,95 Phonics Core Program (95 Percent Group),06 - 07,Implemented,Reading Intervention,ELA Core,KG - 02
000305,Summit Academy Community School-Warren,2024–2025,Community School,Other published instr materials incl on Dept approved list,KG - 07,Implemented,Reading Intervention,N/A,N/A
000296,Summit Academy Community School-Columbus,2024–2025,Community School,Amplify CKLA K-5 Core Comprehensive (Amplify),KG - 05,Implemented,ELA Core,ELA Core,KG - 05
000296,Summit Academy Community School-Columbus,2024–2025,Community School,Other published instr materials incl on Dept approved list,KG - 08,Implemented,Reading Intervention,N/A,N/A
133306,Summit Academy Community School For Alternative Learn-Canton,2024–2025,Community School,Amplify CKLA K-5 Core Comprehensive (Amplify),KG - 05,Implemented,ELA Core,ELA Core,KG - 05
133306,Summit Academy Community School For Alternative Learn-Canton,2024–2025,Community School,Other published instr materials incl on Dept approved list,KG - 08,Implemented,Reading Intervention,N/A,N/A
133322,Summit Academy Community School Alternative Learners-Lorain,2024–2025,Community School,Amplify CKLA K-5 Core Comprehensive (Amplify),KG - 05,Implemented,ELA Core,ELA Core,KG - 05
133322,Summit Academy Community School Alternative Learners-Lorain,2024–2025,Community School,Other published instr materials incl on Dept approved list,KG - 08,Implemented,Reading Intervention,N/A,N/A
132761,Summit Academy Community School Alternative Learners -Xenia,2024–2025,Community School,Amplify CKLA K-5 Core Comprehensive (Amplify),KG - 05,Implemented,ELA Core,ELA Core,KG - 05
132761,Summit Academy Community School Alternative Learners -Xenia,2024–2025,Community School,Other published instr materials incl on Dept approved list,KG - 12,Implemented,Reading Intervention,N/A,N/A
000302,Summit Academy Community School - Parma,2024–2025,Community School,Amplify CKLA K-5 Core Comprehensive (Amplify),KG - 05,Implemented,ELA Core,ELA Core,KG - 05
000302,Summit Academy Community School - Parma,2024–2025,Community School,Other published instr materials incl on Dept approved list,KG - 12,Implemented,Reading Intervention,N/A,N/A
000297,Summit Academy Community School - Dayton,2024–2025,Community School,Amplify CKLA K-5 Core Comprehensive (Amplify),KG - 05,Implemented,ELA Core,ELA Core,KG - 05
000297,Summit Academy Community School - Dayton,2024–2025,Community School,Other published instr materials incl on Dept approved list,KG - 05,Implemented,Reading Intervention,N/A,N/A
000306,Summit Academy Community School - Cincinnati,2024–2025,Community School,Amplify CKLA K-5 Core Comprehensive (Amplify),KG - 05,Implemented,ELA Core,ELA Core,KG - 05
000306,Summit Academy Community School - Cincinnati,2024–2025,Community School,Other published instr materials incl on Dept approved list,KG - 08,Implemented,Reading Intervention,N/A,N/A
000616,Summit Academy Alternative Learnerswarren Middle & Secondary,2024–2025,Community School,UFLI Foundations: An Explicit and Systematic Phonics Program (Ventris Learning/ULFI),08 - 12,Implemented,Reading Intervention,Both ELA Core and Reading Intervention,KG - 02
132779,Summit Academy Akron Middle School,2024–2025,Community School,Other published instr materials incl on Dept approved list,06 - 08,Implemented,Reading Intervention,N/A,N/A
133587,Summit Academy Akron Elementary School,2024–2025,Community School,Fundations (Wilson Language Training),KG - 05,Implemented,Both ELA Core and Reading Intervention,Both ELA Core and Reading Intervention,KG - 02
133587,Summit Academy Akron Elementary School,2024–2025,Community School,Wit & Wisdom (Great Minds),KG - 05,Implemented,ELA Core,ELA Core,03 - 05
000301,Summit Academy - Toledo,2024–2025,Community School,Amplify CKLA K-5 Core Comprehensive (Amplify),KG - 05,Implemented,ELA Core,ELA Core,KG - 05
000301,Summit Academy - Toledo,2024–2025,Community School,Other published instr materials incl on Dept approved list,KG - 12,Implemented,Reading Intervention,N/A,N/A
050658,Stryker Local,2024–2025,Public District,"Creative Curriculum (Teaching Strategies, LLC)",PS - PS,Implemented,Both ELA Core and Reading Intervention,PreK Core,PS - PS
050658,Stryker Local,2024–2025,Public District,High Scope Preschool Curriculum (HighScope),PS - PS,Implemented,Both ELA Core and Reading Intervention,PreK Core,PS - PS
050658,Stryker Local,2024–2025,Public District,Other published instr materials incl on Dept approved list,KG - 06,Implemented,Both ELA Core and Reading Intervention,N/A,N/A
050658,Stryker Local,2024–2025,Public District,Other published instr materials incl on Dept approved list,03 - 12,Implemented,Reading Intervention,N/A,N/A
050658,Stryker Local,2024–2025,Public District,Other published instr materials incl on Dept approved list,04 - 12,Implemented,Reading Intervention,N/A,N/A
050658,Stryker Local,2024–2025,Public District,Other published instr materials not on Dept list,07 - 12,Implemented,Both ELA Core and Reading Intervention,N/A,N/A
050658,Stryker Local,2024–2025,Public District,Other published instr materials not on Dept list,PS - PS,Implemented,Both ELA Core and Reading Intervention,N/A,N/A
050658,Stryker Local,2024–2025,Public District,Wonders 2020 (McGraw Hill),KG - 06,Implemented,Both ELA Core and Reading Intervention,ELA Core,KG - 05
044859,Struthers City,2024–2025,Public District,Blast Foundations (Really Great Reading),KG - 02,Implemented,ELA Core,Both ELA Core and Reading Intervention,01 - 01
044859,Struthers City,2024–2025,Public District,Lexia Core 5 Reading (Lexia),06 - 08,Implemented,Reading Intervention,Both ELA Core and Reading Intervention,KG - 02
044859,Struthers City,2024–2025,Public District,Lexia Core 5 Reading (Lexia),09 - 12,Implemented,Reading Intervention,Both ELA Core and Reading Intervention,KG - 02
044859,Struthers City,2024–2025,Public District,Other published instr materials incl on Dept approved list,KG - 05,Implemented,Both ELA Core and Reading Intervention,N/A,N/A
044842,Strongsville City,2024–2025,Public District,"Creative Curriculum (Teaching Strategies, LLC)",PS - PS,Implemented,ELA Core,PreK Core,PS - PS
044842,Strongsville City,2024–2025,Public District,Fundations (Wilson Language Training),06 - 12,Implemented,Reading Intervention,Both ELA Core and Reading Intervention,KG - 02
020189,Strongsville Academy,2024–2025,Community School,Amplify CKLA K-2 Skills (Amplify),KG - 02,Implemented,ELA Core,ELA Core,KG - 02
049239,Streetsboro City,2024–2025,Public District,Amplify CKLA K-5 Core Comprehensive (Amplify),KG - 05,Implemented,ELA Core,ELA Core,KG - 05
049239,Streetsboro City,2024–2025,Public District,Other published instr materials not on Dept list,06 - 12,Implemented,Reading Intervention,N/A,N/A
049239,Streetsboro City,2024–2025,Public District,UFLI Foundations: An Explicit and Systematic Phonics Program (Ventris Learning/ULFI),KG - KG,Implemented,Both ELA Core and Reading Intervention,Both ELA Core and Reading Intervention,KG - 02
049239,Streetsboro City,2024–2025,Public District,UFLI Foundations: An Explicit and Systematic Phonics Program (Ventris Learning/ULFI),01 - 05,Implemented,Reading Intervention,Both ELA Core and Reading Intervention,KG - 02
050294,Strasburg-Franklin Local,2024–2025,Public District,Amplify CKLA K-5 Core Comprehensive (Amplify),KG - 05,Implemented,Both ELA Core and Reading Intervention,ELA Core,KG - 05
050294,Strasburg-Franklin Local,2024–2025,Public District,Amplify CKLA PreK (Amplify),PS - PS,Implemented,Both ELA Core and Reading Intervention,PreK Core,PS - PS
050294,Strasburg-Franklin Local,2024–2025,Public District,Other published instr materials incl on Dept approved list,KG - 05,Implemented,Reading Intervention,N/A,N/A
050294,Strasburg-Franklin Local,2024–2025,Public District,Other published instr materials incl on Dept approved list,KG - 08,Implemented,Reading Intervention,N/A,N/A
050294,Strasburg-Franklin Local,2024–2025,Public District,Other published instr materials not on Dept list,PS - PS,Implemented,Both ELA Core and Reading Intervention,N/A,N/A
050294,Strasburg-Franklin Local,2024–2025,Public District,Other published instr materials not on Dept list,09 - 12,Implemented,Reading Intervention,N/A,N/A
050294,Strasburg-Franklin Local,2024–2025,Public District,Other published instr materials not on Dept list,KG - 08,Implemented,Reading Intervention,N/A,N/A
050294,Strasburg-Franklin Local,2024–2025,Public District,Other published instr materials not on Dept list,PS - 02,Implemented,Reading Intervention,N/A,N/A
050294,Strasburg-Franklin Local,2024–2025,Public District,UFLI Foundations: An Explicit and Systematic Phonics Program (Ventris Learning/ULFI),KG - 05,Implemented,Reading Intervention,Both ELA Core and Reading Intervention,KG - 02
044834,Stow-Munroe Falls City School District,2024–2025,Public District,Fundations (Wilson Language Training),07 - 12,Implemented,Both ELA Core and Reading Intervention,Both ELA Core and Reading Intervention,KG - 02
044834,Stow-Munroe Falls City School District,2024–2025,Public District,Fundations (Wilson Language Training),KG - 06,Implemented,Reading Intervention,Both ELA Core and Reading Intervention,KG - 02
044834,Stow-Munroe Falls City School District,2024–2025,Public District,HMH Into Reading 2020 (Houghton Mifflin Harcourt),KG - 05,Implemented,Both ELA Core and Reading Intervention,ELA Core,KG - 05
044834,Stow-Munroe Falls City School District,2024–2025,Public District,HMH Into Reading 2020 (Houghton Mifflin Harcourt),06 - 06,Implemented,ELA Core,ELA Core,KG - 05
044826,Steubenville City,2024–2025,Public District,Curiosity Corner (Success for All Foundation),PS - PS,Implemented,Both ELA Core and Reading Intervention,PreK Core,PS - PS
044826,Steubenville City,2024–2025,Public District,Fundations (Wilson Language Training),KG - 05,Implemented,Both ELA Core and Reading Intervention,Both ELA Core and Reading Intervention,KG - 02
044826,Steubenville City,2024–2025,Public District,Other published instr materials incl on Dept approved list,01 - 01,Implemented,Both ELA Core and Reading Intervention,N/A,N/A
044826,Steubenville City,2024–2025,Public District,Other published instr materials incl on Dept approved list,02 - 05,Implemented,Both ELA Core and Reading Intervention,N/A,N/A
044826,Steubenville City,2024–2025,Public District,Other published instr materials incl on Dept approved list,KG - KG,Implemented,Both ELA Core and Reading Intervention,N/A,N/A
044826,Steubenville City,2024–2025,Public District,Other published instr materials not on Dept list,PS - 08,Implemented,Both ELA Core and Reading Intervention,N/A,N/A
021445,Steel City High School,2024–2025,Community School,Other published instr materials incl on Dept approved list,09 - 12,Implemented,Reading Intervention,N/A,N/A
014927,Steel Academy,2024–2025,Community School,Other published instr materials incl on Dept approved list,09 - 12,Implemented,Both ELA Core and Reading Intervention,N/A,N/A
013147,Steam Academy Of Warrensville Heights,2024–2025,Community School,HMH Into Reading 2020 (Houghton Mifflin Harcourt),03 - 08,Implemented,Both ELA Core and Reading Intervention,ELA Core,KG - 05
013147,Steam Academy Of Warrensville Heights,2024–2025,Community School,Lexia Core 5 Reading (Lexia),KG - 05,Implemented,Both ELA Core and Reading Intervention,Both ELA Core and Reading Intervention,KG - 02
012644,Steam Academy Of Warren,2024–2025,Community School,"From Phonics to Reading (William H. Sadlier, Inc)",KG - 02,Implemented,Both ELA Core and Reading Intervention,ELA Core,KG - 02
012644,Steam Academy Of Warren,2024–2025,Community School,Wonders 2023 (McGraw Hill),KG - 05,Implemented,Both ELA Core and Reading Intervention,ELA Core,KG - 05
142901,Stark High School,2024–2025,Community School,Other published instr materials incl on Dept approved list,09 - 12,Implemented,ELA Core,N/A,N/A
000855,Stambaugh Charter Academy,2024–2025,Community School,"From Phonics to Reading (William H. Sadlier, Inc)",KG - 02,Implemented,ELA Core,ELA Core,KG - 02
000855,Stambaugh Charter Academy,2024–2025,Community School,Lexia Core 5 Reading (Lexia),KG - 05,Implemented,Reading Intervention,Both ELA Core and Reading Intervention,KG - 02
000855,Stambaugh Charter Academy,2024–2025,Community School,Other published instr materials incl on Dept approved list,KG - 02,Implemented,Reading Intervention,N/A,N/A
000855,Stambaugh Charter Academy,2024–2025,Community School,Other published instr materials not on Dept list,03 - 08,Implemented,Reading Intervention,N/A,N/A
000855,Stambaugh Charter Academy,2024–2025,Community School,Wit & Wisdom (Great Minds),KG - 05,Implemented,ELA Core,ELA Core,03 - 05
044727,St Marys City,2024–2025,Public District,Other published instr materials incl on Dept approved list,06 - 08,Implemented,Reading Intervention,N/A,N/A
044727,St Marys City,2024–2025,Public District,UFLI Foundations: An Explicit and Systematic Phonics Program (Ventris Learning/ULFI),KG - 02,Implemented,ELA Core,Both ELA Core and Reading Intervention,KG - 02
044727,St Marys City,2024–2025,Public District,UFLI Foundations: An Explicit and Systematic Phonics Program (Ventris Learning/ULFI),03 - 05,Implemented,Reading Intervention,Both ELA Core and Reading Intervention,KG - 02
048587,St Henry Consolidated Local,2024–2025,Public District,"Creative Curriculum (Teaching Strategies, LLC)",PS - PS,Implemented,Both ELA Core and Reading Intervention,PreK Core,PS - PS
048587,St Henry Consolidated Local,2024–2025,Public District,Fundations (Wilson Language Training),KG - 01,Implemented,Reading Intervention,Both ELA Core and Reading Intervention,KG - 02
048587,St Henry Consolidated Local,2024–2025,Public District,Other published instr materials not on Dept list,03 - 12,Implemented,Reading Intervention,N/A,N/A
048587,St Henry Consolidated Local,2024–2025,Public District,UFLI Foundations: An Explicit and Systematic Phonics Program (Ventris Learning/ULFI),02 - 12,Implemented,Reading Intervention,Both ELA Core and Reading Intervention,KG - 02
048587,St Henry Consolidated Local,2024–2025,Public District,Wonders 2020 (McGraw Hill),KG - 05,Implemented,ELA Core,ELA Core,KG - 05
045997,St Clairsville-Richland City,2024–2025,Public District,"Creative Curriculum (Teaching Strategies, LLC)",PS - PS,Implemented,ELA Core,PreK Core,PS - PS
045997,St Clairsville-Richland City,2024–2025,Public District,Lexia Core 5 Reading (Lexia),PS - 05,Implemented,Reading Intervention,Both ELA Core and Reading Intervention,KG - 02
045997,St Clairsville-Richland City,2024–2025,Public District,Other published instr materials incl on Dept approved list,01 - 08,Implemented,Reading Intervention,N/A,N/A
045997,St Clairsville-Richland City,2024–2025,Public District,Other published instr materials incl on Dept approved list,06 - 08,Implemented,Reading Intervention,N/A,N/A
045997,St Clairsville-Richland City,2024–2025,Public District,Other published instr materials incl on Dept approved list,KG - 04,Implemented,Reading Intervention,N/A,N/A
045997,St Clairsville-Richland City,2024–2025,Public District,Wonders 2020 (McGraw Hill),KG - 05,Implemented,ELA Core,ELA Core,KG - 05
044719,St Bernard-Elmwood Place City,2024–2025,Public District,Other published instr materials incl on Dept approved list,KG - 06,Implemented,Reading Intervention,N/A,N/A
044719,St Bernard-Elmwood Place City,2024–2025,Public District,Other published instr materials incl on Dept approved list,PS - 12,Implemented,Reading Intervention,N/A,N/A
044719,St Bernard-Elmwood Place City,2024–2025,Public District,Wonders 2023 (McGraw Hill),KG - 05,Implemented,Both ELA Core and Reading Intervention,ELA Core,KG - 05
051532,Springfield-Clark County,2024–2025,Joint Vocational School District,Other published instr materials incl on Dept approved list,10 - 12,Implemented,Both ELA Core and Reading Intervention,N/A,N/A
020825,Springfield Sports Academy,2024–2025,Community School,Amplify CKLA K-5 Core Comprehensive (Amplify),KG - 05,Implemented,Both ELA Core and Reading Intervention,ELA Core,KG - 05
048223,Springfield Local,2024–2025,Public District,Fishtank Plus ELA 2021 (Fishtank Learning),03 - 05,Implemented,ELA Core,ELA Core,03 - 05
048223,Springfield Local,2024–2025,Public District,Fishtank Plus ELA K-2 2021 (Fishtank Learning),KG - 02,Implemented,ELA Core,ELA Core,KG - 02
048223,Springfield Local,2024–2025,Public District,Other published instr materials not on Dept list,04 - 12,Implemented,Reading Intervention,N/A,N/A
048223,Springfield Local,2024–2025,Public District,Other published instr materials not on Dept list,KG - 03,Implemented,Reading Intervention,N/A,N/A
048223,Springfield Local,2024–2025,Public District,Other published instr materials not on Dept list,PS - PS,Implemented,Reading Intervention,N/A,N/A
048223,Springfield Local,2024–2025,Public District,PreK On My Way (Scholastic),PS - PS,Implemented,ELA Core,PreK Core,PS - PS
044818,Springfield City School District,2024–2025,Public District,Amplify CKLA K-2 Skills (Amplify),KG - 01,Implemented,ELA Core,ELA Core,KG - 02
044818,Springfield City School District,2024–2025,Public District,Amplify CKLA K-5 Core Comprehensive (Amplify),KG - 01,Implemented,ELA Core,ELA Core,KG - 05
044818,Springfield City School District,2024–2025,Public District,High Scope Preschool Curriculum (HighScope),PS - PS,Implemented,Both ELA Core and Reading Intervention,PreK Core,PS - PS
044818,Springfield City School District,2024–2025,Public District,Other published instr materials incl on Dept approved list,03 - 12,Implemented,Reading Intervention,N/A,N/A
044818,Springfield City School District,2024–2025,Public District,Other published instr materials incl on Dept approved list,KG - 08,Implemented,Reading Intervention,N/A,N/A
044818,Springfield City School District,2024–2025,Public District,UFLI Foundations: An Explicit and Systematic Phonics Program (Ventris Learning/ULFI),KG - 02,Implemented,Both ELA Core and Reading Intervention,Both ELA Core and Reading Intervention,KG - 02
044818,Springfield City School District,2024–2025,Public District,Wit & Wisdom (Great Minds),KG - 08,Implemented,Both ELA Core and Reading Intervention,ELA Core,03 - 05
050427,Springboro Community City,2024–2025,Public District,"Creative Curriculum (Teaching Strategies, LLC)",PS - PS,Implemented,ELA Core,PreK Core,PS - PS
050427,Springboro Community City,2024–2025,Public District,Lexia Core 5 Reading (Lexia),03 - 03,Implemented,ELA Core,Both ELA Core and Reading Intervention,KG - 02
050427,Springboro Community City,2024–2025,Public District,Lexia Core 5 Reading (Lexia),04 - 05,Implemented,ELA Core,Both ELA Core and Reading Intervention,KG - 02
050427,Springboro Community City,2024–2025,Public District,Lexia Core 5 Reading (Lexia),KG - 02,Implemented,ELA Core,Both ELA Core and Reading Intervention,KG - 02
050427,Springboro Community City,2024–2025,Public District,Lexia Core 5 Reading (Lexia),KG - 05,Implemented,Reading Intervention,Both ELA Core and Reading Intervention,KG - 02
050427,Springboro Community City,2024–2025,Public District,Locally created instruction,03 - 03,Implemented,ELA Core,N/A,N/A
050427,Springboro Community City,2024–2025,Public District,Locally created instruction,04 - 05,Implemented,ELA Core,N/A,N/A
050427,Springboro Community City,2024–2025,Public District,Other published instr materials incl on Dept approved list,KG - 02,Implemented,ELA Core,N/A,N/A
050427,Springboro Community City,2024–2025,Public District,Other published instr materials incl on Dept approved list,PS - PS,Implemented,ELA Core,N/A,N/A
050427,Springboro Community City,2024–2025,Public District,UFLI Foundations: An Explicit and Systematic Phonics Program (Ventris Learning/ULFI),03 - 03,Implemented,ELA Core,Both ELA Core and Reading Intervention,KG - 02
050427,Springboro Community City,2024–2025,Public District,UFLI Foundations: An Explicit and Systematic Phonics Program (Ventris Learning/ULFI),KG - 02,Implemented,ELA Core,Both ELA Core and Reading Intervention,KG - 02
045807,Spencerville Local,2024–2025,Public District,Lexia Core 5 Reading (Lexia),KG - 04,Implemented,Reading Intervention,Both ELA Core and Reading Intervention,KG - 02
045807,Spencerville Local,2024–2025,Public District,Locally created instruction,05 - 08,Implemented,Both ELA Core and Reading Intervention,N/A,N/A
045807,Spencerville Local,2024–2025,Public District,Locally created instruction,09 - 12,Implemented,Both ELA Core and Reading Intervention,N/A,N/A
045807,Spencerville Local,2024–2025,Public District,"MyView Literacy (Savvas Learning Company, formerly Pearson)",03 - 04,Implemented,ELA Core,ELA Core,KG - 05
045807,Spencerville Local,2024–2025,Public District,Wit & Wisdom (Great Minds),KG - 02,Implemented,ELA Core,ELA Core,03 - 05
044800,South-Western City,2024–2025,Public District,ARC Core (American Reading Company),KG - 04,Implemented,Both ELA Core and Reading Intervention,ELA Core,KG - 05
044800,South-Western City,2024–2025,Public District,HMH Into Reading 2020 (Houghton Mifflin Harcourt),KG - 04,Implemented,Both ELA Core and Reading Intervention,ELA Core,KG - 05
044800,South-Western City,2024–2025,Public District,Lexia Core 5 Reading (Lexia),KG - 12,Implemented,Reading Intervention,Both ELA Core and Reading Intervention,KG - 02
044800,South-Western City,2024–2025,Public District,Other published instr materials not on Dept list,07 - 12,Implemented,Both ELA Core and Reading Intervention,N/A,N/A
044800,South-Western City,2024–2025,Public District,Other published instr materials not on Dept list,KG - 12,Implemented,Reading Intervention,N/A,N/A
047381,Southwest Local,2024–2025,Public District,Other published instr materials incl on Dept approved list,06 - 12,Implemented,ELA Core,N/A,N/A
047381,Southwest Local,2024–2025,Public District,Other published instr materials incl on Dept approved list,06 - 08,Implemented,Reading Intervention,N/A,N/A
047381,Southwest Local,2024–2025,Public District,Other published instr materials incl on Dept approved list,KG - 05,Implemented,Reading Intervention,N/A,N/A
047381,Southwest Local,2024–2025,Public District,Wonders 2020 (McGraw Hill),KG - 05,Implemented,ELA Core,ELA Core,KG - 05
048041,Southwest Licking Local,2024–2025,Public District,95 Phonics Core Program (95 Percent Group),KG - 04,Implemented,Both ELA Core and Reading Intervention,ELA Core,KG - 02
048041,Southwest Licking Local,2024–2025,Public District,High Scope Preschool Curriculum (HighScope),PS - PS,Implemented,Both ELA Core and Reading Intervention,PreK Core,PS - PS
048041,Southwest Licking Local,2024–2025,Public District,Lexia Core 5 Reading (Lexia),KG - 03,Implemented,Reading Intervention,Both ELA Core and Reading Intervention,KG - 02
048041,Southwest Licking Local,2024–2025,Public District,UFLI Foundations: An Explicit and Systematic Phonics Program (Ventris Learning/ULFI),KG - 05,Implemented,Reading Intervention,Both ELA Core and Reading Intervention,KG - 02
012105,Southside Academy,2024–2025,Community School,Other published instr materials incl on Dept approved list,KG - 05,Implemented,ELA Core,N/A,N/A
012105,Southside Academy,2024–2025,Community School,Other published instr materials incl on Dept approved list,03 - 08,Implemented,Reading Intervention,N/A,N/A
012105,Southside Academy,2024–2025,Community School,Other published instr materials incl on Dept approved list,KG - 03,Implemented,Reading Intervention,N/A,N/A
012105,Southside Academy,2024–2025,Community School,Other published instr materials incl on Dept approved list,KG - 04,Implemented,Reading Intervention,N/A,N/A
012105,Southside Academy,2024–2025,Community School,Other published instr materials not on Dept list,06 - 08,Implemented,ELA Core,N/A,N/A
050237,Southington Local,2024–2025,Public District,Amplify CKLA K-5 Core Comprehensive (Amplify),KG - 05,Implemented,ELA Core,ELA Core,KG - 05
050237,Southington Local,2024–2025,Public District,Blast Foundations (Really Great Reading),01 - 02,Implemented,Both ELA Core and Reading Intervention,Both ELA Core and Reading Intervention,01 - 01
050237,Southington Local,2024–2025,Public District,Countdown (Really Great Reading),KG - KG,Implemented,ELA Core,Both ELA Core and Reading Intervention,KG - KG
050237,Southington Local,2024–2025,Public District,HD Word (Really Great Reading),02 - 05,Implemented,Both ELA Core and Reading Intervention,Both ELA Core and Reading Intervention,02 - 02
050237,Southington Local,2024–2025,Public District,HD Word (Really Great Reading),06 - 08,Implemented,Reading Intervention,Both ELA Core and Reading Intervention,02 - 02
050237,Southington Local,2024–2025,Public District,Other published instr materials incl on Dept approved list,05 - 08,Implemented,Reading Intervention,N/A,N/A
050237,Southington Local,2024–2025,Public District,Other published instr materials not on Dept list,PS - PS,Implemented,ELA Core,N/A,N/A
046375,Southern Ohio Esc,2024–2025,Educational Service Center,Other published instr materials incl on Dept approved list,01 - 12,Implemented,Reading Intervention,N/A,N/A
046375,Southern Ohio Esc,2024–2025,Educational Service Center,UFLI Foundations: An Explicit and Systematic Phonics Program (Ventris Learning/ULFI),01 - 05,Implemented,ELA Core,Both ELA Core and Reading Intervention,KG - 02
046375,Southern Ohio Esc,2024–2025,Educational Service Center,Wit & Wisdom (Great Minds),01 - 08,Implemented,ELA Core,ELA Core,03 - 05
020811,Southern Ohio Career Academy,2024–2025,Community School,Other published instr materials incl on Dept approved list,09 - 12,Implemented,Both ELA Core and Reading Intervention,N/A,N/A
046441,Southern Local,2024–2025,Public District,"Creative Curriculum (Teaching Strategies, LLC)",PS - PS,Implemented,Both ELA Core and Reading Intervention,PreK Core,PS - PS
046441,Southern Local,2024–2025,Public District,Fundations (Wilson Language Training),KG - 05,Implemented,Both ELA Core and Reading Intervention,Both ELA Core and Reading Intervention,KG - 02
046441,Southern Local,2024–2025,Public District,Other published instr materials incl on Dept approved list,06 - 12,Implemented,Both ELA Core and Reading Intervention,N/A,N/A
046441,Southern Local,2024–2025,Public District,Wonders 2023 (McGraw Hill),KG - 05,Implemented,Both ELA Core and Reading Intervention,ELA Core,KG - 05
048538,Southern Local,2024–2025,Public District,Fundations (Wilson Language Training),PS - 02,Implemented,Reading Intervention,Both ELA Core and Reading Intervention,KG - 02
048538,Southern Local,2024–2025,Public District,HMH Into Reading 2020 (Houghton Mifflin Harcourt),KG - 06,Implemented,Both ELA Core and Reading Intervention,ELA Core,KG - 05
048538,Southern Local,2024–2025,Public District,PreK On My Way (Scholastic),PS - PS,Implemented,ELA Core,PreK Core,PS - PS
049064,Southern Local,2024–2025,Public District,Frog Street Threes and/or Frog Street PreK (FrogStreet),PS - PS,Implemented,Both ELA Core and Reading Intervention,PreK Core,PS - PS
049064,Southern Local,2024–2025,Public District,Fundations (Wilson Language Training),KG - 03,Implemented,Both ELA Core and Reading Intervention,Both ELA Core and Reading Intervention,KG - 02
049064,Southern Local,2024–2025,Public District,Other published instr materials incl on Dept approved list,01 - 12,Implemented,Reading Intervention,N/A,N/A
049064,Southern Local,2024–2025,Public District,Other published instr materials not on Dept list,KG - 02,Implemented,Both ELA Core and Reading Intervention,N/A,N/A
050799,Southern Hills,2024–2025,Joint Vocational School District,Locally created instruction,11 - 12,Implemented,ELA Core,N/A,N/A
012042,Southern Cleveland Drop Back Indba Innovative Career Academy,2024–2025,Community School,Other published instr materials not on Dept list,09 - 12,Implemented,Both ELA Core and Reading Intervention,N/A,N/A
046276,Southeastern Local,2024–2025,Public District,HMH Into Reading 2020 (Houghton Mifflin Harcourt),KG - 06,Implemented,Both ELA Core and Reading Intervention,ELA Core,KG - 05
046276,Southeastern Local,2024–2025,Public District,Other published instr materials incl on Dept approved list,03 - 03,Implemented,Both ELA Core and Reading Intervention,N/A,N/A
046276,Southeastern Local,2024–2025,Public District,"The Superkids Reading Program (Zaner-Bloser, Inc.)",KG - 02,Implemented,Both ELA Core and Reading Intervention,ELA Core,02 - 02
049528,Southeastern Local,2024–2025,Public District,Locally created instruction,09 - 12,Implemented,Both ELA Core and Reading Intervention,N/A,N/A
049528,Southeastern Local,2024–2025,Public District,Wonders 2023 (McGraw Hill),05 - 08,Implemented,Both ELA Core and Reading Intervention,ELA Core,KG - 05
049528,Southeastern Local,2024–2025,Public District,Wonders 2023 (McGraw Hill),KG - 04,Implemented,Both ELA Core and Reading Intervention,ELA Core,KG - 05
021450,Southeast Ohio Classical Academy,2024–2025,Community School,Other published instr materials not on Dept list,KG - 05,Implemented,Both ELA Core and Reading Intervention,N/A,N/A
049221,Southeast Local,2024–2025,Public District,Other published instr materials incl on Dept approved list,KG - 12,Implemented,Reading Intervention,N/A,N/A
049221,Southeast Local,2024–2025,Public District,Wonders 2023 (McGraw Hill),KG - 05,Implemented,ELA Core,ELA Core,KG - 05
008281,South Scioto Academy,2024–2025,Community School,HMH Into Reading 2020 (Houghton Mifflin Harcourt),KG - 05,Implemented,ELA Core,ELA Core,KG - 05
048363,South Range Local,2024–2025,Public District,95 Phonics Core Program (95 Percent Group),01 - 04,Implemented,ELA Core,ELA Core,KG - 02
048363,South Range Local,2024–2025,Public District,95 Phonics Core Program (95 Percent Group),05 - 05,Implemented,ELA Core,ELA Core,KG - 02
047951,South Point Local,2024–2025,Public District,Open Court Reading 2023 (McGraw Hill),KG - 12,Implemented,Both ELA Core and Reading Intervention,ELA Core,KG - 05
047951,South Point Local,2024–2025,Public District,Other published instr materials incl on Dept approved list,PS - PS,Implemented,Both ELA Core and Reading Intervention,N/A,N/A
044792,South Euclid-Lyndhurst City,2024–2025,Public District,Blast Foundations (Really Great Reading),KG - 06,Implemented,Reading Intervention,Both ELA Core and Reading Intervention,01 - 01
019200,South Columbus Preparatory Academy At Southfield,2024–2025,Community School,Amplify CKLA K-2 Skills (Amplify),KG - 02,Implemented,Both ELA Core and Reading Intervention,ELA Core,KG - 02
019200,South Columbus Preparatory Academy At Southfield,2024–2025,Community School,Amplify CKLA K-5 Core Comprehensive (Amplify),KG - 05,Implemented,Both ELA Core and Reading Intervention,ELA Core,KG - 05
019200,South Columbus Preparatory Academy At Southfield,2024–2025,Community School,Fundations (Wilson Language Training),KG - 02,Implemented,Reading Intervention,Both ELA Core and Reading Intervention,KG - 02
016829,South Columbus Preparatory Academy At German Village,2024–2025,Community School,Amplify CKLA K-2 Skills (Amplify),KG - 02,Implemented,Both ELA Core and Reading Intervention,ELA Core,KG - 02
016829,South Columbus Preparatory Academy At German Village,2024–2025,Community School,Amplify CKLA K-5 Core Comprehensive (Amplify),KG - 05,Implemented,Both ELA Core and Reading Intervention,ELA Core,KG - 05
125658,South Central Ohio Esc,2024–2025,Educational Service Center,Amplify CKLA K-2 Skills (Amplify),KG - 02,Implemented,Both ELA Core and Reading Intervention,ELA Core,KG - 02
125658,South Central Ohio Esc,2024–2025,Educational Service Center,"Creative Curriculum (Teaching Strategies, LLC)",PS - PS,Implemented,Both ELA Core and Reading Intervention,PreK Core,PS - PS
125658,South Central Ohio Esc,2024–2025,Educational Service Center,HMH Into Reading 2020 (Houghton Mifflin Harcourt),PS - 12,Implemented,Both ELA Core and Reading Intervention,ELA Core,KG - 05
125658,South Central Ohio Esc,2024–2025,Educational Service Center,Open Court Reading 2023 (McGraw Hill),KG - 12,Implemented,Both ELA Core and Reading Intervention,ELA Core,KG - 05
125658,South Central Ohio Esc,2024–2025,Educational Service Center,"Reading Horizons Discovery (HEC Software, Inc.)",KG - 12,Implemented,Both ELA Core and Reading Intervention,ELA Core,KG - 02
125658,South Central Ohio Esc,2024–2025,Educational Service Center,Savvas Essentials: Foundational Reading (Savvas),03 - 05,Implemented,Both ELA Core and Reading Intervention,ELA Core,KG - 02
125658,South Central Ohio Esc,2024–2025,Educational Service Center,Wit & Wisdom (Great Minds),KG - 05,Implemented,Both ELA Core and Reading Intervention,ELA Core,03 - 05
125658,South Central Ohio Esc,2024–2025,Educational Service Center,Wonders 2023 (McGraw Hill),KG - 05,Implemented,Both ELA Core and Reading Intervention,ELA Core,KG - 05
125658,South Central Ohio Esc,2024–2025,Educational Service Center,Wonders 2023 (McGraw Hill),PS - 12,Implemented,Both ELA Core and Reading Intervention,ELA Core,KG - 05
047738,South Central Local,2024–2025,Public District,"Creative Curriculum (Teaching Strategies, LLC)",PS - PS,Implemented,ELA Core,PreK Core,PS - PS
046607,Solon City,2024–2025,Public District,Benchmark Advance or Literacy (Benchmark Education),KG - 05,Implemented,Both ELA Core and Reading Intervention,ELA Core,KG - 05
046607,Solon City,2024–2025,Public District,Frog Street Threes and/or Frog Street PreK (FrogStreet),PS - PS,Implemented,Both ELA Core and Reading Intervention,PreK Core,PS - PS
020076,Solon Academy,2024–2025,Community School,Amplify CKLA K-2 Skills (Amplify),KG - 02,Implemented,ELA Core,ELA Core,KG - 02
016812,Smart Academy,2024–2025,Community School,Amplify CKLA K-5 Core Comprehensive (Amplify),KG - 05,Implemented,Both ELA Core and Reading Intervention,ELA Core,KG - 05
149302,Skyway Career Prep High School,2024–2025,Community School,Other published instr materials incl on Dept approved list,09 - 12,Implemented,Reading Intervention,N/A,N/A
044784,Sidney City,2024–2025,Public District,Amplify CKLA K-5 Core Comprehensive (Amplify),KG - 08,Implemented,ELA Core,ELA Core,KG - 05
044784,Sidney City,2024–2025,Public District,"Creative Curriculum (Teaching Strategies, LLC)",PS - PS,Implemented,Both ELA Core and Reading Intervention,PreK Core,PS - PS
044784,Sidney City,2024–2025,Public District,Other published instr materials not on Dept list,01 - 12,Implemented,Reading Intervention,N/A,N/A
044776,Shelby City,2024–2025,Public District,Other published instr materials incl on Dept approved list,KG - 05,Implemented,Reading Intervention,N/A,N/A
044768,Sheffield-Sheffield Lake City,2024–2025,Public District,Amplify CKLA K-2 Skills (Amplify),KG - 05,Implemented,ELA Core,ELA Core,KG - 02
044768,Sheffield-Sheffield Lake City,2024–2025,Public District,Amplify CKLA K-5 Core Comprehensive (Amplify),KG - 05,Implemented,ELA Core,ELA Core,KG - 05
044768,Sheffield-Sheffield Lake City,2024–2025,Public District,Other published instr materials incl on Dept approved list,07 - 08,Implemented,ELA Core,N/A,N/A
044768,Sheffield-Sheffield Lake City,2024–2025,Public District,Other published instr materials incl on Dept approved list,09 - 10,Implemented,ELA Core,N/A,N/A
044768,Sheffield-Sheffield Lake City,2024–2025,Public District,Other published instr materials incl on Dept approved list,06 - 10,Implemented,Reading Intervention,N/A,N/A
044768,Sheffield-Sheffield Lake City,2024–2025,Public District,Other published instr materials incl on Dept approved list,KG - 05,Implemented,Reading Intervention,N/A,N/A
044768,Sheffield-Sheffield Lake City,2024–2025,Public District,PreK On My Way (Scholastic),PS - PS,Implemented,Both ELA Core and Reading Intervention,PreK Core,PS - PS
020092,Sheffield Academy,2024–2025,Community School,HMH Into Reading 2020 (Houghton Mifflin Harcourt),KG - 05,Implemented,Both ELA Core and Reading Intervention,ELA Core,KG - 05
020092,Sheffield Academy,2024–2025,Community School,Other published instr materials incl on Dept approved list,KG - 05,Implemented,Reading Intervention,N/A,N/A
044750,Shaker Heights City,2024–2025,Public District,Fundations (Wilson Language Training),PS - 03,Implemented,ELA Core,Both ELA Core and Reading Intervention,KG - 02
044750,Shaker Heights City,2024–2025,Public District,Other published instr materials not on Dept list,PS - 03,Implemented,ELA Core,N/A,N/A
044750,Shaker Heights City,2024–2025,Public District,Other published instr materials not on Dept list,06 - 12,Implemented,Reading Intervention,N/A,N/A
044750,Shaker Heights City,2024–2025,Public District,Other published instr materials not on Dept list,PS - 05,Implemented,Reading Intervention,N/A,N/A
046003,Shadyside Local,2024–2025,Public District,"Creative Curriculum (Teaching Strategies, LLC)",PS - PS,Implemented,ELA Core,PreK Core,PS - PS
046003,Shadyside Local,2024–2025,Public District,HMH Into Reading 2020 (Houghton Mifflin Harcourt),KG - 05,Implemented,ELA Core,ELA Core,KG - 05
046003,Shadyside Local,2024–2025,Public District,Other published instr materials incl on Dept approved list,PS - 12,Implemented,Both ELA Core and Reading Intervention,N/A,N/A
049684,Seneca East Local,2024–2025,Public District,Imagine Learning EL Education (Imagine Learning),PS - 12,Implemented,Reading Intervention,ELA Core,KG - 05
048355,Sebring Local,2024–2025,Public District,Amplify CKLA K-5 Core Comprehensive (Amplify),04 - 05,Implemented,ELA Core,ELA Core,KG - 05
048355,Sebring Local,2024–2025,Public District,Other published instr materials incl on Dept approved list,KG - 06,Implemented,Reading Intervention,N/A,N/A
048355,Sebring Local,2024–2025,Public District,Other published instr materials not on Dept list,06 - 09,Implemented,ELA Core,N/A,N/A
048355,Sebring Local,2024–2025,Public District,Other published instr materials not on Dept list,07 - 12,Implemented,Reading Intervention,N/A,N/A
048355,Sebring Local,2024–2025,Public District,Wonders 2023 (McGraw Hill),KG - 03,Implemented,ELA Core,ELA Core,KG - 05
143644,Sciotoville Community School,2024–2025,Community School,Amplify CKLA K-2 Skills (Amplify),KG - 02,Implemented,Both ELA Core and Reading Intervention,ELA Core,KG - 02
143644,Sciotoville Community School,2024–2025,Community School,Amplify CKLA K-5 Core Comprehensive (Amplify),KG - 05,Implemented,Both ELA Core and Reading Intervention,ELA Core,KG - 05
143644,Sciotoville Community School,2024–2025,Community School,Other published instr materials incl on Dept approved list,KG - 06,Implemented,Reading Intervention,N/A,N/A
143644,Sciotoville Community School,2024–2025,Community School,Other published instr materials incl on Dept approved list,KG - 12,Implemented,Reading Intervention,N/A,N/A
049130,Scioto Valley Local,2024–2025,Public District,95 Phonics Core Program (95 Percent Group),PS - 04,Implemented,Both ELA Core and Reading Intervention,ELA Core,KG - 02
049130,Scioto Valley Local,2024–2025,Public District,Locally created instruction,05 - 05,Implemented,ELA Core,N/A,N/A
049130,Scioto Valley Local,2024–2025,Public District,"MyView Literacy (Savvas Learning Company, formerly Pearson)",PS - 04,Implemented,ELA Core,ELA Core,KG - 05
049130,Scioto Valley Local,2024–2025,Public District,Other published instr materials incl on Dept approved list,05 - 12,Implemented,Both ELA Core and Reading Intervention,N/A,N/A
051490,Scioto County Joint Vocational School,2024–2025,Joint Vocational School District,Other published instr materials incl on Dept approved list,11 - 12,Implemented,Reading Intervention,N/A,N/A
147231,Schnee Learning Center,2024–2025,Community School,UFLI Foundations: An Explicit and Systematic Phonics Program (Ventris Learning/ULFI),09 - 12,Implemented,Both ELA Core and Reading Intervention,Both ELA Core and Reading Intervention,KG - 02
049940,Sandy Valley Local,2024–2025,Public District,Fundations (Wilson Language Training),KG - 05,Implemented,Reading Intervention,Both ELA Core and Reading Intervention,KG - 02
049940,Sandy Valley Local,2024–2025,Public District,Other published instr materials incl on Dept approved list,PS - PS,Implemented,ELA Core,N/A,N/A
049940,Sandy Valley Local,2024–2025,Public District,Other published instr materials incl on Dept approved list,06 - 12,Implemented,Reading Intervention,N/A,N/A
044743,Sandusky City,2024–2025,Public District,Amplify CKLA K-2 Skills (Amplify),KG - 02,Implemented,ELA Core,ELA Core,KG - 02
044743,Sandusky City,2024–2025,Public District,"Creative Curriculum (Teaching Strategies, LLC)",PS - PS,Implemented,ELA Core,PreK Core,PS - PS
044743,Sandusky City,2024–2025,Public District,HMH Into Reading 2020 (Houghton Mifflin Harcourt),09 - 12,Implemented,ELA Core,ELA Core,KG - 05
044743,Sandusky City,2024–2025,Public District,Other published instr materials incl on Dept approved list,03 - 06,Implemented,Reading Intervention,N/A,N/A
044743,Sandusky City,2024–2025,Public District,Other published instr materials incl on Dept approved list,03 - 08,Implemented,Reading Intervention,N/A,N/A
044743,Sandusky City,2024–2025,Public District,Other published instr materials incl on Dept approved list,PS - 02,Implemented,Reading Intervention,N/A,N/A
044743,Sandusky City,2024–2025,Public District,UFLI Foundations: An Explicit and Systematic Phonics Program (Ventris Learning/ULFI),KG - 03,Implemented,Reading Intervention,Both ELA Core and Reading Intervention,KG - 02
044743,Sandusky City,2024–2025,Public District,Wonders 2020 (McGraw Hill),03 - 06,Implemented,ELA Core,ELA Core,KG - 05
044735,Salem City,2024–2025,Public District,Fundations (Wilson Language Training),KG - 02,Implemented,Both ELA Core and Reading Intervention,Both ELA Core and Reading Intervention,KG - 02
044735,Salem City,2024–2025,Public District,Other published instr materials incl on Dept approved list,KG - 02,Implemented,Both ELA Core and Reading Intervention,N/A,N/A
044735,Salem City,2024–2025,Public District,Other published instr materials incl on Dept approved list,06 - 12,Implemented,ELA Core,N/A,N/A
044735,Salem City,2024–2025,Public District,Other published instr materials incl on Dept approved list,03 - 04,Implemented,Reading Intervention,N/A,N/A
044735,Salem City,2024–2025,Public District,Other published instr materials incl on Dept approved list,03 - 06,Implemented,Reading Intervention,N/A,N/A
044735,Salem City,2024–2025,Public District,Other published instr materials incl on Dept approved list,07 - 08,Implemented,Reading Intervention,N/A,N/A
044735,Salem City,2024–2025,Public District,Other published instr materials incl on Dept approved list,KG - 02,Implemented,Reading Intervention,N/A,N/A
044735,Salem City,2024–2025,Public District,Other published instr materials incl on Dept approved list,KG - 05,Implemented,Reading Intervention,N/A,N/A
044735,Salem City,2024–2025,Public District,UFLI Foundations: An Explicit and Systematic Phonics Program (Ventris Learning/ULFI),KG - 02,Implemented,Reading Intervention,Both ELA Core and Reading Intervention,KG - 02
044735,Salem City,2024–2025,Public District,Wonders 2023 (McGraw Hill),KG - 05,Implemented,ELA Core,ELA Core,KG - 05
019199,Sagewood Preparatory Academy,2024–2025,Community School,Amplify CKLA K-5 Core Comprehensive (Amplify),KG - 05,Implemented,Both ELA Core and Reading Intervention,ELA Core,KG - 05
049817,Russia Local,2024–2025,Public District,Other published instr materials incl on Dept approved list,KG - 12,Implemented,Reading Intervention,N/A,N/A
049817,Russia Local,2024–2025,Public District,Wonders 2023 (McGraw Hill),KG - 05,Implemented,ELA Core,ELA Core,KG - 05
045609,Rossford Exempted Village,2024–2025,Public District,Foundations A-Z (Learning A-Z),03 - 04,Implemented,Reading Intervention,ELA Core,KG - 02
045609,Rossford Exempted Village,2024–2025,Public District,Fundations (Wilson Language Training),KG - 03,Implemented,Both ELA Core and Reading Intervention,Both ELA Core and Reading Intervention,KG - 02
045609,Rossford Exempted Village,2024–2025,Public District,Other published instr materials incl on Dept approved list,03 - 05,Implemented,Reading Intervention,N/A,N/A
045609,Rossford Exempted Village,2024–2025,Public District,Other published instr materials incl on Dept approved list,06 - 08,Implemented,Reading Intervention,N/A,N/A
045609,Rossford Exempted Village,2024–2025,Public District,Other published instr materials not on Dept list,KG - 03,Implemented,Both ELA Core and Reading Intervention,N/A,N/A
045609,Rossford Exempted Village,2024–2025,Public District,UFLI Foundations: An Explicit and Systematic Phonics Program (Ventris Learning/ULFI),KG - 03,Implemented,Reading Intervention,Both ELA Core and Reading Intervention,KG - 02
046144,Ross Local,2024–2025,Public District,95 Phonics Core Program (95 Percent Group),KG - 03,Implemented,ELA Core,ELA Core,KG - 02
046144,Ross Local,2024–2025,Public District,"Creative Curriculum (Teaching Strategies, LLC)",PS - PS,Implemented,ELA Core,PreK Core,PS - PS
046144,Ross Local,2024–2025,Public District,Other published instr materials incl on Dept approved list,04 - 08,Implemented,Reading Intervention,N/A,N/A
046144,Ross Local,2024–2025,Public District,Other published instr materials incl on Dept approved list,KG - 03,Implemented,Reading Intervention,N/A,N/A
046144,Ross Local,2024–2025,Public District,Other published instr materials incl on Dept approved list,KG - 05,Implemented,Reading Intervention,N/A,N/A
046144,Ross Local,2024–2025,Public District,UFLI Foundations: An Explicit and Systematic Phonics Program (Ventris Learning/ULFI),KG - 01,Implemented,Reading Intervention,Both ELA Core and Reading Intervention,KG - 02
049213,Rootstown Local,2024–2025,Public District,Other published instr materials incl on Dept approved list,KG - 12,Implemented,Reading Intervention,N/A,N/A
049213,Rootstown Local,2024–2025,Public District,OUR EL Education K-5 Language Arts (Open Up Resources),KG - 05,Implemented,ELA Core,ELA Core,KG - 05
047308,Rolling Hills Local,2024–2025,Public District,Wonders 2023 (McGraw Hill),PS - 12,Implemented,ELA Core,ELA Core,KG - 05
044701,Rocky River City,2024–2025,Public District,"Creative Curriculum (Teaching Strategies, LLC)",PS - PS,Implemented,Both ELA Core and Reading Intervention,PreK Core,PS - PS
044701,Rocky River City,2024–2025,Public District,Fundations (Wilson Language Training),PS - 03,Implemented,Both ELA Core and Reading Intervention,Both ELA Core and Reading Intervention,KG - 02
044701,Rocky River City,2024–2025,Public District,Other published instr materials not on Dept list,PS - 02,Implemented,Both ELA Core and Reading Intervention,N/A,N/A
044701,Rocky River City,2024–2025,Public District,Other published instr materials not on Dept list,02 - 03,Implemented,Reading Intervention,N/A,N/A
044701,Rocky River City,2024–2025,Public District,Other published instr materials not on Dept list,02 - 12,Implemented,Reading Intervention,N/A,N/A
044701,Rocky River City,2024–2025,Public District,Other published instr materials not on Dept list,04 - 09,Implemented,Reading Intervention,N/A,N/A
044701,Rocky River City,2024–2025,Public District,Wit & Wisdom (Great Minds),KG - 05,Implemented,ELA Core,ELA Core,03 - 05
047944,Rock Hill Local,2024–2025,Public District,Fundations (Wilson Language Training),KG - 02,Implemented,Reading Intervention,Both ELA Core and Reading Intervention,KG - 02
047944,Rock Hill Local,2024–2025,Public District,UFLI Foundations: An Explicit and Systematic Phonics Program (Ventris Learning/ULFI),KG - 05,Implemented,Reading Intervention,Both ELA Core and Reading Intervention,KG - 02
047944,Rock Hill Local,2024–2025,Public District,Wonders 2023 (McGraw Hill),KG - 05,Implemented,Both ELA Core and Reading Intervention,ELA Core,KG - 05
047944,Rock Hill Local,2024–2025,Public District,World of Wonders (McGraw Hill),PS - PS,Implemented,Both ELA Core and Reading Intervention,PreK Core,PS - PS
012040,Road To Success Academy,2024–2025,Community School,Other published instr materials incl on Dept approved list,09 - 12,Implemented,Reading Intervention,N/A,N/A
047894,Riverside Local,2024–2025,Public District,Fundations (Wilson Language Training),KG - 02,Implemented,Both ELA Core and Reading Intervention,Both ELA Core and Reading Intervention,KG - 02
047894,Riverside Local,2024–2025,Public District,Other published instr materials incl on Dept approved list,03 - 05,Implemented,Reading Intervention,N/A,N/A
047894,Riverside Local,2024–2025,Public District,Other published instr materials incl on Dept approved list,03 - 12,Implemented,Reading Intervention,N/A,N/A
047894,Riverside Local,2024–2025,Public District,Wit & Wisdom (Great Minds),KG - 02,Implemented,ELA Core,ELA Core,03 - 05
048090,Riverside Local,2024–2025,Public District,Amplify CKLA K-5 Core Comprehensive (Amplify),KG - 05,Implemented,ELA Core,ELA Core,KG - 05
133678,"Riverside Community School, Inc. Dba Riverside Academy",2024–2025,Community School,Amplify CKLA K-5 Core Comprehensive (Amplify),KG - 05,Implemented,ELA Core,ELA Core,KG - 05
133678,"Riverside Community School, Inc. Dba Riverside Academy",2024–2025,Community School,Foundations A-Z (Learning A-Z),KG - 05,Implemented,Both ELA Core and Reading Intervention,ELA Core,KG - 02
133678,"Riverside Community School, Inc. Dba Riverside Academy",2024–2025,Community School,Fundations (Wilson Language Training),KG - 05,Implemented,Both ELA Core and Reading Intervention,Both ELA Core and Reading Intervention,KG - 02
047514,Riverdale Local,2024–2025,Public District,"MyView Literacy (Savvas Learning Company, formerly Pearson)",KG - 05,Implemented,ELA Core,ELA Core,KG - 05
047514,Riverdale Local,2024–2025,Public District,Other published instr materials incl on Dept approved list,06 - 12,Implemented,Reading Intervention,N/A,N/A
047514,Riverdale Local,2024–2025,Public District,Other published instr materials incl on Dept approved list,KG - 05,Implemented,Reading Intervention,N/A,N/A
047514,Riverdale Local,2024–2025,Public District,Other published instr materials not on Dept list,KG - 05,Implemented,Reading Intervention,N/A,N/A
046482,River View Local,2024–2025,Public District,Amplify CKLA K-5 Core Comprehensive (Amplify),KG - 05,Implemented,ELA Core,ELA Core,KG - 05
046482,River View Local,2024–2025,Public District,"Creative Curriculum (Teaching Strategies, LLC)",PS - PS,Implemented,Both ELA Core and Reading Intervention,PreK Core,PS - PS
048447,River Valley Local,2024–2025,Public District,Magnetic Reading Foundations (Curriculum Associates),03 - 05,Implemented,Both ELA Core and Reading Intervention,Both ELA Core and Reading Intervention,KG - 02
048447,River Valley Local,2024–2025,Public District,Other published instr materials incl on Dept approved list,02 - 02,Implemented,Both ELA Core and Reading Intervention,N/A,N/A
048447,River Valley Local,2024–2025,Public District,Other published instr materials incl on Dept approved list,06 - 12,Implemented,Both ELA Core and Reading Intervention,N/A,N/A
048447,River Valley Local,2024–2025,Public District,Other published instr materials incl on Dept approved list,KG - 01,Implemented,Both ELA Core and Reading Intervention,N/A,N/A
133488,River Gate High School,2024–2025,Community School,Other published instr materials not on Dept list,09 - 12,Implemented,Reading Intervention,N/A,N/A
045591,Rittman Exempted Village,2024–2025,Public District,Savvas Essentials: Foundational Reading (Savvas),06 - 12,Implemented,Both ELA Core and Reading Intervention,ELA Core,KG - 02
045591,Rittman Exempted Village,2024–2025,Public District,UFLI Foundations: An Explicit and Systematic Phonics Program (Ventris Learning/ULFI),KG - 05,Implemented,Both ELA Core and Reading Intervention,Both ELA Core and Reading Intervention,KG - 02
045591,Rittman Exempted Village,2024–2025,Public District,Wonders 2023 (McGraw Hill),KG - 05,Implemented,ELA Core,ELA Core,KG - 05
000640,Rittman Academy,2024–2025,Community School,UFLI Foundations: An Explicit and Systematic Phonics Program (Ventris Learning/ULFI),09 - 12,Implemented,Reading Intervention,Both ELA Core and Reading Intervention,KG - 02
013999,Rise & Shine Academy,2024–2025,Community School,HMH Into Reading 2020 (Houghton Mifflin Harcourt),PS - 06,Implemented,Both ELA Core and Reading Intervention,ELA Core,KG - 05
046078,Ripley-Union-Lewis-Huntington Local,2024–2025,Public District,Benchmark Phonics (Benchmark Education),KG - 06,Implemented,Reading Intervention,ELA Core,KG - 02
046078,Ripley-Union-Lewis-Huntington Local,2024–2025,Public District,Lexia Core 5 Reading (Lexia),KG - 04,Implemented,Both ELA Core and Reading Intervention,Both ELA Core and Reading Intervention,KG - 02
046078,Ripley-Union-Lewis-Huntington Local,2024–2025,Public District,Other published instr materials incl on Dept approved list,KG - 04,Implemented,Both ELA Core and Reading Intervention,N/A,N/A
046474,Ridgewood Local,2024–2025,Public District,Other published instr materials incl on Dept approved list,04 - 05,Implemented,Reading Intervention,N/A,N/A
046474,Ridgewood Local,2024–2025,Public District,Other published instr materials incl on Dept approved list,06 - 10,Implemented,Reading Intervention,N/A,N/A
046474,Ridgewood Local,2024–2025,Public District,Other published instr materials incl on Dept approved list,KG - 04,Implemented,Reading Intervention,N/A,N/A
046474,Ridgewood Local,2024–2025,Public District,Other published instr materials incl on Dept approved list,PS - PS,Implemented,Reading Intervention,N/A,N/A
046474,Ridgewood Local,2024–2025,Public District,Wonders 2023 (McGraw Hill),KG - 05,Implemented,ELA Core,ELA Core,KG - 05
046474,Ridgewood Local,2024–2025,Public District,World of Wonders (McGraw Hill),PS - PS,Implemented,ELA Core,PreK Core,PS - PS
047506,Ridgemont Local,2024–2025,Public District,Other published instr materials not on Dept list,03 - 05,Implemented,Reading Intervention,N/A,N/A
047506,Ridgemont Local,2024–2025,Public District,Other published instr materials not on Dept list,06 - 12,Implemented,Reading Intervention,N/A,N/A
047506,Ridgemont Local,2024–2025,Public District,"Reading Horizons Discovery (HEC Software, Inc.)",KG - 02,Implemented,Reading Intervention,ELA Core,KG - 02
047506,Ridgemont Local,2024–2025,Public District,Wonders 2023 (McGraw Hill),KG - 05,Implemented,ELA Core,ELA Core,KG - 05
048439,Ridgedale Local,2024–2025,Public District,"Creative Curriculum (Teaching Strategies, LLC)",PS - PS,Implemented,ELA Core,PreK Core,PS - PS
048439,Ridgedale Local,2024–2025,Public District,Other published instr materials incl on Dept approved list,KG - 02,Implemented,Both ELA Core and Reading Intervention,N/A,N/A
048439,Ridgedale Local,2024–2025,Public District,Other published instr materials not on Dept list,06 - 12,Implemented,Both ELA Core and Reading Intervention,N/A,N/A
048439,Ridgedale Local,2024–2025,Public District,UFLI Foundations: An Explicit and Systematic Phonics Program (Ventris Learning/ULFI),KG - 02,Implemented,Both ELA Core and Reading Intervention,Both ELA Core and Reading Intervention,KG - 02
046599,Richmond Heights Local,2024–2025,Public District,Amplify CKLA K-5 Core Comprehensive (Amplify),KG - 03,Implemented,Both ELA Core and Reading Intervention,ELA Core,KG - 05
133348,Richard Allen Preparatory,2024–2025,Community School,Imagine Learning EL Education (Imagine Learning),KG - 08,Implemented,Both ELA Core and Reading Intervention,ELA Core,KG - 05
133736,Richard Allen Academy,2024–2025,Community School,Imagine Learning EL Education (Imagine Learning),KG - 06,Implemented,Both ELA Core and Reading Intervention,ELA Core,KG - 05
047001,Reynoldsburg City,2024–2025,Public District,Fundations (Wilson Language Training),KG - 03,Implemented,Reading Intervention,Both ELA Core and Reading Intervention,KG - 02
047001,Reynoldsburg City,2024–2025,Public District,Lexia Core 5 Reading (Lexia),KG - 05,Implemented,Reading Intervention,Both ELA Core and Reading Intervention,KG - 02
050054,Revere Local,2024–2025,Public District,Fundations (Wilson Language Training),PS - 03,Implemented,Both ELA Core and Reading Intervention,Both ELA Core and Reading Intervention,KG - 02
050054,Revere Local,2024–2025,Public District,Other published instr materials incl on Dept approved list,03 - 08,Implemented,Reading Intervention,N/A,N/A
050054,Revere Local,2024–2025,Public District,UFLI Foundations: An Explicit and Systematic Phonics Program (Ventris Learning/ULFI),KG - 05,Implemented,Reading Intervention,Both ELA Core and Reading Intervention,KG - 02
050054,Revere Local,2024–2025,Public District,Wit & Wisdom (Great Minds),KG - 08,Implemented,ELA Core,ELA Core,03 - 05
011439,Renaissance Academy Dba Bessie Sherrod Price Preparatory Aca,2024–2025,Community School,HMH Into Reading 2020 (Houghton Mifflin Harcourt),KG - 05,Implemented,Both ELA Core and Reading Intervention,ELA Core,KG - 05
011439,Renaissance Academy Dba Bessie Sherrod Price Preparatory Aca,2024–2025,Community School,Other published instr materials incl on Dept approved list,03 - 08,Implemented,Reading Intervention,N/A,N/A
011439,Renaissance Academy Dba Bessie Sherrod Price Preparatory Aca,2024–2025,Community School,Other published instr materials not on Dept list,KG - 03,Implemented,Reading Intervention,N/A,N/A
011439,Renaissance Academy Dba Bessie Sherrod Price Preparatory Aca,2024–2025,Community School,Other published instr materials not on Dept list,KG - 04,Implemented,Reading Intervention,N/A,N/A
012036,Regent High School,2024–2025,Community School,Other published instr materials incl on Dept approved list,09 - 12,Implemented,Reading Intervention,N/A,N/A
133504,Regeneration Schools Avondale Elementary,2024–2025,Community School,Amplify CKLA K-5 Core Comprehensive (Amplify),KG - 04,Implemented,Both ELA Core and Reading Intervention,ELA Core,KG - 05
020817,Regeneration Middle School,2024–2025,Community School,Amplify CKLA K-5 Core Comprehensive (Amplify),05 - 08,Implemented,Both ELA Core and Reading Intervention,ELA Core,KG - 05
017490,Regeneration Bond Hill,2024–2025,Community School,Amplify CKLA K-5 Core Comprehensive (Amplify),KG - 04,Implemented,Both ELA Core and Reading Intervention,ELA Core,KG - 05
044693,Reading Community City,2024–2025,Public District,"Creative Curriculum (Teaching Strategies, LLC)",PS - PS,Implemented,Both ELA Core and Reading Intervention,PreK Core,PS - PS
044693,Reading Community City,2024–2025,Public District,"MyView Literacy (Savvas Learning Company, formerly Pearson)",KG - 05,Implemented,ELA Core,ELA Core,KG - 05
044693,Reading Community City,2024–2025,Public District,Other published instr materials incl on Dept approved list,06 - 12,Implemented,ELA Core,N/A,N/A
044693,Reading Community City,2024–2025,Public District,Other published instr materials incl on Dept approved list,04 - 06,Implemented,Reading Intervention,N/A,N/A
044693,Reading Community City,2024–2025,Public District,Other published instr materials incl on Dept approved list,07 - 12,Implemented,Reading Intervention,N/A,N/A
044693,Reading Community City,2024–2025,Public District,Other published instr materials incl on Dept approved list,KG - 03,Implemented,Reading Intervention,N/A,N/A
044693,Reading Community City,2024–2025,Public District,Other published instr materials not on Dept list,PS - PS,Implemented,Both ELA Core and Reading Intervention,N/A,N/A
044685,Ravenna City,2024–2025,Public District,Amplify CKLA K-5 Core Comprehensive (Amplify),KG - 05,Implemented,ELA Core,ELA Core,KG - 05
044685,Ravenna City,2024–2025,Public District,"Creative Curriculum (Teaching Strategies, LLC)",PS - PS,Implemented,ELA Core,PreK Core,PS - PS
044685,Ravenna City,2024–2025,Public District,Other published instr materials not on Dept list,06 - 08,Implemented,ELA Core,N/A,N/A
044685,Ravenna City,2024–2025,Public District,Other published instr materials not on Dept list,KG - 06,Implemented,Reading Intervention,N/A,N/A
044685,Ravenna City,2024–2025,Public District,UFLI Foundations: An Explicit and Systematic Phonics Program (Ventris Learning/ULFI),KG - 05,Implemented,Reading Intervention,Both ELA Core and Reading Intervention,KG - 02
019156,Quaker Preparatory Academy,2024–2025,Community School,Lexia Core 5 Reading (Lexia),KG - 05,Implemented,Reading Intervention,Both ELA Core and Reading Intervention,KG - 02
019156,Quaker Preparatory Academy,2024–2025,Community School,Other published instr materials incl on Dept approved list,KG - 08,Implemented,Reading Intervention,N/A,N/A
019156,Quaker Preparatory Academy,2024–2025,Community School,UFLI Foundations: An Explicit and Systematic Phonics Program (Ventris Learning/ULFI),KG - 08,Implemented,Reading Intervention,Both ELA Core and Reading Intervention,KG - 02
000241,Quaker Digital Academy,2024–2025,Community School,Lexia Core 5 Reading (Lexia),KG - 05,Implemented,Reading Intervention,Both ELA Core and Reading Intervention,KG - 02
000241,Quaker Digital Academy,2024–2025,Community School,Other published instr materials incl on Dept approved list,KG - 08,Implemented,Reading Intervention,N/A,N/A
000241,Quaker Digital Academy,2024–2025,Community School,UFLI Foundations: An Explicit and Systematic Phonics Program (Ventris Learning/ULFI),KG - 08,Implemented,Reading Intervention,Both ELA Core and Reading Intervention,KG - 02
045880,Pymatuning Valley Local School District,2024–2025,Public District,95 Phonics Core Program (95 Percent Group),KG - 05,Implemented,Reading Intervention,ELA Core,KG - 02
045880,Pymatuning Valley Local School District,2024–2025,Public District,Amplify CKLA K-5 Core Comprehensive (Amplify),KG - 05,Implemented,ELA Core,ELA Core,KG - 05
049304,Putnam County Esc,2024–2025,Educational Service Center,High Scope Preschool Curriculum (HighScope),PS - PS,Implemented,Both ELA Core and Reading Intervention,PreK Core,PS - PS
048975,Put-In-Bay Local,2024–2025,Public District,Amplify CKLA PreK (Amplify),PS - PS,Implemented,Both ELA Core and Reading Intervention,PreK Core,PS - PS
048975,Put-In-Bay Local,2024–2025,Public District,Other published instr materials incl on Dept approved list,04 - 06,Implemented,Both ELA Core and Reading Intervention,N/A,N/A
048975,Put-In-Bay Local,2024–2025,Public District,Other published instr materials incl on Dept approved list,07 - 12,Implemented,Both ELA Core and Reading Intervention,N/A,N/A
000936,Promise Academy,2024–2025,Community School,Other published instr materials incl on Dept approved list,09 - 12,Implemented,Both ELA Core and Reading Intervention,N/A,N/A
044677,Princeton City,2024–2025,Public District,Countdown (Really Great Reading),02 - 05,Implemented,Reading Intervention,Both ELA Core and Reading Intervention,KG - KG
044677,Princeton City,2024–2025,Public District,"Creative Curriculum (Teaching Strategies, LLC)",PS - PS,Implemented,ELA Core,PreK Core,PS - PS
044677,Princeton City,2024–2025,Public District,Other published instr materials not on Dept list,PS - 12,Implemented,Both ELA Core and Reading Intervention,N/A,N/A
049288,Preble Shawnee Local,2024–2025,Public District,"Creative Curriculum (Teaching Strategies, LLC)",PS - PS,Implemented,Both ELA Core and Reading Intervention,PreK Core,PS - PS
049288,Preble Shawnee Local,2024–2025,Public District,Foundations A-Z (Learning A-Z),KG - 02,Implemented,Reading Intervention,ELA Core,KG - 02
049288,Preble Shawnee Local,2024–2025,Public District,HMH Into Reading 2020 (Houghton Mifflin Harcourt),KG - 04,Implemented,Both ELA Core and Reading Intervention,ELA Core,KG - 05
049288,Preble Shawnee Local,2024–2025,Public District,"MyView Literacy (Savvas Learning Company, formerly Pearson)",05 - 05,Implemented,Both ELA Core and Reading Intervention,ELA Core,KG - 05
049288,Preble Shawnee Local,2024–2025,Public District,Other published instr materials incl on Dept approved list,06 - 12,Implemented,Both ELA Core and Reading Intervention,N/A,N/A
049288,Preble Shawnee Local,2024–2025,Public District,Other published instr materials incl on Dept approved list,KG - 04,Implemented,Reading Intervention,N/A,N/A
049254,Preble County Esc,2024–2025,Educational Service Center,95 Phonics Core Program (95 Percent Group),PS - PS,Implemented,Both ELA Core and Reading Intervention,ELA Core,KG - 02
044669,Portsmouth City,2024–2025,Public District,UFLI Foundations: An Explicit and Systematic Phonics Program (Ventris Learning/ULFI),KG - 02,Implemented,Reading Intervention,Both ELA Core and Reading Intervention,KG - 02
044669,Portsmouth City,2024–2025,Public District,Wonders 2020 (McGraw Hill),KG - 06,Implemented,ELA Core,ELA Core,KG - 05
044669,Portsmouth City,2024–2025,Public District,World of Wonders (McGraw Hill),PS - PS,Implemented,Both ELA Core and Reading Intervention,PreK Core,PS - PS
044651,Port Clinton City,2024–2025,Public District,95 Phonics Core Program (95 Percent Group),03 - 05,Implemented,Reading Intervention,ELA Core,KG - 02
044651,Port Clinton City,2024–2025,Public District,Amplify CKLA K-5 Core Comprehensive (Amplify),KG - 05,Implemented,ELA Core,ELA Core,KG - 05
044651,Port Clinton City,2024–2025,Public District,Amplify CKLA PreK (Amplify),PS - PS,Implemented,Both ELA Core and Reading Intervention,PreK Core,PS - PS
044651,Port Clinton City,2024–2025,Public District,Frog Street Threes and/or Frog Street PreK (FrogStreet),PS - PS,Implemented,Both ELA Core and Reading Intervention,PreK Core,PS - PS
044651,Port Clinton City,2024–2025,Public District,Other published instr materials incl on Dept approved list,03 - 08,Implemented,Reading Intervention,N/A,N/A
044651,Port Clinton City,2024–2025,Public District,Other published instr materials incl on Dept approved list,KG - 02,Implemented,Reading Intervention,N/A,N/A
048348,Poland Local,2024–2025,Public District,Blast Foundations (Really Great Reading),KG - 01,Implemented,Reading Intervention,Both ELA Core and Reading Intervention,01 - 01
048348,Poland Local,2024–2025,Public District,Countdown (Really Great Reading),01 - 02,Implemented,Reading Intervention,Both ELA Core and Reading Intervention,KG - KG
048348,Poland Local,2024–2025,Public District,HD Word (Really Great Reading),02 - 04,Implemented,Reading Intervention,Both ELA Core and Reading Intervention,02 - 02
048348,Poland Local,2024–2025,Public District,Other published instr materials incl on Dept approved list,06 - 12,Implemented,ELA Core,N/A,N/A
048348,Poland Local,2024–2025,Public District,Other published instr materials incl on Dept approved list,03 - 12,Implemented,Reading Intervention,N/A,N/A
048348,Poland Local,2024–2025,Public District,Other published instr materials incl on Dept approved list,04 - 06,Implemented,Reading Intervention,N/A,N/A
048348,Poland Local,2024–2025,Public District,Other published instr materials incl on Dept approved list,KG - 12,Implemented,Reading Intervention,N/A,N/A
048348,Poland Local,2024–2025,Public District,Other published instr materials incl on Dept approved list,PS - PS,Implemented,Reading Intervention,N/A,N/A
048348,Poland Local,2024–2025,Public District,Other published instr materials not on Dept list,04 - 12,Implemented,Reading Intervention,N/A,N/A
048348,Poland Local,2024–2025,Public District,"The Superkids Reading Program (Zaner-Bloser, Inc.)",KG - 02,Implemented,ELA Core,ELA Core,02 - 02
048348,Poland Local,2024–2025,Public District,Wonders 2023 (McGraw Hill),03 - 05,Implemented,ELA Core,ELA Core,KG - 05
048348,Poland Local,2024–2025,Public District,World of Wonders (McGraw Hill),PS - PS,Implemented,ELA Core,PreK Core,PS - PS
049460,Plymouth-Shiloh Local,2024–2025,Public District,Amplify CKLA K-5 Core Comprehensive (Amplify),KG - 04,Implemented,ELA Core,ELA Core,KG - 05
049460,Plymouth-Shiloh Local,2024–2025,Public District,Frog Street Threes and/or Frog Street PreK (FrogStreet),PS - PS,Implemented,ELA Core,PreK Core,PS - PS
049460,Plymouth-Shiloh Local,2024–2025,Public District,"MyView Literacy (Savvas Learning Company, formerly Pearson)",05 - 05,Implemented,ELA Core,ELA Core,KG - 05
049460,Plymouth-Shiloh Local,2024–2025,Public District,Other published instr materials incl on Dept approved list,KG - 12,Implemented,Reading Intervention,N/A,N/A
049460,Plymouth-Shiloh Local,2024–2025,Public District,Other published instr materials incl on Dept approved list,PS - 12,Implemented,Reading Intervention,N/A,N/A
048421,Pleasant Local,2024–2025,Public District,Amplify CKLA K-5 Core Comprehensive (Amplify),KG - 04,Implemented,Both ELA Core and Reading Intervention,ELA Core,KG - 05
048421,Pleasant Local,2024–2025,Public District,HMH Into Reading 2020 (Houghton Mifflin Harcourt),05 - 05,Implemented,ELA Core,ELA Core,KG - 05
048421,Pleasant Local,2024–2025,Public District,Other published instr materials incl on Dept approved list,KG - 04,Implemented,Both ELA Core and Reading Intervention,N/A,N/A
048421,Pleasant Local,2024–2025,Public District,Other published instr materials incl on Dept approved list,05 - 12,Implemented,Reading Intervention,N/A,N/A
049932,Plain Local,2024–2025,Public District,Fundations (Wilson Language Training),KG - 02,Implemented,Both ELA Core and Reading Intervention,Both ELA Core and Reading Intervention,KG - 02
049932,Plain Local,2024–2025,Public District,Other published instr materials incl on Dept approved list,03 - 04,Implemented,Reading Intervention,N/A,N/A
049932,Plain Local,2024–2025,Public District,Other published instr materials incl on Dept approved list,03 - 12,Implemented,Reading Intervention,N/A,N/A
049932,Plain Local,2024–2025,Public District,Other published instr materials incl on Dept approved list,05 - 06,Implemented,Reading Intervention,N/A,N/A
049932,Plain Local,2024–2025,Public District,Wit & Wisdom (Great Minds),KG - 05,Implemented,ELA Core,ELA Core,03 - 05
044644,Piqua City,2024–2025,Public District,Amplify CKLA K-5 Core Comprehensive (Amplify),KG - 05,Implemented,ELA Core,ELA Core,KG - 05
044644,Piqua City,2024–2025,Public District,Other published instr materials not on Dept list,KG - 01,Implemented,Both ELA Core and Reading Intervention,N/A,N/A
044644,Piqua City,2024–2025,Public District,"Reading Horizons Discovery (HEC Software, Inc.)",04 - 12,Implemented,Reading Intervention,ELA Core,KG - 02
044644,Piqua City,2024–2025,Public District,UFLI Foundations: An Explicit and Systematic Phonics Program (Ventris Learning/ULFI),01 - 03,Implemented,Reading Intervention,Both ELA Core and Reading Intervention,KG - 02
000543,Pinnacle Academy,2024–2025,Community School,Lexia Core 5 Reading (Lexia),KG - 05,Implemented,Reading Intervention,Both ELA Core and Reading Intervention,KG - 02
000543,Pinnacle Academy,2024–2025,Community School,Other published instr materials not on Dept list,03 - 08,Implemented,Reading Intervention,N/A,N/A
051375,Pike County Area,2024–2025,Joint Vocational School District,Locally created instruction,10 - 12,Implemented,Reading Intervention,N/A,N/A
046896,Pickerington Local,2024–2025,Public District,95 Phonics Core Program (95 Percent Group),05 - 06,Implemented,Reading Intervention,ELA Core,KG - 02
046896,Pickerington Local,2024–2025,Public District,Fundations (Wilson Language Training),KG - 03,Implemented,ELA Core,Both ELA Core and Reading Intervention,KG - 02
046896,Pickerington Local,2024–2025,Public District,PreK On My Way (Scholastic),PS - PS,Implemented,Both ELA Core and Reading Intervention,PreK Core,PS - PS
046896,Pickerington Local,2024–2025,Public District,UFLI Foundations: An Explicit and Systematic Phonics Program (Ventris Learning/ULFI),KG - 04,Implemented,Reading Intervention,Both ELA Core and Reading Intervention,KG - 02
046896,Pickerington Local,2024–2025,Public District,Wit & Wisdom (Great Minds),KG - 05,Implemented,Reading Intervention,ELA Core,03 - 05
049072,Pickaway County Esc,2024–2025,Educational Service Center,95 Phonics Core Program (95 Percent Group),PS - PS,Implemented,Both ELA Core and Reading Intervention,ELA Core,KG - 02
000736,Phoenix Village Academy Primary 2 Dba Wings Academy 1,2024–2025,Community School,Other published instr materials not on Dept list,06 - 08,Implemented,Both ELA Core and Reading Intervention,N/A,N/A
000736,Phoenix Village Academy Primary 2 Dba Wings Academy 1,2024–2025,Community School,Wonders 2023 (McGraw Hill),KG - 05,Implemented,Both ELA Core and Reading Intervention,ELA Core,KG - 05
047076,Pettisville Local,2024–2025,Public District,Amplify CKLA K-5 Core Comprehensive (Amplify),KG - 06,Implemented,Reading Intervention,ELA Core,KG - 05
047076,Pettisville Local,2024–2025,Public District,HMH Into Reading 2020 (Houghton Mifflin Harcourt),07 - 12,Implemented,Reading Intervention,ELA Core,KG - 05
047076,Pettisville Local,2024–2025,Public District,Other published instr materials incl on Dept approved list,KG - 02,Implemented,ELA Core,N/A,N/A
047076,Pettisville Local,2024–2025,Public District,Wonders 2023 (McGraw Hill),03 - 05,Implemented,ELA Core,ELA Core,KG - 05
045583,Perrysburg Exempted Village,2024–2025,Public District,Fundations (Wilson Language Training),KG - 03,Implemented,Both ELA Core and Reading Intervention,Both ELA Core and Reading Intervention,KG - 02
045583,Perrysburg Exempted Village,2024–2025,Public District,Other published instr materials incl on Dept approved list,03 - 12,Implemented,Reading Intervention,N/A,N/A
045583,Perrysburg Exempted Village,2024–2025,Public District,Other published instr materials incl on Dept approved list,06 - 12,Implemented,Reading Intervention,N/A,N/A
045583,Perrysburg Exempted Village,2024–2025,Public District,Other published instr materials incl on Dept approved list,KG - 04,Implemented,Reading Intervention,N/A,N/A
045583,Perrysburg Exempted Village,2024–2025,Public District,Other published instr materials not on Dept list,07 - 12,Implemented,ELA Core,N/A,N/A
045583,Perrysburg Exempted Village,2024–2025,Public District,PreK On My Way (Scholastic),PS - PS,Implemented,ELA Core,PreK Core,PS - PS
045583,Perrysburg Exempted Village,2024–2025,Public District,Wit & Wisdom (Great Minds),KG - 06,Implemented,ELA Core,ELA Core,03 - 05
045781,Perry Local,2024–2025,Public District,95 Phonics Core Program (95 Percent Group),KG - 06,Implemented,Reading Intervention,ELA Core,KG - 02
045781,Perry Local,2024–2025,Public District,Amplify CKLA K-5 Core Comprehensive (Amplify),KG - 06,Implemented,ELA Core,ELA Core,KG - 05
045781,Perry Local,2024–2025,Public District,Other published instr materials incl on Dept approved list,07 - 12,Implemented,Both ELA Core and Reading Intervention,N/A,N/A
047902,Perry Local,2024–2025,Public District,Benchmark Advance or Literacy (Benchmark Education),PS - 07,Implemented,Both ELA Core and Reading Intervention,ELA Core,KG - 05
049924,Perry Local,2024–2025,Public District,95 Phonics Core Program (95 Percent Group),01 - 06,Implemented,Reading Intervention,ELA Core,KG - 02
049924,Perry Local,2024–2025,Public District,Amplify CKLA K-5 Core Comprehensive (Amplify),KG - 05,Implemented,ELA Core,ELA Core,KG - 05
049924,Perry Local,2024–2025,Public District,Other published instr materials not on Dept list,KG - 01,Implemented,Both ELA Core and Reading Intervention,N/A,N/A
049924,Perry Local,2024–2025,Public District,Other published instr materials not on Dept list,06 - 08,Implemented,ELA Core,N/A,N/A
049924,Perry Local,2024–2025,Public District,Other published instr materials not on Dept list,KG - 01,Implemented,ELA Core,N/A,N/A
049924,Perry Local,2024–2025,Public District,Other published instr materials not on Dept list,02 - 03,Implemented,Reading Intervention,N/A,N/A
049924,Perry Local,2024–2025,Public District,Other published instr materials not on Dept list,03 - 04,Implemented,Reading Intervention,N/A,N/A
049924,Perry Local,2024–2025,Public District,Other published instr materials not on Dept list,05 - 06,Implemented,Reading Intervention,N/A,N/A
049924,Perry Local,2024–2025,Public District,Other published instr materials not on Dept list,05 - 12,Implemented,Reading Intervention,N/A,N/A
049924,Perry Local,2024–2025,Public District,Other published instr materials not on Dept list,KG - 01,Implemented,Reading Intervention,N/A,N/A
049924,Perry Local,2024–2025,Public District,UFLI Foundations: An Explicit and Systematic Phonics Program (Ventris Learning/ULFI),KG - 05,Implemented,Reading Intervention,Both ELA Core and Reading Intervention,KG - 02
046813,Perkins Local,2024–2025,Public District,95 Phonics Core Program (95 Percent Group),KG - 05,Implemented,Both ELA Core and Reading Intervention,ELA Core,KG - 02
046813,Perkins Local,2024–2025,Public District,OUR Bookworms K-5 Reading & Writing (Open Up Resources),KG - 05,Implemented,Both ELA Core and Reading Intervention,ELA Core,KG - 05
046813,Perkins Local,2024–2025,Public District,World of Wonders (McGraw Hill),PS - PS,Implemented,Both ELA Core and Reading Intervention,PreK Core,PS - PS
010182,Performance Academy Eastland,2024–2025,Community School,HMH Into Reading 2020 (Houghton Mifflin Harcourt),KG - 05,Implemented,ELA Core,ELA Core,KG - 05
051359,Penta Career Center - District,2024–2025,Joint Vocational School District,Fundations (Wilson Language Training),10 - 12,Implemented,Reading Intervention,Both ELA Core and Reading Intervention,KG - 02
051359,Penta Career Center - District,2024–2025,Joint Vocational School District,"MyView Literacy (Savvas Learning Company, formerly Pearson)",10 - 12,Implemented,ELA Core,ELA Core,KG - 05
012045,Patriot Preparatory Academy,2024–2025,Community School,Fishtank Plus ELA K-2 2021 (Fishtank Learning),PS - 05,Implemented,Both ELA Core and Reading Intervention,ELA Core,KG - 02
047597,Patrick Henry Local,2024–2025,Public District,Fundations (Wilson Language Training),KG - 04,Implemented,Both ELA Core and Reading Intervention,Both ELA Core and Reading Intervention,KG - 02
047597,Patrick Henry Local,2024–2025,Public District,"MyView Literacy (Savvas Learning Company, formerly Pearson)",05 - 05,Implemented,Both ELA Core and Reading Intervention,ELA Core,KG - 05
047597,Patrick Henry Local,2024–2025,Public District,Wit & Wisdom (Great Minds),KG - 04,Implemented,ELA Core,ELA Core,03 - 05
000138,Pathway School Of Discovery,2024–2025,Community School,Lexia Core 5 Reading (Lexia),KG - 05,Implemented,Reading Intervention,Both ELA Core and Reading Intervention,KG - 02
000138,Pathway School Of Discovery,2024–2025,Community School,Other published instr materials not on Dept list,03 - 08,Implemented,Reading Intervention,N/A,N/A
020755,Pathfinder Career Academy Of Ohio,2024–2025,Community School,Other published instr materials incl on Dept approved list,06 - 11,Implemented,Both ELA Core and Reading Intervention,N/A,N/A
044636,Parma City,2024–2025,Public District,Blast Foundations (Really Great Reading),KG - 12,Implemented,Reading Intervention,Both ELA Core and Reading Intervention,01 - 01
044636,Parma City,2024–2025,Public District,Countdown (Really Great Reading),KG - 04,Implemented,Reading Intervention,Both ELA Core and Reading Intervention,KG - KG
044636,Parma City,2024–2025,Public District,"Creative Curriculum (Teaching Strategies, LLC)",PS - PS,Implemented,ELA Core,PreK Core,PS - PS
044636,Parma City,2024–2025,Public District,HD Word (Really Great Reading),KG - 12,Implemented,Reading Intervention,Both ELA Core and Reading Intervention,02 - 02
044636,Parma City,2024–2025,Public District,HMH Into Reading 2020 (Houghton Mifflin Harcourt),KG - 05,Implemented,ELA Core,ELA Core,KG - 05
044636,Parma City,2024–2025,Public District,Lexia Core 5 Reading (Lexia),KG - 12,Implemented,Reading Intervention,Both ELA Core and Reading Intervention,KG - 02
044636,Parma City,2024–2025,Public District,Other published instr materials incl on Dept approved list,06 - 12,Implemented,ELA Core,N/A,N/A
044636,Parma City,2024–2025,Public District,UFLI Foundations: An Explicit and Systematic Phonics Program (Ventris Learning/ULFI),KG - 04,Implemented,Reading Intervention,Both ELA Core and Reading Intervention,KG - 02
048579,Parkway Local,2024–2025,Public District,Fundations (Wilson Language Training),KG - 03,Implemented,Both ELA Core and Reading Intervention,Both ELA Core and Reading Intervention,KG - 02
048579,Parkway Local,2024–2025,Public District,Fundations (Wilson Language Training),PS - PS,Implemented,Reading Intervention,Both ELA Core and Reading Intervention,KG - 02
048579,Parkway Local,2024–2025,Public District,Other published instr materials incl on Dept approved list,03 - 03,Implemented,Reading Intervention,N/A,N/A
048579,Parkway Local,2024–2025,Public District,Other published instr materials incl on Dept approved list,05 - 10,Implemented,Reading Intervention,N/A,N/A
048579,Parkway Local,2024–2025,Public District,Other published instr materials not on Dept list,11 - 12,Implemented,Reading Intervention,N/A,N/A
048579,Parkway Local,2024–2025,Public District,UFLI Foundations: An Explicit and Systematic Phonics Program (Ventris Learning/ULFI),KG - 03,Implemented,Reading Intervention,Both ELA Core and Reading Intervention,KG - 02
048579,Parkway Local,2024–2025,Public District,Wonders 2020 (McGraw Hill),KG - 04,Implemented,Both ELA Core and Reading Intervention,ELA Core,KG - 05
048579,Parkway Local,2024–2025,Public District,Wonders 2020 (McGraw Hill),05 - 05,Implemented,ELA Core,ELA Core,KG - 05
048579,Parkway Local,2024–2025,Public District,World of Wonders (McGraw Hill),PS - PS,Implemented,ELA Core,PreK Core,PS - PS
000941,Par Excellence Academy Dba Par Excellence Stem Academy,2024–2025,Community School,Other published instr materials incl on Dept approved list,KG - 05,Implemented,ELA Core,N/A,N/A
000941,Par Excellence Academy Dba Par Excellence Stem Academy,2024–2025,Community School,Other published instr materials incl on Dept approved list,KG - 05,Implemented,Reading Intervention,N/A,N/A
049395,Pandora-Gilboa Local,2024–2025,Public District,Benchmark Advance or Literacy (Benchmark Education),KG - 05,Implemented,ELA Core,ELA Core,KG - 05
049395,Pandora-Gilboa Local,2024–2025,Public District,Lexia Core 5 Reading (Lexia),KG - 05,Implemented,Reading Intervention,Both ELA Core and Reading Intervention,KG - 02
049395,Pandora-Gilboa Local,2024–2025,Public District,Other published instr materials incl on Dept approved list,06 - 12,Implemented,Reading Intervention,N/A,N/A
049510,Paint Valley Local,2024–2025,Public District,"Creative Curriculum (Teaching Strategies, LLC)",PS - PS,Implemented,Both ELA Core and Reading Intervention,PreK Core,PS - PS
049510,Paint Valley Local,2024–2025,Public District,Open Court Reading 2016/2018 (McGraw Hill),KG - 05,Implemented,ELA Core,ELA Core,KG - 05
049510,Paint Valley Local,2024–2025,Public District,Open Court Reading 2016/2018 (McGraw Hill),KG - 05,Implemented,Reading Intervention,ELA Core,KG - 05
044628,Painesville City Local,2024–2025,Public District,"Creative Curriculum (Teaching Strategies, LLC)",PS - PS,Implemented,ELA Core,PreK Core,PS - PS
044628,Painesville City Local,2024–2025,Public District,"Creative Curriculum (Teaching Strategies, LLC)",PS - PS,Implemented,Reading Intervention,PreK Core,PS - PS
044628,Painesville City Local,2024–2025,Public District,Other published instr materials incl on Dept approved list,06 - 12,Implemented,Reading Intervention,N/A,N/A
044628,Painesville City Local,2024–2025,Public District,UFLI Foundations: An Explicit and Systematic Phonics Program (Ventris Learning/ULFI),KG - 05,Implemented,Reading Intervention,Both ELA Core and Reading Intervention,KG - 02
049387,Ottoville Local,2024–2025,Public District,Other published instr materials incl on Dept approved list,KG - 12,Implemented,Reading Intervention,N/A,N/A
049387,Ottoville Local,2024–2025,Public District,Wonders 2020 (McGraw Hill),KG - 05,Implemented,ELA Core,ELA Core,KG - 05
049379,Ottawa-Glandorf Local,2024–2025,Public District,Blast Foundations (Really Great Reading),01 - 01,Implemented,ELA Core,Both ELA Core and Reading Intervention,01 - 01
049379,Ottawa-Glandorf Local,2024–2025,Public District,Blast Foundations (Really Great Reading),01 - 03,Implemented,Reading Intervention,Both ELA Core and Reading Intervention,01 - 01
049379,Ottawa-Glandorf Local,2024–2025,Public District,Countdown (Really Great Reading),KG - KG,Implemented,ELA Core,Both ELA Core and Reading Intervention,KG - KG
049379,Ottawa-Glandorf Local,2024–2025,Public District,Countdown (Really Great Reading),KG - 01,Implemented,Reading Intervention,Both ELA Core and Reading Intervention,KG - KG
049379,Ottawa-Glandorf Local,2024–2025,Public District,HD Word (Really Great Reading),02 - 02,Implemented,ELA Core,Both ELA Core and Reading Intervention,02 - 02
049379,Ottawa-Glandorf Local,2024–2025,Public District,HD Word (Really Great Reading),02 - 08,Implemented,Reading Intervention,Both ELA Core and Reading Intervention,02 - 02
048215,Ottawa Hills Local,2024–2025,Public District,Fundations (Wilson Language Training),KG - 03,Implemented,Both ELA Core and Reading Intervention,Both ELA Core and Reading Intervention,KG - 02
048215,Ottawa Hills Local,2024–2025,Public District,Locally created instruction,07 - 12,Implemented,ELA Core,N/A,N/A
048215,Ottawa Hills Local,2024–2025,Public District,Other published instr materials incl on Dept approved list,KG - 02,Implemented,Both ELA Core and Reading Intervention,N/A,N/A
048215,Ottawa Hills Local,2024–2025,Public District,Other published instr materials incl on Dept approved list,03 - 12,Implemented,Reading Intervention,N/A,N/A
048215,Ottawa Hills Local,2024–2025,Public District,Other published instr materials incl on Dept approved list,04 - 12,Implemented,Reading Intervention,N/A,N/A
048215,Ottawa Hills Local,2024–2025,Public District,Other published instr materials incl on Dept approved list,KG - 12,Implemented,Reading Intervention,N/A,N/A
049916,Osnaburg Local,2024–2025,Public District,"Creative Curriculum (Teaching Strategies, LLC)",PS - PS,Implemented,Both ELA Core and Reading Intervention,PreK Core,PS - PS
049916,Osnaburg Local,2024–2025,Public District,Foundations A-Z (Learning A-Z),01 - 05,Implemented,Reading Intervention,ELA Core,KG - 02
049916,Osnaburg Local,2024–2025,Public District,Fundations (Wilson Language Training),PS - 05,Implemented,Both ELA Core and Reading Intervention,Both ELA Core and Reading Intervention,KG - 02
049916,Osnaburg Local,2024–2025,Public District,Imagine Learning EL Education (Imagine Learning),KG - 08,Implemented,Reading Intervention,ELA Core,KG - 05
049916,Osnaburg Local,2024–2025,Public District,"MyView Literacy (Savvas Learning Company, formerly Pearson)",01 - 05,Implemented,Both ELA Core and Reading Intervention,ELA Core,KG - 05
049916,Osnaburg Local,2024–2025,Public District,Other published instr materials incl on Dept approved list,KG - 05,Implemented,Both ELA Core and Reading Intervention,N/A,N/A
049916,Osnaburg Local,2024–2025,Public District,Other published instr materials incl on Dept approved list,09 - 12,Implemented,Reading Intervention,N/A,N/A
049916,Osnaburg Local,2024–2025,Public District,Other published instr materials not on Dept list,PS - 05,Implemented,Both ELA Core and Reading Intervention,N/A,N/A
044610,Orrville City,2024–2025,Public District,"Creative Curriculum (Teaching Strategies, LLC)",PS - PS,Implemented,Both ELA Core and Reading Intervention,PreK Core,PS - PS
044610,Orrville City,2024–2025,Public District,Fundations (Wilson Language Training),KG - 03,Implemented,Reading Intervention,Both ELA Core and Reading Intervention,KG - 02
044610,Orrville City,2024–2025,Public District,UFLI Foundations: An Explicit and Systematic Phonics Program (Ventris Learning/ULFI),KG - 05,Implemented,Reading Intervention,Both ELA Core and Reading Intervention,KG - 02
044610,Orrville City,2024–2025,Public District,Wonders 2020 (McGraw Hill),KG - 05,Implemented,ELA Core,ELA Core,KG - 05
000559,Orion Academy,2024–2025,Community School,Lexia Core 5 Reading (Lexia),KG - 05,Implemented,Reading Intervention,Both ELA Core and Reading Intervention,KG - 02
000559,Orion Academy,2024–2025,Community School,Other published instr materials not on Dept list,03 - 08,Implemented,Reading Intervention,N/A,N/A
044602,Oregon City,2024–2025,Public District,Benchmark Advance or Literacy (Benchmark Education),KG - KG,Implemented,ELA Core,ELA Core,KG - 05
044602,Oregon City,2024–2025,Public District,Other published instr materials incl on Dept approved list,KG - 04,Implemented,Both ELA Core and Reading Intervention,N/A,N/A
044602,Oregon City,2024–2025,Public District,Other published instr materials incl on Dept approved list,05 - 06,Implemented,Reading Intervention,N/A,N/A
044602,Oregon City,2024–2025,Public District,Other published instr materials incl on Dept approved list,07 - 08,Implemented,Reading Intervention,N/A,N/A
044602,Oregon City,2024–2025,Public District,Wonders 2020 (McGraw Hill),05 - 05,Implemented,ELA Core,ELA Core,KG - 05
044602,Oregon City,2024–2025,Public District,Wonders 2023 (McGraw Hill),01 - 04,Implemented,ELA Core,ELA Core,KG - 05
016837,Orchard Park Academy,2024–2025,Community School,Other published instr materials incl on Dept approved list,04 - 08,Implemented,Both ELA Core and Reading Intervention,N/A,N/A
016837,Orchard Park Academy,2024–2025,Community School,"Reading Horizons Discovery (HEC Software, Inc.)",KG - 03,Implemented,Both ELA Core and Reading Intervention,ELA Core,KG - 02
016837,Orchard Park Academy,2024–2025,Community School,Wonders 2020 (McGraw Hill),KG - 05,Implemented,ELA Core,ELA Core,KG - 05
049478,Ontario Local,2024–2025,Public District,Fundations (Wilson Language Training),KG - 05,Implemented,Both ELA Core and Reading Intervention,Both ELA Core and Reading Intervention,KG - 02
049478,Ontario Local,2024–2025,Public District,Other published instr materials incl on Dept approved list,06 - 12,Implemented,Reading Intervention,N/A,N/A
049478,Ontario Local,2024–2025,Public District,Wonders 2023 (McGraw Hill),KG - 05,Implemented,ELA Core,ELA Core,KG - 05
046573,Olmsted Falls City,2024–2025,Public District,Fundations (Wilson Language Training),PS - 03,Implemented,Both ELA Core and Reading Intervention,Both ELA Core and Reading Intervention,KG - 02
046573,Olmsted Falls City,2024–2025,Public District,Other published instr materials incl on Dept approved list,02 - 12,Implemented,Reading Intervention,N/A,N/A
046573,Olmsted Falls City,2024–2025,Public District,Other published instr materials incl on Dept approved list,04 - 12,Implemented,Reading Intervention,N/A,N/A
046573,Olmsted Falls City,2024–2025,Public District,Other published instr materials incl on Dept approved list,KG - 06,Implemented,Reading Intervention,N/A,N/A
046573,Olmsted Falls City,2024–2025,Public District,Other published instr materials not on Dept list,PS - 02,Implemented,Both ELA Core and Reading Intervention,N/A,N/A
046573,Olmsted Falls City,2024–2025,Public District,Ready to Advance (Benchmark Education),PS - PS,Implemented,Both ELA Core and Reading Intervention,PreK Core,PS - PS
046763,Olentangy Local,2024–2025,Public District,Fundations (Wilson Language Training),KG - 03,Implemented,Both ELA Core and Reading Intervention,Both ELA Core and Reading Intervention,KG - 02
046763,Olentangy Local,2024–2025,Public District,Lexia Core 5 Reading (Lexia),KG - 05,Implemented,Both ELA Core and Reading Intervention,Both ELA Core and Reading Intervention,KG - 02
046763,Olentangy Local,2024–2025,Public District,Other published instr materials incl on Dept approved list,KG - 12,Implemented,Reading Intervention,N/A,N/A
049726,Old Fort Local,2024–2025,Public District,Amplify CKLA K-5 Core Comprehensive (Amplify),KG - 05,Implemented,Both ELA Core and Reading Intervention,ELA Core,KG - 05
012038,Old Brook High School,2024–2025,Community School,Other published instr materials incl on Dept approved list,09 - 12,Implemented,Reading Intervention,N/A,N/A
142950,Ohio Virtual Academy,2024–2025,Community School,Locally created instruction,06 - 12,Implemented,Both ELA Core and Reading Intervention,N/A,N/A
142950,Ohio Virtual Academy,2024–2025,Community School,Other published instr materials incl on Dept approved list,KG - 05,Implemented,Reading Intervention,N/A,N/A
142950,Ohio Virtual Academy,2024–2025,Community School,Other published instr materials not on Dept list,06 - 12,Implemented,Both ELA Core and Reading Intervention,N/A,N/A
142950,Ohio Virtual Academy,2024–2025,Community School,Wonders 2023 (McGraw Hill),KG - 05,Implemented,ELA Core,ELA Core,KG - 05
051334,Ohio Hi-Point Career Center,2024–2025,Joint Vocational School District,Other published instr materials incl on Dept approved list,10 - 12,Implemented,Both ELA Core and Reading Intervention,N/A,N/A
017643,Ohio Digital Learning School,2024–2025,Community School,Other published instr materials incl on Dept approved list,09 - 12,Implemented,Reading Intervention,N/A,N/A
014067,Ohio Construction Academy,2024–2025,Community School,Other published instr materials incl on Dept approved list,09 - 12,Implemented,ELA Core,N/A,N/A
000236,"Ohio Connections Academy, Inc",2024–2025,Community School,Other published instr materials not on Dept list,KG - 05,Implemented,ELA Core,N/A,N/A
000236,"Ohio Connections Academy, Inc",2024–2025,Community School,UFLI Foundations: An Explicit and Systematic Phonics Program (Ventris Learning/ULFI),KG - 05,Implemented,Reading Intervention,Both ELA Core and Reading Intervention,KG - 02
013253,Ohio College Preparatory School,2024–2025,Community School,HMH Into Reading 2020 (Houghton Mifflin Harcourt),KG - 08,Implemented,Both ELA Core and Reading Intervention,ELA Core,KG - 05
133561,"Ohio Achievement Charter Schools, Inc. Dba Millennium Commun",2024–2025,Community School,Savvas Essentials: Foundational Reading (Savvas),KG - 08,Implemented,Both ELA Core and Reading Intervention,ELA Core,KG - 02
044594,Oberlin City Schools,2024–2025,Public District,Amplify CKLA K-5 Core Comprehensive (Amplify),KG - 05,Implemented,Both ELA Core and Reading Intervention,ELA Core,KG - 05
044594,Oberlin City Schools,2024–2025,Public District,Blast Foundations (Really Great Reading),KG - 05,Implemented,Reading Intervention,Both ELA Core and Reading Intervention,01 - 01
044594,Oberlin City Schools,2024–2025,Public District,Other published instr materials incl on Dept approved list,06 - 12,Implemented,Reading Intervention,N/A,N/A
044594,Oberlin City Schools,2024–2025,Public District,Other published instr materials incl on Dept approved list,KG - 05,Implemented,Reading Intervention,N/A,N/A
044594,Oberlin City Schools,2024–2025,Public District,Other published instr materials incl on Dept approved list,KG - 12,Implemented,Reading Intervention,N/A,N/A
044594,Oberlin City Schools,2024–2025,Public District,World of Wonders (McGraw Hill),PS - PS,Implemented,Reading Intervention,PreK Core,PS - PS
044586,Oakwood City,2024–2025,Public District,"Creative Curriculum (Teaching Strategies, LLC)",PS - PS,Implemented,Both ELA Core and Reading Intervention,PreK Core,PS - PS
044586,Oakwood City,2024–2025,Public District,Fundations (Wilson Language Training),KG - 03,Implemented,Both ELA Core and Reading Intervention,Both ELA Core and Reading Intervention,KG - 02
044586,Oakwood City,2024–2025,Public District,Locally created instruction,07 - 12,Implemented,Both ELA Core and Reading Intervention,N/A,N/A
044586,Oakwood City,2024–2025,Public District,Wit & Wisdom (Great Minds),KG - 06,Implemented,Both ELA Core and Reading Intervention,ELA Core,03 - 05
000679,Oakstone Community School,2024–2025,Community School,Other published instr materials incl on Dept approved list,KG - 12,Implemented,Both ELA Core and Reading Intervention,N/A,N/A
047373,Oak Hills Local,2024–2025,Public District,95 Phonics Core Program (95 Percent Group),KG - 05,Implemented,ELA Core,ELA Core,KG - 02
047373,Oak Hills Local,2024–2025,Public District,95 Phonics Core Program (95 Percent Group),01 - 05,Implemented,Reading Intervention,ELA Core,KG - 02
047373,Oak Hills Local,2024–2025,Public District,95 Phonics Core Program (95 Percent Group),KG - KG,Implemented,Reading Intervention,ELA Core,KG - 02
047373,Oak Hills Local,2024–2025,Public District,"Creative Curriculum (Teaching Strategies, LLC)",PS - PS,Implemented,ELA Core,PreK Core,PS - PS
047373,Oak Hills Local,2024–2025,Public District,Other published instr materials incl on Dept approved list,04 - 08,Implemented,Reading Intervention,N/A,N/A
047373,Oak Hills Local,2024–2025,Public District,Other published instr materials incl on Dept approved list,06 - 09,Implemented,Reading Intervention,N/A,N/A
047761,Oak Hill Union Local,2024–2025,Public District,Other published instr materials incl on Dept approved list,PS - 12,Implemented,Reading Intervention,N/A,N/A
047761,Oak Hill Union Local,2024–2025,Public District,Wonders 2023 (McGraw Hill),KG - 05,Implemented,ELA Core,ELA Core,KG - 05
047761,Oak Hill Union Local,2024–2025,Public District,World of Wonders (McGraw Hill),PS - PS,Implemented,ELA Core,PreK Core,PS - PS
044578,Norwood City,2024–2025,Public District,Amplify CKLA K-5 Core Comprehensive (Amplify),KG - 05,Implemented,Both ELA Core and Reading Intervention,ELA Core,KG - 05
044578,Norwood City,2024–2025,Public District,"Creative Curriculum (Teaching Strategies, LLC)",PS - PS,Implemented,Both ELA Core and Reading Intervention,PreK Core,PS - PS
050567,Norwayne Local,2024–2025,Public District,Foundations A-Z (Learning A-Z),01 - 06,Implemented,Reading Intervention,ELA Core,KG - 02
050567,Norwayne Local,2024–2025,Public District,Fundations (Wilson Language Training),KG - 03,Implemented,Reading Intervention,Both ELA Core and Reading Intervention,KG - 02
050567,Norwayne Local,2024–2025,Public District,HMH Into Reading 2020 (Houghton Mifflin Harcourt),KG - 05,Implemented,Both ELA Core and Reading Intervention,ELA Core,KG - 05
050567,Norwayne Local,2024–2025,Public District,Other published instr materials incl on Dept approved list,01 - 06,Implemented,Reading Intervention,N/A,N/A
050567,Norwayne Local,2024–2025,Public District,Other published instr materials incl on Dept approved list,KG - 12,Implemented,Reading Intervention,N/A,N/A
050567,Norwayne Local,2024–2025,Public District,Other published instr materials not on Dept list,KG - 01,Implemented,Both ELA Core and Reading Intervention,N/A,N/A
050567,Norwayne Local,2024–2025,Public District,Other published instr materials not on Dept list,KG - 03,Implemented,Reading Intervention,N/A,N/A
044560,Norwalk City,2024–2025,Public District,Other published instr materials incl on Dept approved list,KG - 03,Implemented,Reading Intervention,N/A,N/A
044560,Norwalk City,2024–2025,Public District,UFLI Foundations: An Explicit and Systematic Phonics Program (Ventris Learning/ULFI),KG - 03,Implemented,Reading Intervention,Both ELA Core and Reading Intervention,KG - 02
044560,Norwalk City,2024–2025,Public District,Wonders 2023 (McGraw Hill),KG - 05,Implemented,ELA Core,ELA Core,KG - 05
044552,Norton City,2024–2025,Public District,Open Court Reading 2023 (McGraw Hill),KG - 03,Implemented,ELA Core,ELA Core,KG - 05
044552,Norton City,2024–2025,Public District,Other published instr materials incl on Dept approved list,PS - PS,Implemented,Both ELA Core and Reading Intervention,N/A,N/A
044552,Norton City,2024–2025,Public District,Other published instr materials incl on Dept approved list,KG - 02,Implemented,ELA Core,N/A,N/A
044552,Norton City,2024–2025,Public District,UFLI Foundations: An Explicit and Systematic Phonics Program (Ventris Learning/ULFI),KG - 02,Implemented,Reading Intervention,Both ELA Core and Reading Intervention,KG - 02
044552,Norton City,2024–2025,Public District,Wonders 2023 (McGraw Hill),04 - 05,Implemented,ELA Core,ELA Core,KG - 05
050716,Northwood Local Schools,2024–2025,Public District,Amplify CKLA K-5 Core Comprehensive (Amplify),KG - 05,Implemented,ELA Core,ELA Core,KG - 05
050716,Northwood Local Schools,2024–2025,Public District,"Creative Curriculum (Teaching Strategies, LLC)",PS - PS,Implemented,Both ELA Core and Reading Intervention,PreK Core,PS - PS
050716,Northwood Local Schools,2024–2025,Public District,Locally created instruction,07 - 12,Implemented,Reading Intervention,N/A,N/A
050716,Northwood Local Schools,2024–2025,Public District,Other published instr materials incl on Dept approved list,KG - 06,Implemented,Reading Intervention,N/A,N/A
050716,Northwood Local Schools,2024–2025,Public District,Other published instr materials not on Dept list,07 - 12,Implemented,Reading Intervention,N/A,N/A
046268,Northwestern Local,2024–2025,Public District,Amplify CKLA K-5 Core Comprehensive (Amplify),KG - 05,Implemented,ELA Core,ELA Core,KG - 05
046268,Northwestern Local,2024–2025,Public District,"Creative Curriculum (Teaching Strategies, LLC)",PS - PS,Implemented,ELA Core,PreK Core,PS - PS
046268,Northwestern Local,2024–2025,Public District,Fundations (Wilson Language Training),KG - 05,Implemented,Reading Intervention,Both ELA Core and Reading Intervention,KG - 02
046268,Northwestern Local,2024–2025,Public District,Lexia Core 5 Reading (Lexia),KG - 05,Implemented,Reading Intervention,Both ELA Core and Reading Intervention,KG - 02
046268,Northwestern Local,2024–2025,Public District,Other published instr materials incl on Dept approved list,03 - 08,Implemented,Reading Intervention,N/A,N/A
046268,Northwestern Local,2024–2025,Public District,Other published instr materials incl on Dept approved list,KG - 05,Implemented,Reading Intervention,N/A,N/A
046268,Northwestern Local,2024–2025,Public District,Other published instr materials not on Dept list,03 - 05,Implemented,Reading Intervention,N/A,N/A
046268,Northwestern Local,2024–2025,Public District,Other published instr materials not on Dept list,KG - 05,Implemented,Reading Intervention,N/A,N/A
046268,Northwestern Local,2024–2025,Public District,Other published instr materials not on Dept list,PS - 02,Implemented,Reading Intervention,N/A,N/A
000575,Northwest School Of The Arts,2024–2025,Community School,HMH Into Reading 2020 (Houghton Mifflin Harcourt),KG - 05,Implemented,Both ELA Core and Reading Intervention,ELA Core,KG - 05
047365,Northwest Local,2024–2025,Public District,Lexia Core 5 Reading (Lexia),03 - 05,Implemented,Reading Intervention,Both ELA Core and Reading Intervention,KG - 02
047365,Northwest Local,2024–2025,Public District,Other published instr materials incl on Dept approved list,KG - 05,Implemented,ELA Core,N/A,N/A
047365,Northwest Local,2024–2025,Public District,Other published instr materials incl on Dept approved list,06 - 08,Implemented,Reading Intervention,N/A,N/A
047365,Northwest Local,2024–2025,Public District,Other published instr materials incl on Dept approved list,KG - 05,Implemented,Reading Intervention,N/A,N/A
047365,Northwest Local,2024–2025,Public District,Other published instr materials incl on Dept approved list,PS - PS,Implemented,Reading Intervention,N/A,N/A
047365,Northwest Local,2024–2025,Public District,Other published instr materials not on Dept list,KG - 05,Implemented,Reading Intervention,N/A,N/A
049635,Northwest Local,2024–2025,Public District,"Creative Curriculum (Teaching Strategies, LLC)",PS - PS,Implemented,Both ELA Core and Reading Intervention,PreK Core,PS - PS
049635,Northwest Local,2024–2025,Public District,Wonders 2023 (McGraw Hill),KG - 05,Implemented,ELA Core,ELA Core,KG - 05
049908,Northwest Local,2024–2025,Public District,Fundations (Wilson Language Training),KG - 03,Implemented,Both ELA Core and Reading Intervention,Both ELA Core and Reading Intervention,KG - 02
049908,Northwest Local,2024–2025,Public District,Other published instr materials not on Dept list,KG - 02,Implemented,Both ELA Core and Reading Intervention,N/A,N/A
049908,Northwest Local,2024–2025,Public District,Wit & Wisdom (Great Minds),KG - 02,Implemented,Both ELA Core and Reading Intervention,ELA Core,03 - 05
049908,Northwest Local,2024–2025,Public District,Wonders 2020 (McGraw Hill),03 - 05,Implemented,Both ELA Core and Reading Intervention,ELA Core,KG - 05
142968,Northstar School Of Innovation & Leadership,2024–2025,Community School,Fundations (Wilson Language Training),KG - 03,Implemented,Both ELA Core and Reading Intervention,Both ELA Core and Reading Intervention,KG - 02
142968,Northstar School Of Innovation & Leadership,2024–2025,Community School,HMH Into Reading 2020 (Houghton Mifflin Harcourt),KG - 08,Implemented,Both ELA Core and Reading Intervention,ELA Core,KG - 05
142968,Northstar School Of Innovation & Leadership,2024–2025,Community School,Lexia Core 5 Reading (Lexia),KG - 08,Implemented,Reading Intervention,Both ELA Core and Reading Intervention,KG - 02
142968,Northstar School Of Innovation & Leadership,2024–2025,Community School,Other published instr materials incl on Dept approved list,KG - 08,Implemented,Both ELA Core and Reading Intervention,N/A,N/A
048033,Northridge Local,2024–2025,Public District,95 Phonics Core Program (95 Percent Group),04 - 05,Implemented,ELA Core,ELA Core,KG - 02
048033,Northridge Local,2024–2025,Public District,"Creative Curriculum (Teaching Strategies, LLC)",PS - PS,Implemented,ELA Core,PreK Core,PS - PS
048033,Northridge Local,2024–2025,Public District,Fundations (Wilson Language Training),PS - 03,Implemented,Both ELA Core and Reading Intervention,Both ELA Core and Reading Intervention,KG - 02
048033,Northridge Local,2024–2025,Public District,Lexia Core 5 Reading (Lexia),01 - 05,Implemented,Reading Intervention,Both ELA Core and Reading Intervention,KG - 02
048033,Northridge Local,2024–2025,Public District,Other published instr materials not on Dept list,06 - 12,Implemented,Both ELA Core and Reading Intervention,N/A,N/A
048033,Northridge Local,2024–2025,Public District,UFLI Foundations: An Explicit and Systematic Phonics Program (Ventris Learning/ULFI),KG - 05,Implemented,Reading Intervention,Both ELA Core and Reading Intervention,KG - 02
048736,Northridge Local,2024–2025,Public District,Amplify CKLA K-2 Skills (Amplify),KG - 02,Implemented,ELA Core,ELA Core,KG - 02
048736,Northridge Local,2024–2025,Public District,Amplify CKLA K-5 Core Comprehensive (Amplify),KG - 05,Implemented,ELA Core,ELA Core,KG - 05
048736,Northridge Local,2024–2025,Public District,"Creative Curriculum (Teaching Strategies, LLC)",PS - PS,Implemented,ELA Core,PreK Core,PS - PS
048736,Northridge Local,2024–2025,Public District,Other published instr materials incl on Dept approved list,KG - 05,Implemented,Reading Intervention,N/A,N/A
048736,Northridge Local,2024–2025,Public District,Other published instr materials incl on Dept approved list,KG - 07,Implemented,Reading Intervention,N/A,N/A
048736,Northridge Local,2024–2025,Public District,UFLI Foundations: An Explicit and Systematic Phonics Program (Ventris Learning/ULFI),KG - 05,Implemented,Reading Intervention,Both ELA Core and Reading Intervention,KG - 02
048819,Northmor Local,2024–2025,Public District,Fundations (Wilson Language Training),KG - 02,Implemented,Both ELA Core and Reading Intervention,Both ELA Core and Reading Intervention,KG - 02
048819,Northmor Local,2024–2025,Public District,Locally created instruction,07 - 12,Implemented,ELA Core,N/A,N/A
048819,Northmor Local,2024–2025,Public District,Other published instr materials incl on Dept approved list,KG - 08,Implemented,Reading Intervention,N/A,N/A
048819,Northmor Local,2024–2025,Public District,PreK On My Way (Scholastic),PS - PS,Implemented,ELA Core,PreK Core,PS - PS
048728,Northmont City,2024–2025,Public District,95 Phonics Core Program (95 Percent Group),KG - 03,Implemented,Reading Intervention,ELA Core,KG - 02
048728,Northmont City,2024–2025,Public District,"Creative Curriculum (Teaching Strategies, LLC)",PS - PS,Implemented,ELA Core,PreK Core,PS - PS
048728,Northmont City,2024–2025,Public District,Lexia Core 5 Reading (Lexia),KG - 12,Implemented,Reading Intervention,Both ELA Core and Reading Intervention,KG - 02
048728,Northmont City,2024–2025,Public District,Other published instr materials incl on Dept approved list,07 - 12,Implemented,Reading Intervention,N/A,N/A
048728,Northmont City,2024–2025,Public District,OUR Bookworms K-5 Reading & Writing (Open Up Resources),KG - 05,Implemented,ELA Core,ELA Core,KG - 05
048728,Northmont City,2024–2025,Public District,UFLI Foundations: An Explicit and Systematic Phonics Program (Ventris Learning/ULFI),KG - 02,Implemented,ELA Core,Both ELA Core and Reading Intervention,KG - 02
048728,Northmont City,2024–2025,Public District,UFLI Foundations: An Explicit and Systematic Phonics Program (Ventris Learning/ULFI),KG - 06,Implemented,Reading Intervention,Both ELA Core and Reading Intervention,KG - 02
048728,Northmont City,2024–2025,Public District,Wit & Wisdom (Great Minds),06 - 06,Implemented,ELA Core,ELA Core,03 - 05
000511,Northland Preparatory And Fitness Academy,2024–2025,Community School,HMH Into Reading 2020 (Houghton Mifflin Harcourt),KG - 05,Implemented,ELA Core,ELA Core,KG - 05
049056,Northern Local,2024–2025,Public District,Amplify CKLA K-5 Core Comprehensive (Amplify),KG - 05,Implemented,Both ELA Core and Reading Intervention,ELA Core,KG - 05
049056,Northern Local,2024–2025,Public District,UFLI Foundations: An Explicit and Systematic Phonics Program (Ventris Learning/ULFI),KG - 05,Implemented,Both ELA Core and Reading Intervention,Both ELA Core and Reading Intervention,KG - 02
046250,Northeastern Local,2024–2025,Public District,Amplify CKLA K-5 Core Comprehensive (Amplify),KG - 05,Implemented,Both ELA Core and Reading Intervention,ELA Core,KG - 05
046722,Northeastern Local,2024–2025,Public District,Blast Foundations (Really Great Reading),01 - 01,Implemented,Both ELA Core and Reading Intervention,Both ELA Core and Reading Intervention,01 - 01
046722,Northeastern Local,2024–2025,Public District,Countdown (Really Great Reading),KG - KG,Implemented,Both ELA Core and Reading Intervention,Both ELA Core and Reading Intervention,KG - KG
046722,Northeastern Local,2024–2025,Public District,HD Word (Really Great Reading),02 - 03,Implemented,Both ELA Core and Reading Intervention,Both ELA Core and Reading Intervention,02 - 02
011923,Northeast Ohio College Preparatory School,2024–2025,Community School,HMH Into Reading 2020 (Houghton Mifflin Harcourt),KG - 05,Implemented,Both ELA Core and Reading Intervention,ELA Core,KG - 05
011923,Northeast Ohio College Preparatory School,2024–2025,Community School,Other published instr materials incl on Dept approved list,06 - 08,Implemented,Reading Intervention,N/A,N/A
008282,North Woods Career Prep High School,2024–2025,Community School,Other published instr materials incl on Dept approved list,09 - 12,Implemented,Reading Intervention,N/A,N/A
050336,North Union Local School District,2024–2025,Public District,"MyView Literacy (Savvas Learning Company, formerly Pearson)",PS - 05,Implemented,ELA Core,ELA Core,KG - 05
050336,North Union Local School District,2024–2025,Public District,Other published instr materials incl on Dept approved list,06 - 12,Implemented,Both ELA Core and Reading Intervention,N/A,N/A
050336,North Union Local School District,2024–2025,Public District,Other published instr materials incl on Dept approved list,KG - 05,Implemented,Reading Intervention,N/A,N/A
019220,North Shore High School,2024–2025,Community School,Fundations (Wilson Language Training),09 - 12,Implemented,Reading Intervention,Both ELA Core and Reading Intervention,KG - 02
044545,North Royalton City,2024–2025,Public District,Fundations (Wilson Language Training),KG - 04,Implemented,Reading Intervention,Both ELA Core and Reading Intervention,KG - 02
044545,North Royalton City,2024–2025,Public District,Lexia Core 5 Reading (Lexia),KG - 05,Implemented,Reading Intervention,Both ELA Core and Reading Intervention,KG - 02
044545,North Royalton City,2024–2025,Public District,Other published instr materials incl on Dept approved list,PS - 02,Implemented,Both ELA Core and Reading Intervention,N/A,N/A
044545,North Royalton City,2024–2025,Public District,Other published instr materials incl on Dept approved list,03 - 12,Implemented,Reading Intervention,N/A,N/A
044545,North Royalton City,2024–2025,Public District,PreK On My Way (Scholastic),PS - PS,Implemented,ELA Core,PreK Core,PS - PS
044545,North Royalton City,2024–2025,Public District,Wonders 2023 (McGraw Hill),KG - 05,Implemented,Both ELA Core and Reading Intervention,ELA Core,KG - 05
044537,North Ridgeville City,2024–2025,Public District,Benchmark Advance or Literacy (Benchmark Education),KG - 05,Implemented,ELA Core,ELA Core,KG - 05
044537,North Ridgeville City,2024–2025,Public District,Other published instr materials incl on Dept approved list,KG - 08,Implemented,Reading Intervention,N/A,N/A
044537,North Ridgeville City,2024–2025,Public District,Other published instr materials incl on Dept approved list,KG - 12,Implemented,Reading Intervention,N/A,N/A
044537,North Ridgeville City,2024–2025,Public District,PreK On My Way (Scholastic),PS - PS,Implemented,Both ELA Core and Reading Intervention,PreK Core,PS - PS
044537,North Ridgeville City,2024–2025,Public District,"Reading Horizons Discovery (HEC Software, Inc.)",04 - 08,Implemented,Reading Intervention,ELA Core,KG - 02
044529,North Olmsted City,2024–2025,Public District,Fundations (Wilson Language Training),PS - 03,Implemented,Both ELA Core and Reading Intervention,Both ELA Core and Reading Intervention,KG - 02
044529,North Olmsted City,2024–2025,Public District,HMH Into Reading 2020 (Houghton Mifflin Harcourt),KG - 05,Implemented,ELA Core,ELA Core,KG - 05
044529,North Olmsted City,2024–2025,Public District,Other published instr materials incl on Dept approved list,02 - 12,Implemented,Reading Intervention,N/A,N/A
044529,North Olmsted City,2024–2025,Public District,Other published instr materials incl on Dept approved list,04 - 12,Implemented,Reading Intervention,N/A,N/A
044529,North Olmsted City,2024–2025,Public District,Other published instr materials incl on Dept approved list,06 - 10,Implemented,Reading Intervention,N/A,N/A
044529,North Olmsted City,2024–2025,Public District,Other published instr materials incl on Dept approved list,09 - 12,Implemented,Reading Intervention,N/A,N/A
044529,North Olmsted City,2024–2025,Public District,World of Wonders (McGraw Hill),PS - PS,Implemented,ELA Core,PreK Core,PS - PS
048025,North Fork Local,2024–2025,Public District,95 Phonics Core Program (95 Percent Group),PS - PS,Implemented,Both ELA Core and Reading Intervention,ELA Core,KG - 02
048025,North Fork Local,2024–2025,Public District,Benchmark Advance or Literacy (Benchmark Education),KG - 05,Implemented,Both ELA Core and Reading Intervention,ELA Core,KG - 05
048025,North Fork Local,2024–2025,Public District,Fundations (Wilson Language Training),KG - 02,Implemented,Both ELA Core and Reading Intervention,Both ELA Core and Reading Intervention,KG - 02
048025,North Fork Local,2024–2025,Public District,Other published instr materials incl on Dept approved list,KG - 03,Implemented,Reading Intervention,N/A,N/A
143529,North Dayton School Of Discovery,2024–2025,Community School,Lexia Core 5 Reading (Lexia),KG - 05,Implemented,Reading Intervention,Both ELA Core and Reading Intervention,KG - 02
143529,North Dayton School Of Discovery,2024–2025,Community School,Other published instr materials not on Dept list,03 - 08,Implemented,Reading Intervention,N/A,N/A
017538,North Columbus Preparatory Academy,2024–2025,Community School,Amplify CKLA K-5 Core Comprehensive (Amplify),KG - 05,Implemented,ELA Core,ELA Core,KG - 05
017538,North Columbus Preparatory Academy,2024–2025,Community School,Other published instr materials incl on Dept approved list,KG - 08,Implemented,Both ELA Core and Reading Intervention,N/A,N/A
017538,North Columbus Preparatory Academy,2024–2025,Community School,UFLI Foundations: An Explicit and Systematic Phonics Program (Ventris Learning/ULFI),KG - 08,Implemented,Reading Intervention,Both ELA Core and Reading Intervention,KG - 02
044511,North College Hill City,2024–2025,Public District,"Creative Curriculum (Teaching Strategies, LLC)",PS - PS,Implemented,ELA Core,PreK Core,PS - PS
044511,North College Hill City,2024–2025,Public District,"MyView Literacy (Savvas Learning Company, formerly Pearson)",KG - 05,Implemented,ELA Core,ELA Core,KG - 05
044511,North College Hill City,2024–2025,Public District,Other published instr materials incl on Dept approved list,05 - 05,Implemented,Reading Intervention,N/A,N/A
044511,North College Hill City,2024–2025,Public District,Other published instr materials incl on Dept approved list,06 - 08,Implemented,Reading Intervention,N/A,N/A
044511,North College Hill City,2024–2025,Public District,Other published instr materials incl on Dept approved list,KG - 04,Implemented,Reading Intervention,N/A,N/A
044511,North College Hill City,2024–2025,Public District,UFLI Foundations: An Explicit and Systematic Phonics Program (Ventris Learning/ULFI),KG - 04,Implemented,Reading Intervention,Both ELA Core and Reading Intervention,KG - 02
050641,North Central Local,2024–2025,Public District,Blast Foundations (Really Great Reading),01 - 01,Implemented,Reading Intervention,Both ELA Core and Reading Intervention,01 - 01
050641,North Central Local,2024–2025,Public District,Countdown (Really Great Reading),KG - KG,Implemented,Reading Intervention,Both ELA Core and Reading Intervention,KG - KG
050641,North Central Local,2024–2025,Public District,HD Word (Really Great Reading),02 - 03,Implemented,Reading Intervention,Both ELA Core and Reading Intervention,02 - 02
050641,North Central Local,2024–2025,Public District,HMH Into Reading 2020 (Houghton Mifflin Harcourt),KG - 06,Implemented,ELA Core,ELA Core,KG - 05
050641,North Central Local,2024–2025,Public District,Other published instr materials incl on Dept approved list,04 - 12,Implemented,Reading Intervention,N/A,N/A
050641,North Central Local,2024–2025,Public District,Other published instr materials incl on Dept approved list,KG - 06,Implemented,Reading Intervention,N/A,N/A
012054,North Central Academy,2024–2025,Community School,95 Phonics Core Program (95 Percent Group),PS - PS,Implemented,Both ELA Core and Reading Intervention,ELA Core,KG - 02
044503,North Canton City,2024–2025,Public District,Benchmark Advance or Literacy (Benchmark Education),KG - 02,Implemented,ELA Core,ELA Core,KG - 05
044503,North Canton City,2024–2025,Public District,Blast Foundations (Really Great Reading),03 - 05,Implemented,Reading Intervention,Both ELA Core and Reading Intervention,01 - 01
044503,North Canton City,2024–2025,Public District,HD Word (Really Great Reading),03 - 08,Implemented,Reading Intervention,Both ELA Core and Reading Intervention,02 - 02
044503,North Canton City,2024–2025,Public District,Other published instr materials incl on Dept approved list,06 - 12,Implemented,Reading Intervention,N/A,N/A
044503,North Canton City,2024–2025,Public District,Other published instr materials incl on Dept approved list,PS - 02,Implemented,Reading Intervention,N/A,N/A
044503,North Canton City,2024–2025,Public District,Wonders 2023 (McGraw Hill),03 - 05,Implemented,ELA Core,ELA Core,KG - 05
044503,North Canton City,2024–2025,Public District,World of Wonders (McGraw Hill),PS - PS,Implemented,ELA Core,PreK Core,PS - PS
050708,North Baltimore Local,2024–2025,Public District,Other published instr materials incl on Dept approved list,KG - 06,Implemented,Both ELA Core and Reading Intervention,N/A,N/A
050708,North Baltimore Local,2024–2025,Public District,Other published instr materials not on Dept list,PS - PS,Implemented,Both ELA Core and Reading Intervention,N/A,N/A
050708,North Baltimore Local,2024–2025,Public District,UFLI Foundations: An Explicit and Systematic Phonics Program (Ventris Learning/ULFI),07 - 12,Implemented,Reading Intervention,Both ELA Core and Reading Intervention,KG - 02
050708,North Baltimore Local,2024–2025,Public District,Wonders 2023 (McGraw Hill),01 - 05,Implemented,ELA Core,ELA Core,KG - 05
050047,Nordonia Hills City,2024–2025,Public District,Benchmark Advance or Literacy (Benchmark Education),KG - 04,Implemented,Both ELA Core and Reading Intervention,ELA Core,KG - 05
050047,Nordonia Hills City,2024–2025,Public District,Fundations (Wilson Language Training),KG - 04,Implemented,Both ELA Core and Reading Intervention,Both ELA Core and Reading Intervention,KG - 02
050047,Nordonia Hills City,2024–2025,Public District,HMH Into Reading 2020 (Houghton Mifflin Harcourt),05 - 05,Implemented,ELA Core,ELA Core,KG - 05
050047,Nordonia Hills City,2024–2025,Public District,Imagine Learning EL Education (Imagine Learning),KG - 04,Implemented,Reading Intervention,ELA Core,KG - 05
048900,Noble Local,2024–2025,Public District,"Creative Curriculum (Teaching Strategies, LLC)",PS - PS,Implemented,ELA Core,PreK Core,PS - PS
048900,Noble Local,2024–2025,Public District,Other published instr materials incl on Dept approved list,KG - 05,Implemented,ELA Core,N/A,N/A
048900,Noble Local,2024–2025,Public District,Other published instr materials incl on Dept approved list,PS - 12,Implemented,Reading Intervention,N/A,N/A
008280,Noble Academy-Columbus,2024–2025,Community School,Being a Reader (Center for the Collaborative Classroom),KG - 05,Implemented,ELA Core,ELA Core,KG - 03
008280,Noble Academy-Columbus,2024–2025,Community School,Other published instr materials incl on Dept approved list,KG - 08,Implemented,Both ELA Core and Reading Intervention,N/A,N/A
008280,Noble Academy-Columbus,2024–2025,Community School,Other published instr materials incl on Dept approved list,06 - 08,Implemented,ELA Core,N/A,N/A
008280,Noble Academy-Columbus,2024–2025,Community School,Other published instr materials incl on Dept approved list,KG - 05,Implemented,ELA Core,N/A,N/A
008280,Noble Academy-Columbus,2024–2025,Community School,Other published instr materials incl on Dept approved list,KG - 05,Implemented,Reading Intervention,N/A,N/A
008280,Noble Academy-Columbus,2024–2025,Community School,UFLI Foundations: An Explicit and Systematic Phonics Program (Ventris Learning/ULFI),KG - 03,Implemented,Both ELA Core and Reading Intervention,Both ELA Core and Reading Intervention,KG - 02
008278,Noble Academy-Cleveland,2024–2025,Community School,Being a Reader (Center for the Collaborative Classroom),KG - 05,Implemented,ELA Core,ELA Core,KG - 03
008278,Noble Academy-Cleveland,2024–2025,Community School,Other published instr materials incl on Dept approved list,KG - 05,Implemented,Both ELA Core and Reading Intervention,N/A,N/A
008278,Noble Academy-Cleveland,2024–2025,Community School,Other published instr materials incl on Dept approved list,KG - 05,Implemented,Reading Intervention,N/A,N/A
008278,Noble Academy-Cleveland,2024–2025,Community School,UFLI Foundations: An Explicit and Systematic Phonics Program (Ventris Learning/ULFI),KG - 05,Implemented,ELA Core,Both ELA Core and Reading Intervention,KG - 02
019478,Niles Preparatory Academy,2024–2025,Community School,Blast Foundations (Really Great Reading),01 - 02,Implemented,Reading Intervention,Both ELA Core and Reading Intervention,01 - 01
019478,Niles Preparatory Academy,2024–2025,Community School,Countdown (Really Great Reading),KG - KG,Implemented,Reading Intervention,Both ELA Core and Reading Intervention,KG - KG
019478,Niles Preparatory Academy,2024–2025,Community School,HD Word (Really Great Reading),03 - 05,Implemented,Reading Intervention,Both ELA Core and Reading Intervention,02 - 02
019478,Niles Preparatory Academy,2024–2025,Community School,"MyView Literacy (Savvas Learning Company, formerly Pearson)",KG - 05,Implemented,ELA Core,ELA Core,KG - 05
044495,Niles City,2024–2025,Public District,Amplify CKLA K-5 Core Comprehensive (Amplify),03 - 03,Implemented,Reading Intervention,ELA Core,KG - 05
044495,Niles City,2024–2025,Public District,"Creative Curriculum (Teaching Strategies, LLC)",PS - PS,Implemented,ELA Core,PreK Core,PS - PS
044495,Niles City,2024–2025,Public District,Other published instr materials incl on Dept approved list,06 - 08,Implemented,ELA Core,N/A,N/A
044495,Niles City,2024–2025,Public District,Other published instr materials incl on Dept approved list,09 - 12,Implemented,Reading Intervention,N/A,N/A
044495,Niles City,2024–2025,Public District,Other published instr materials incl on Dept approved list,KG - 02,Implemented,Reading Intervention,N/A,N/A
044495,Niles City,2024–2025,Public District,Other published instr materials not on Dept list,PS - 02,Implemented,Both ELA Core and Reading Intervention,N/A,N/A
044495,Niles City,2024–2025,Public District,Other published instr materials not on Dept list,06 - 08,Implemented,Reading Intervention,N/A,N/A
044495,Niles City,2024–2025,Public District,Wonders 2020 (McGraw Hill),03 - 05,Implemented,Both ELA Core and Reading Intervention,ELA Core,KG - 05
044495,Niles City,2024–2025,Public District,Wonders 2020 (McGraw Hill),KG - 02,Implemented,ELA Core,ELA Core,KG - 05
048637,Newton Local,2024–2025,Public District,95 Phonics Core Program (95 Percent Group),KG - 03,Implemented,Reading Intervention,ELA Core,KG - 02
048637,Newton Local,2024–2025,Public District,Amplify CKLA K-5 Core Comprehensive (Amplify),KG - 06,Implemented,ELA Core,ELA Core,KG - 05
045567,Newton Falls Exempted Village,2024–2025,Public District,Fundations (Wilson Language Training),KG - 03,Implemented,Both ELA Core and Reading Intervention,Both ELA Core and Reading Intervention,KG - 02
045567,Newton Falls Exempted Village,2024–2025,Public District,Other published instr materials incl on Dept approved list,06 - 12,Implemented,Reading Intervention,N/A,N/A
045567,Newton Falls Exempted Village,2024–2025,Public District,Other published instr materials incl on Dept approved list,KG - 03,Implemented,Reading Intervention,N/A,N/A
045567,Newton Falls Exempted Village,2024–2025,Public District,Wit & Wisdom (Great Minds),KG - 05,Implemented,Both ELA Core and Reading Intervention,ELA Core,03 - 05
045542,Newcomerstown Exempted Village,2024–2025,Public District,95 Phonics Core Program (95 Percent Group),KG - 03,Implemented,Both ELA Core and Reading Intervention,ELA Core,KG - 02
045542,Newcomerstown Exempted Village,2024–2025,Public District,Lexia Core 5 Reading (Lexia),02 - 05,Implemented,Reading Intervention,Both ELA Core and Reading Intervention,KG - 02
045542,Newcomerstown Exempted Village,2024–2025,Public District,Wonders 2020 (McGraw Hill),KG - 05,Implemented,ELA Core,ELA Core,KG - 05
044453,Newark City Schools,2024–2025,Public District,95 Phonics Core Program (95 Percent Group),PS - PS,Implemented,ELA Core,ELA Core,KG - 02
044453,Newark City Schools,2024–2025,Public District,95 Phonics Core Program (95 Percent Group),PS - 12,Implemented,Reading Intervention,ELA Core,KG - 02
044453,Newark City Schools,2024–2025,Public District,Fundations (Wilson Language Training),KG - 03,Implemented,ELA Core,Both ELA Core and Reading Intervention,KG - 02
044453,Newark City Schools,2024–2025,Public District,UFLI Foundations: An Explicit and Systematic Phonics Program (Ventris Learning/ULFI),PS - 12,Implemented,Reading Intervention,Both ELA Core and Reading Intervention,KG - 02
044453,Newark City Schools,2024–2025,Public District,Wit & Wisdom (Great Minds),KG - 05,Implemented,ELA Core,ELA Core,03 - 05
020761,New Richmond Preparatory Academy,2024–2025,Community School,Amplify CKLA K-2 Skills (Amplify),KG - 02,Implemented,ELA Core,ELA Core,KG - 02
020761,New Richmond Preparatory Academy,2024–2025,Community School,Amplify CKLA K-5 Core Comprehensive (Amplify),KG - 05,Implemented,ELA Core,ELA Core,KG - 05
020761,New Richmond Preparatory Academy,2024–2025,Community School,UFLI Foundations: An Explicit and Systematic Phonics Program (Ventris Learning/ULFI),03 - 05,Implemented,Reading Intervention,Both ELA Core and Reading Intervention,KG - 02
045559,New Richmond Exempted Village,2024–2025,Public District,Amplify CKLA K-5 Core Comprehensive (Amplify),03 - 05,Implemented,Both ELA Core and Reading Intervention,ELA Core,KG - 05
045559,New Richmond Exempted Village,2024–2025,Public District,Frog Street Threes and/or Frog Street PreK (FrogStreet),PS - PS,Implemented,Both ELA Core and Reading Intervention,PreK Core,PS - PS
045559,New Richmond Exempted Village,2024–2025,Public District,Open Court Reading 2023 (McGraw Hill),KG - 02,Implemented,Both ELA Core and Reading Intervention,ELA Core,KG - 05
044487,New Philadelphia City,2024–2025,Public District,Fundations (Wilson Language Training),KG - 03,Implemented,Reading Intervention,Both ELA Core and Reading Intervention,KG - 02
044487,New Philadelphia City,2024–2025,Public District,HMH Into Reading 2020 (Houghton Mifflin Harcourt),02 - 05,Implemented,ELA Core,ELA Core,KG - 05
044487,New Philadelphia City,2024–2025,Public District,Other published instr materials incl on Dept approved list,06 - 12,Implemented,ELA Core,N/A,N/A
044487,New Philadelphia City,2024–2025,Public District,Other published instr materials incl on Dept approved list,02 - 12,Implemented,Reading Intervention,N/A,N/A
044487,New Philadelphia City,2024–2025,Public District,Other published instr materials incl on Dept approved list,KG - 03,Implemented,Reading Intervention,N/A,N/A
044487,New Philadelphia City,2024–2025,Public District,UFLI Foundations: An Explicit and Systematic Phonics Program (Ventris Learning/ULFI),02 - 05,Implemented,Reading Intervention,Both ELA Core and Reading Intervention,KG - 02
044487,New Philadelphia City,2024–2025,Public District,Wit & Wisdom (Great Minds),KG - 01,Implemented,ELA Core,ELA Core,03 - 05
046136,New Miami Local,2024–2025,Public District,Amplify CKLA K-5 Core Comprehensive (Amplify),KG - 05,Implemented,ELA Core,ELA Core,KG - 05
046136,New Miami Local,2024–2025,Public District,Amplify CKLA K-5 Core Comprehensive (Amplify),KG - 05,Implemented,Reading Intervention,ELA Core,KG - 05
046136,New Miami Local,2024–2025,Public District,Amplify CKLA PreK (Amplify),PS - PS,Implemented,ELA Core,PreK Core,PS - PS
046136,New Miami Local,2024–2025,Public District,Other published instr materials incl on Dept approved list,KG - 05,Implemented,Reading Intervention,N/A,N/A
047720,New London Local,2024–2025,Public District,95 Phonics Core Program (95 Percent Group),KG - 05,Implemented,Reading Intervention,ELA Core,KG - 02
047720,New London Local,2024–2025,Public District,"Creative Curriculum (Teaching Strategies, LLC)",PS - PS,Implemented,ELA Core,PreK Core,PS - PS
047720,New London Local,2024–2025,Public District,Other published instr materials incl on Dept approved list,06 - 12,Implemented,Reading Intervention,N/A,N/A
047720,New London Local,2024–2025,Public District,Wit & Wisdom (Great Minds),KG - 08,Implemented,ELA Core,ELA Core,03 - 05
044479,New Lexington School District,2024–2025,Public District,Frog Street Threes and/or Frog Street PreK (FrogStreet),PS - PS,Implemented,Both ELA Core and Reading Intervention,PreK Core,PS - PS
044479,New Lexington School District,2024–2025,Public District,Other published instr materials not on Dept list,09 - 12,Implemented,ELA Core,N/A,N/A
044479,New Lexington School District,2024–2025,Public District,Other published instr materials not on Dept list,KG - 05,Implemented,ELA Core,N/A,N/A
044479,New Lexington School District,2024–2025,Public District,Other published instr materials not on Dept list,06 - 08,Implemented,Reading Intervention,N/A,N/A
044479,New Lexington School District,2024–2025,Public District,Other published instr materials not on Dept list,09 - 12,Implemented,Reading Intervention,N/A,N/A
044479,New Lexington School District,2024–2025,Public District,Other published instr materials not on Dept list,PS - PS,Implemented,Reading Intervention,N/A,N/A
048710,New Lebanon Local School District,2024–2025,Public District,"Creative Curriculum (Teaching Strategies, LLC)",PS - PS,Implemented,ELA Core,PreK Core,PS - PS
048710,New Lebanon Local School District,2024–2025,Public District,"MyView Literacy (Savvas Learning Company, formerly Pearson)",05 - 05,Implemented,ELA Core,ELA Core,KG - 05
048710,New Lebanon Local School District,2024–2025,Public District,Other published instr materials not on Dept list,05 - 12,Implemented,Both ELA Core and Reading Intervention,N/A,N/A
048710,New Lebanon Local School District,2024–2025,Public District,Other published instr materials not on Dept list,KG - 04,Implemented,Both ELA Core and Reading Intervention,N/A,N/A
048710,New Lebanon Local School District,2024–2025,Public District,Other published instr materials not on Dept list,06 - 08,Implemented,ELA Core,N/A,N/A
048710,New Lebanon Local School District,2024–2025,Public District,Other published instr materials not on Dept list,09 - 12,Implemented,Reading Intervention,N/A,N/A
048710,New Lebanon Local School District,2024–2025,Public District,Other published instr materials not on Dept list,KG - 08,Implemented,Reading Intervention,N/A,N/A
048710,New Lebanon Local School District,2024–2025,Public District,UFLI Foundations: An Explicit and Systematic Phonics Program (Ventris Learning/ULFI),KG - 04,Implemented,Reading Intervention,Both ELA Core and Reading Intervention,KG - 02
048710,New Lebanon Local School District,2024–2025,Public District,Wonders 2020 (McGraw Hill),KG - 04,Implemented,ELA Core,ELA Core,KG - 05
045963,New Knoxville Local,2024–2025,Public District,Fundations (Wilson Language Training),KG - 05,Implemented,Reading Intervention,Both ELA Core and Reading Intervention,KG - 02
045963,New Knoxville Local,2024–2025,Public District,Other published instr materials incl on Dept approved list,06 - 12,Implemented,Reading Intervention,N/A,N/A
045963,New Knoxville Local,2024–2025,Public District,Wonders 2020 (McGraw Hill),KG - 05,Implemented,ELA Core,ELA Core,KG - 05
045955,New Bremen Local,2024–2025,Public District,Other published instr materials incl on Dept approved list,01 - 01,Implemented,Reading Intervention,N/A,N/A
045955,New Bremen Local,2024–2025,Public District,Other published instr materials incl on Dept approved list,07 - 12,Implemented,Reading Intervention,N/A,N/A
045955,New Bremen Local,2024–2025,Public District,Other published instr materials incl on Dept approved list,KG - 01,Implemented,Reading Intervention,N/A,N/A
045955,New Bremen Local,2024–2025,Public District,Other published instr materials not on Dept list,02 - 02,Implemented,Reading Intervention,N/A,N/A
045955,New Bremen Local,2024–2025,Public District,Other published instr materials not on Dept list,06 - 06,Implemented,Reading Intervention,N/A,N/A
045955,New Bremen Local,2024–2025,Public District,Other published instr materials not on Dept list,KG - 01,Implemented,Reading Intervention,N/A,N/A
045955,New Bremen Local,2024–2025,Public District,UFLI Foundations: An Explicit and Systematic Phonics Program (Ventris Learning/ULFI),KG - 05,Implemented,Reading Intervention,Both ELA Core and Reading Intervention,KG - 02
045955,New Bremen Local,2024–2025,Public District,Wonders 2020 (McGraw Hill),KG - 06,Implemented,ELA Core,ELA Core,KG - 05
044461,New Boston Local,2024–2025,Public District,Locally created instruction,07 - 12,Implemented,Reading Intervention,N/A,N/A
044461,New Boston Local,2024–2025,Public District,Other published instr materials incl on Dept approved list,KG - 02,Implemented,ELA Core,N/A,N/A
044461,New Boston Local,2024–2025,Public District,Other published instr materials incl on Dept approved list,02 - 06,Implemented,Reading Intervention,N/A,N/A
044461,New Boston Local,2024–2025,Public District,Other published instr materials incl on Dept approved list,07 - 12,Implemented,Reading Intervention,N/A,N/A
044461,New Boston Local,2024–2025,Public District,Other published instr materials incl on Dept approved list,KG - 06,Implemented,Reading Intervention,N/A,N/A
044461,New Boston Local,2024–2025,Public District,Wonders 2020 (McGraw Hill),KG - 05,Implemented,ELA Core,ELA Core,KG - 05
044461,New Boston Local,2024–2025,Public District,Wonders 2020 (McGraw Hill),01 - 01,Implemented,Reading Intervention,ELA Core,KG - 05
046995,New Albany-Plain Local,2024–2025,Public District,95 Phonics Core Program (95 Percent Group),04 - 05,Implemented,ELA Core,ELA Core,KG - 02
046995,New Albany-Plain Local,2024–2025,Public District,Frog Street Threes and/or Frog Street PreK (FrogStreet),PS - PS,Implemented,ELA Core,PreK Core,PS - PS
046995,New Albany-Plain Local,2024–2025,Public District,Fundations (Wilson Language Training),KG - 03,Implemented,ELA Core,Both ELA Core and Reading Intervention,KG - 02
046995,New Albany-Plain Local,2024–2025,Public District,Lexia Core 5 Reading (Lexia),KG - 06,Implemented,Reading Intervention,Both ELA Core and Reading Intervention,KG - 02
046995,New Albany-Plain Local,2024–2025,Public District,Other published instr materials incl on Dept approved list,KG - 02,Implemented,ELA Core,N/A,N/A
046995,New Albany-Plain Local,2024–2025,Public District,Other published instr materials incl on Dept approved list,04 - 06,Implemented,Reading Intervention,N/A,N/A
046995,New Albany-Plain Local,2024–2025,Public District,Other published instr materials incl on Dept approved list,07 - 12,Implemented,Reading Intervention,N/A,N/A
046995,New Albany-Plain Local,2024–2025,Public District,Other published instr materials incl on Dept approved list,PS - PS,Implemented,Reading Intervention,N/A,N/A
046995,New Albany-Plain Local,2024–2025,Public District,UFLI Foundations: An Explicit and Systematic Phonics Program (Ventris Learning/ULFI),KG - 02,Implemented,Reading Intervention,Both ELA Core and Reading Intervention,KG - 02
044446,Nelsonville-York City,2024–2025,Public District,Amplify CKLA K-5 Core Comprehensive (Amplify),KG - 05,Implemented,Both ELA Core and Reading Intervention,ELA Core,KG - 05
044446,Nelsonville-York City,2024–2025,Public District,Amplify CKLA PreK (Amplify),PS - PS,Implemented,ELA Core,PreK Core,PS - PS
044446,Nelsonville-York City,2024–2025,Public District,Other published instr materials incl on Dept approved list,04 - 05,Implemented,Reading Intervention,N/A,N/A
044446,Nelsonville-York City,2024–2025,Public District,Other published instr materials incl on Dept approved list,06 - 08,Implemented,Reading Intervention,N/A,N/A
044446,Nelsonville-York City,2024–2025,Public District,Other published instr materials incl on Dept approved list,06 - 12,Implemented,Reading Intervention,N/A,N/A
044446,Nelsonville-York City,2024–2025,Public District,UFLI Foundations: An Explicit and Systematic Phonics Program (Ventris Learning/ULFI),PS - 03,Implemented,Reading Intervention,Both ELA Core and Reading Intervention,KG - 02
012030,Near West Intergenerational School,2024–2025,Community School,OUR Bookworms K-5 Reading & Writing (Open Up Resources),KG - 08,Implemented,Both ELA Core and Reading Intervention,ELA Core,KG - 05
044438,Napoleon Area City,2024–2025,Public District,"Creative Curriculum (Teaching Strategies, LLC)",PS - PS,Implemented,Both ELA Core and Reading Intervention,PreK Core,PS - PS
044438,Napoleon Area City,2024–2025,Public District,Other published instr materials incl on Dept approved list,KG - 12,Implemented,Reading Intervention,N/A,N/A
044438,Napoleon Area City,2024–2025,Public District,Other published instr materials not on Dept list,KG - 03,Implemented,Reading Intervention,N/A,N/A
044438,Napoleon Area City,2024–2025,Public District,Other published instr materials not on Dept list,KG - 12,Implemented,Reading Intervention,N/A,N/A
044438,Napoleon Area City,2024–2025,Public District,Wonders 2023 (McGraw Hill),KG - 05,Implemented,ELA Core,ELA Core,KG - 05
125252,Muskingum Valley Esc,2024–2025,Educational Service Center,Frog Street Threes and/or Frog Street PreK (FrogStreet),PS - PS,Implemented,Both ELA Core and Reading Intervention,PreK Core,PS - PS
000953,Mt. Healthy Preparatory And Fitness Academy,2024–2025,Community School,HMH Into Reading 2020 (Houghton Mifflin Harcourt),KG - 05,Implemented,ELA Core,ELA Core,KG - 05
044412,Mt Healthy City,2024–2025,Public District,Other published instr materials incl on Dept approved list,KG - 02,Implemented,Both ELA Core and Reading Intervention,N/A,N/A
044412,Mt Healthy City,2024–2025,Public District,Other published instr materials incl on Dept approved list,PS - PS,Implemented,Both ELA Core and Reading Intervention,N/A,N/A
044412,Mt Healthy City,2024–2025,Public District,Other published instr materials incl on Dept approved list,03 - 06,Implemented,Reading Intervention,N/A,N/A
044412,Mt Healthy City,2024–2025,Public District,Other published instr materials incl on Dept approved list,04 - 06,Implemented,Reading Intervention,N/A,N/A
044412,Mt Healthy City,2024–2025,Public District,Other published instr materials incl on Dept approved list,KG - KG,Implemented,Reading Intervention,N/A,N/A
044412,Mt Healthy City,2024–2025,Public District,Wit & Wisdom (Great Minds),KG - 05,Implemented,ELA Core,ELA Core,03 - 05
044420,Mount Vernon City,2024–2025,Public District,Fundations (Wilson Language Training),KG - 05,Implemented,Reading Intervention,Both ELA Core and Reading Intervention,KG - 02
044420,Mount Vernon City,2024–2025,Public District,Lexia Core 5 Reading (Lexia),06 - 12,Implemented,Reading Intervention,Both ELA Core and Reading Intervention,KG - 02
044420,Mount Vernon City,2024–2025,Public District,Lexia Core 5 Reading (Lexia),KG - 05,Implemented,Reading Intervention,Both ELA Core and Reading Intervention,KG - 02
045534,Mount Gilead Exempted Village,2024–2025,Public District,Amplify CKLA K-5 Core Comprehensive (Amplify),KG - 05,Implemented,ELA Core,ELA Core,KG - 05
045534,Mount Gilead Exempted Village,2024–2025,Public District,"Creative Curriculum (Teaching Strategies, LLC)",PS - PS,Implemented,ELA Core,PreK Core,PS - PS
045534,Mount Gilead Exempted Village,2024–2025,Public District,Fundations (Wilson Language Training),KG - 03,Implemented,Both ELA Core and Reading Intervention,Both ELA Core and Reading Intervention,KG - 02
045534,Mount Gilead Exempted Village,2024–2025,Public District,Other published instr materials incl on Dept approved list,03 - 12,Implemented,Reading Intervention,N/A,N/A
045534,Mount Gilead Exempted Village,2024–2025,Public District,Other published instr materials incl on Dept approved list,KG - 05,Implemented,Reading Intervention,N/A,N/A
017274,Mount Auburn Preparatory Academy,2024–2025,Community School,Amplify CKLA K-2 Skills (Amplify),KG - 02,Implemented,ELA Core,ELA Core,KG - 02
017274,Mount Auburn Preparatory Academy,2024–2025,Community School,Amplify CKLA K-5 Core Comprehensive (Amplify),KG - 05,Implemented,ELA Core,ELA Core,KG - 05
017274,Mount Auburn Preparatory Academy,2024–2025,Community School,Fundations (Wilson Language Training),KG - 04,Implemented,Reading Intervention,Both ELA Core and Reading Intervention,KG - 02
017274,Mount Auburn Preparatory Academy,2024–2025,Community School,Other published instr materials incl on Dept approved list,06 - 08,Implemented,ELA Core,N/A,N/A
020728,Mosaic Classical Academy,2024–2025,Community School,Amplify CKLA PreK (Amplify),KG - 01,Implemented,Both ELA Core and Reading Intervention,PreK Core,PS - PS
048777,Morgan Local,2024–2025,Public District,Frog Street Threes and/or Frog Street PreK (FrogStreet),PS - PS,Implemented,Both ELA Core and Reading Intervention,PreK Core,PS - PS
048777,Morgan Local,2024–2025,Public District,HMH Into Reading 2020 (Houghton Mifflin Harcourt),KG - 12,Implemented,ELA Core,ELA Core,KG - 05
045526,Montpelier Exempted Village,2024–2025,Public District,Amplify CKLA K-5 Core Comprehensive (Amplify),KG - 05,Implemented,Both ELA Core and Reading Intervention,ELA Core,KG - 05
045526,Montpelier Exempted Village,2024–2025,Public District,Lexia Core 5 Reading (Lexia),KG - 05,Implemented,Both ELA Core and Reading Intervention,Both ELA Core and Reading Intervention,KG - 02
045526,Montpelier Exempted Village,2024–2025,Public District,"MyView Literacy (Savvas Learning Company, formerly Pearson)",KG - 05,Implemented,Both ELA Core and Reading Intervention,ELA Core,KG - 05
017259,Montgomery Preparatory Academy,2024–2025,Community School,Amplify CKLA K-5 Core Comprehensive (Amplify),KG - 05,Implemented,Both ELA Core and Reading Intervention,ELA Core,KG - 05
017259,Montgomery Preparatory Academy,2024–2025,Community School,Fundations (Wilson Language Training),KG - 08,Implemented,Reading Intervention,Both ELA Core and Reading Intervention,KG - 02
048660,Montgomery County Esc,2024–2025,Educational Service Center,"Creative Curriculum (Teaching Strategies, LLC)",PS - PS,Implemented,Both ELA Core and Reading Intervention,PreK Core,PS - PS
047712,Monroeville Local,2024–2025,Public District,Amplify CKLA K-5 Core Comprehensive (Amplify),KG - 05,Implemented,ELA Core,ELA Core,KG - 05
047712,Monroeville Local,2024–2025,Public District,Other published instr materials incl on Dept approved list,06 - 12,Implemented,ELA Core,N/A,N/A
047712,Monroeville Local,2024–2025,Public District,Other published instr materials incl on Dept approved list,06 - 08,Implemented,Reading Intervention,N/A,N/A
047712,Monroeville Local,2024–2025,Public District,Other published instr materials incl on Dept approved list,KG - 05,Implemented,Reading Intervention,N/A,N/A
047712,Monroeville Local,2024–2025,Public District,Other published instr materials incl on Dept approved list,KG - 12,Implemented,Reading Intervention,N/A,N/A
047712,Monroeville Local,2024–2025,Public District,Other published instr materials incl on Dept approved list,PS - PS,Implemented,Reading Intervention,N/A,N/A
047712,Monroeville Local,2024–2025,Public District,World of Wonders (McGraw Hill),PS - PS,Implemented,ELA Core,PreK Core,PS - PS
008064,Monroe Preparatory Academy,2024–2025,Community School,Magnetic Reading Foundations (Curriculum Associates),KG - 04,Implemented,Both ELA Core and Reading Intervention,Both ELA Core and Reading Intervention,KG - 02
008064,Monroe Preparatory Academy,2024–2025,Community School,Other published instr materials not on Dept list,KG - 08,Implemented,ELA Core,N/A,N/A
139303,Monroe Local,2024–2025,Public District,"Creative Curriculum (Teaching Strategies, LLC)",PS - PS,Implemented,Both ELA Core and Reading Intervention,PreK Core,PS - PS
050740,Mohawk Local,2024–2025,Public District,"Creative Curriculum (Teaching Strategies, LLC)",PS - PS,Implemented,ELA Core,PreK Core,PS - PS
050740,Mohawk Local,2024–2025,Public District,HMH Into Reading 2020 (Houghton Mifflin Harcourt),KG - 05,Implemented,ELA Core,ELA Core,KG - 05
050740,Mohawk Local,2024–2025,Public District,Other published instr materials incl on Dept approved list,KG - 06,Implemented,Reading Intervention,N/A,N/A
050740,Mohawk Local,2024–2025,Public District,Other published instr materials incl on Dept approved list,KG - 08,Implemented,Reading Intervention,N/A,N/A
050740,Mohawk Local,2024–2025,Public District,Other published instr materials incl on Dept approved list,PS - PS,Implemented,Reading Intervention,N/A,N/A
050039,Mogadore Local,2024–2025,Public District,Benchmark Advance or Literacy (Benchmark Education),KG - 03,Implemented,Both ELA Core and Reading Intervention,ELA Core,KG - 05
050039,Mogadore Local,2024–2025,Public District,Fundations (Wilson Language Training),PS - 03,Implemented,Both ELA Core and Reading Intervention,Both ELA Core and Reading Intervention,KG - 02
046672,Mississinawa Valley Local,2024–2025,Public District,Frog Street Threes and/or Frog Street PreK (FrogStreet),PS - PS,Implemented,ELA Core,PreK Core,PS - PS
046672,Mississinawa Valley Local,2024–2025,Public District,Other published instr materials incl on Dept approved list,04 - 05,Implemented,Reading Intervention,N/A,N/A
046672,Mississinawa Valley Local,2024–2025,Public District,Other published instr materials incl on Dept approved list,KG - 05,Implemented,Reading Intervention,N/A,N/A
046672,Mississinawa Valley Local,2024–2025,Public District,Other published instr materials incl on Dept approved list,PS - PS,Implemented,Reading Intervention,N/A,N/A
046672,Mississinawa Valley Local,2024–2025,Public District,OUR Bookworms K-5 Reading & Writing (Open Up Resources),KG - 05,Implemented,ELA Core,ELA Core,KG - 05
046672,Mississinawa Valley Local,2024–2025,Public District,"Reading Horizons Discovery (HEC Software, Inc.)",KG - 03,Implemented,Reading Intervention,ELA Core,KG - 02
045948,Minster Local,2024–2025,Public District,HMH Into Reading 2020 (Houghton Mifflin Harcourt),KG - 06,Implemented,Both ELA Core and Reading Intervention,ELA Core,KG - 05
045948,Minster Local,2024–2025,Public District,Other published instr materials incl on Dept approved list,KG - 06,Implemented,Both ELA Core and Reading Intervention,N/A,N/A
045948,Minster Local,2024–2025,Public District,UFLI Foundations: An Explicit and Systematic Phonics Program (Ventris Learning/ULFI),KG - 05,Implemented,Reading Intervention,Both ELA Core and Reading Intervention,KG - 02
049627,Minford Local,2024–2025,Public District,Wit & Wisdom (Great Minds),KG - 05,Implemented,Both ELA Core and Reading Intervention,ELA Core,03 - 05
049890,Minerva Local,2024–2025,Public District,95 Phonics Core Program (95 Percent Group),KG - 08,Implemented,Reading Intervention,ELA Core,KG - 02
049890,Minerva Local,2024–2025,Public District,"The Superkids Reading Program (Zaner-Bloser, Inc.)",KG - 02,Implemented,ELA Core,ELA Core,02 - 02
045500,Milford Exempted Village,2024–2025,Public District,Blast Foundations (Really Great Reading),01 - 01,Implemented,Both ELA Core and Reading Intervention,Both ELA Core and Reading Intervention,01 - 01
045500,Milford Exempted Village,2024–2025,Public District,Blast Foundations (Really Great Reading),03 - 05,Implemented,Reading Intervention,Both ELA Core and Reading Intervention,01 - 01
045500,Milford Exempted Village,2024–2025,Public District,Countdown (Really Great Reading),KG - KG,Implemented,Both ELA Core and Reading Intervention,Both ELA Core and Reading Intervention,KG - KG
045500,Milford Exempted Village,2024–2025,Public District,HD Word (Really Great Reading),02 - 02,Implemented,Both ELA Core and Reading Intervention,Both ELA Core and Reading Intervention,02 - 02
045500,Milford Exempted Village,2024–2025,Public District,HD Word (Really Great Reading),03 - 08,Implemented,Reading Intervention,Both ELA Core and Reading Intervention,02 - 02
045500,Milford Exempted Village,2024–2025,Public District,Wonders 2023 (McGraw Hill),KG - 05,Implemented,ELA Core,ELA Core,KG - 05
048173,Midview Local,2024–2025,Public District,Fundations (Wilson Language Training),PS - 03,Implemented,Both ELA Core and Reading Intervention,Both ELA Core and Reading Intervention,KG - 02
048173,Midview Local,2024–2025,Public District,Other published instr materials incl on Dept approved list,06 - 12,Implemented,ELA Core,N/A,N/A
048173,Midview Local,2024–2025,Public District,Other published instr materials incl on Dept approved list,KG - 12,Implemented,Reading Intervention,N/A,N/A
048173,Midview Local,2024–2025,Public District,Wonders 2020 (McGraw Hill),KG - 05,Implemented,ELA Core,ELA Core,KG - 05
048173,Midview Local,2024–2025,Public District,World of Wonders (McGraw Hill),PS - PS,Implemented,ELA Core,PreK Core,PS - PS
000780,Midnimo Cross Cultural Middle School,2024–2025,Community School,Imagine Learning EL Education (Imagine Learning),06 - 08,Implemented,Both ELA Core and Reading Intervention,ELA Core,KG - 05
000780,Midnimo Cross Cultural Middle School,2024–2025,Community School,Other published instr materials incl on Dept approved list,06 - 08,Implemented,Reading Intervention,N/A,N/A
051300,Mid-East Career And Technology Centers,2024–2025,Joint Vocational School District,Lexia Core 5 Reading (Lexia),10 - 12,Implemented,Reading Intervention,Both ELA Core and Reading Intervention,KG - 02
143214,Middletown Preparatory & Fitness Academy,2024–2025,Community School,HMH Into Reading 2020 (Houghton Mifflin Harcourt),KG - 05,Implemented,ELA Core,ELA Core,KG - 05
044404,Middletown City,2024–2025,Public District,HMH Into Reading 2020 (Houghton Mifflin Harcourt),KG - 05,Implemented,ELA Core,ELA Core,KG - 05
044404,Middletown City,2024–2025,Public District,Other published instr materials incl on Dept approved list,KG - 05,Implemented,Reading Intervention,N/A,N/A
134213,Middlebury Academy,2024–2025,Community School,HMH Into Reading 2020 (Houghton Mifflin Harcourt),KG - 05,Implemented,ELA Core,ELA Core,KG - 05
134213,Middlebury Academy,2024–2025,Community School,Other published instr materials incl on Dept approved list,06 - 08,Implemented,ELA Core,N/A,N/A
134213,Middlebury Academy,2024–2025,Community School,Other published instr materials incl on Dept approved list,03 - 08,Implemented,Reading Intervention,N/A,N/A
134213,Middlebury Academy,2024–2025,Community School,Other published instr materials not on Dept list,KG - 03,Implemented,Reading Intervention,N/A,N/A
134213,Middlebury Academy,2024–2025,Community School,Other published instr materials not on Dept list,KG - 04,Implemented,Reading Intervention,N/A,N/A
044396,Miamisburg City,2024–2025,Public District,"Creative Curriculum (Teaching Strategies, LLC)",PS - PS,Implemented,Both ELA Core and Reading Intervention,PreK Core,PS - PS
044396,Miamisburg City,2024–2025,Public District,Fundations (Wilson Language Training),KG - 03,Implemented,Both ELA Core and Reading Intervention,Both ELA Core and Reading Intervention,KG - 02
044396,Miamisburg City,2024–2025,Public District,Fundations (Wilson Language Training),04 - 05,Implemented,Reading Intervention,Both ELA Core and Reading Intervention,KG - 02
044396,Miamisburg City,2024–2025,Public District,High Scope Preschool Curriculum (HighScope),PS - PS,Implemented,Both ELA Core and Reading Intervention,PreK Core,PS - PS
044396,Miamisburg City,2024–2025,Public District,Other published instr materials incl on Dept approved list,KG - 12,Implemented,Both ELA Core and Reading Intervention,N/A,N/A
044396,Miamisburg City,2024–2025,Public District,Other published instr materials not on Dept list,06 - 12,Implemented,Both ELA Core and Reading Intervention,N/A,N/A
044396,Miamisburg City,2024–2025,Public District,UFLI Foundations: An Explicit and Systematic Phonics Program (Ventris Learning/ULFI),KG - 02,Implemented,Reading Intervention,Both ELA Core and Reading Intervention,KG - 02
132944,Miami Valley Academies,2024–2025,Community School,HMH Into Reading 2020 (Houghton Mifflin Harcourt),KG - 05,Implemented,ELA Core,ELA Core,KG - 05
132944,Miami Valley Academies,2024–2025,Community School,Other published instr materials incl on Dept approved list,06 - 08,Implemented,ELA Core,N/A,N/A
132944,Miami Valley Academies,2024–2025,Community School,Other published instr materials incl on Dept approved list,03 - 08,Implemented,Reading Intervention,N/A,N/A
132944,Miami Valley Academies,2024–2025,Community School,Other published instr materials not on Dept list,KG - 03,Implemented,Reading Intervention,N/A,N/A
132944,Miami Valley Academies,2024–2025,Community School,Other published instr materials not on Dept list,KG - 04,Implemented,Reading Intervention,N/A,N/A
046920,Miami Trace Local,2024–2025,Public District,95 Phonics Core Program (95 Percent Group),KG - 05,Implemented,Reading Intervention,ELA Core,KG - 02
046920,Miami Trace Local,2024–2025,Public District,Blast Foundations (Really Great Reading),KG - 05,Implemented,Reading Intervention,Both ELA Core and Reading Intervention,01 - 01
046920,Miami Trace Local,2024–2025,Public District,Countdown (Really Great Reading),KG - 05,Implemented,Reading Intervention,Both ELA Core and Reading Intervention,KG - KG
046920,Miami Trace Local,2024–2025,Public District,Lexia Core 5 Reading (Lexia),KG - 05,Implemented,Reading Intervention,Both ELA Core and Reading Intervention,KG - 02
046920,Miami Trace Local,2024–2025,Public District,Other published instr materials incl on Dept approved list,06 - 08,Implemented,Reading Intervention,N/A,N/A
046920,Miami Trace Local,2024–2025,Public District,Other published instr materials incl on Dept approved list,09 - 12,Implemented,Reading Intervention,N/A,N/A
046920,Miami Trace Local,2024–2025,Public District,Other published instr materials incl on Dept approved list,KG - 05,Implemented,Reading Intervention,N/A,N/A
046920,Miami Trace Local,2024–2025,Public District,UFLI Foundations: An Explicit and Systematic Phonics Program (Ventris Learning/ULFI),KG - 05,Implemented,Reading Intervention,Both ELA Core and Reading Intervention,KG - 02
046920,Miami Trace Local,2024–2025,Public District,Wonders 2023 (McGraw Hill),KG - 05,Implemented,ELA Core,ELA Core,KG - 05
048629,Miami East Local,2024–2025,Public District,95 Phonics Core Program (95 Percent Group),KG - 05,Implemented,Both ELA Core and Reading Intervention,ELA Core,KG - 02
048603,Miami County Esc,2024–2025,Educational Service Center,PreK On My Way (Scholastic),PS - PS,Implemented,Both ELA Core and Reading Intervention,PreK Core,PS - PS
012391,Metro Early College High School,2024–2025,STEM,Fishtank Plus ELA 2021 (Fishtank Learning),06 - 08,Implemented,ELA Core,ELA Core,03 - 05
012391,Metro Early College High School,2024–2025,STEM,Locally created instruction,09 - 12,Implemented,ELA Core,N/A,N/A
045492,Mentor Exempted Village,2024–2025,Public District,95 Phonics Core Program (95 Percent Group),KG - 03,Implemented,ELA Core,ELA Core,KG - 02
045492,Mentor Exempted Village,2024–2025,Public District,"Creative Curriculum (Teaching Strategies, LLC)",PS - PS,Implemented,ELA Core,PreK Core,PS - PS
045492,Mentor Exempted Village,2024–2025,Public District,Other published instr materials incl on Dept approved list,01 - 05,Implemented,Reading Intervention,N/A,N/A
045492,Mentor Exempted Village,2024–2025,Public District,Other published instr materials incl on Dept approved list,06 - 12,Implemented,Reading Intervention,N/A,N/A
045492,Mentor Exempted Village,2024–2025,Public District,Other published instr materials incl on Dept approved list,KG - 01,Implemented,Reading Intervention,N/A,N/A
045492,Mentor Exempted Village,2024–2025,Public District,Other published instr materials incl on Dept approved list,KG - 05,Implemented,Reading Intervention,N/A,N/A
045492,Mentor Exempted Village,2024–2025,Public District,Other published instr materials incl on Dept approved list,KG - 12,Implemented,Reading Intervention,N/A,N/A
045492,Mentor Exempted Village,2024–2025,Public District,Wit & Wisdom (Great Minds),KG - 05,Implemented,Reading Intervention,ELA Core,03 - 05
000318,Menlo Park Academy,2024–2025,Community School,Amplify CKLA K-2 Skills (Amplify),KG - 02,Implemented,Both ELA Core and Reading Intervention,ELA Core,KG - 02
000318,Menlo Park Academy,2024–2025,Community School,Amplify CKLA K-5 Core Comprehensive (Amplify),KG - 05,Implemented,Both ELA Core and Reading Intervention,ELA Core,KG - 05
044388,Medina City Sd,2024–2025,Public District,Amplify CKLA K-5 Core Comprehensive (Amplify),KG - 05,Implemented,ELA Core,ELA Core,KG - 05
044388,Medina City Sd,2024–2025,Public District,Other published instr materials incl on Dept approved list,06 - 12,Implemented,Reading Intervention,N/A,N/A
044388,Medina City Sd,2024–2025,Public District,Other published instr materials not on Dept list,PS - PS,Implemented,ELA Core,N/A,N/A
044388,Medina City Sd,2024–2025,Public District,UFLI Foundations: An Explicit and Systematic Phonics Program (Ventris Learning/ULFI),KG - 05,Implemented,Reading Intervention,Both ELA Core and Reading Intervention,KG - 02
045484,Mechanicsburg Exempted Village,2024–2025,Public District,Lexia Core 5 Reading (Lexia),KG - 05,Implemented,Reading Intervention,Both ELA Core and Reading Intervention,KG - 02
045484,Mechanicsburg Exempted Village,2024–2025,Public District,Other published instr materials incl on Dept approved list,06 - 08,Implemented,Reading Intervention,N/A,N/A
045484,Mechanicsburg Exempted Village,2024–2025,Public District,Other published instr materials incl on Dept approved list,KG - 12,Implemented,Reading Intervention,N/A,N/A
045484,Mechanicsburg Exempted Village,2024–2025,Public District,UFLI Foundations: An Explicit and Systematic Phonics Program (Ventris Learning/ULFI),KG - 02,Implemented,Reading Intervention,Both ELA Core and Reading Intervention,KG - 02
045484,Mechanicsburg Exempted Village,2024–2025,Public District,Wonders 2023 (McGraw Hill),KG - 05,Implemented,Both ELA Core and Reading Intervention,ELA Core,KG - 05
047456,Mccomb Local,2024–2025,Public District,Other published instr materials incl on Dept approved list,KG - 03,Implemented,Reading Intervention,N/A,N/A
047456,Mccomb Local,2024–2025,Public District,Wonders 2020 (McGraw Hill),KG - 06,Implemented,Both ELA Core and Reading Intervention,ELA Core,KG - 05
048850,Maysville Local,2024–2025,Public District,Frog Street Threes and/or Frog Street PreK (FrogStreet),PS - PS,Implemented,Both ELA Core and Reading Intervention,PreK Core,PS - PS
048850,Maysville Local,2024–2025,Public District,Other published instr materials incl on Dept approved list,KG - 05,Implemented,Reading Intervention,N/A,N/A
048850,Maysville Local,2024–2025,Public District,UFLI Foundations: An Explicit and Systematic Phonics Program (Ventris Learning/ULFI),KG - 05,Implemented,Reading Intervention,Both ELA Core and Reading Intervention,KG - 02
044370,Mayfield City,2024–2025,Public District,Benchmark Advance or Literacy (Benchmark Education),KG - 05,Implemented,ELA Core,ELA Core,KG - 05
044370,Mayfield City,2024–2025,Public District,Fundations (Wilson Language Training),KG - 03,Implemented,Reading Intervention,Both ELA Core and Reading Intervention,KG - 02
044362,Maumee City,2024–2025,Public District,Amplify CKLA K-5 Core Comprehensive (Amplify),KG - 03,Implemented,ELA Core,ELA Core,KG - 05
044362,Maumee City,2024–2025,Public District,Lexia Core 5 Reading (Lexia),KG - 03,Implemented,Reading Intervention,Both ELA Core and Reading Intervention,KG - 02
044362,Maumee City,2024–2025,Public District,OUR EL Education K-5 Language Arts (Open Up Resources),04 - 05,Implemented,ELA Core,ELA Core,KG - 05
021440,"Mater Academy Preparatory, Inc.",2024–2025,Community School,Magnetic Reading Foundations (Curriculum Associates),KG - 02,Implemented,Reading Intervention,Both ELA Core and Reading Intervention,KG - 02
021440,"Mater Academy Preparatory, Inc.",2024–2025,Community School,Wonders 2023 (McGraw Hill),KG - 05,Implemented,Both ELA Core and Reading Intervention,ELA Core,KG - 05
044354,Massillon City,2024–2025,Public District,Amplify CKLA K-5 Core Comprehensive (Amplify),KG - 05,Implemented,ELA Core,ELA Core,KG - 05
044354,Massillon City,2024–2025,Public District,"Creative Curriculum (Teaching Strategies, LLC)",PS - PS,Implemented,ELA Core,PreK Core,PS - PS
044354,Massillon City,2024–2025,Public District,Fundations (Wilson Language Training),06 - 12,Implemented,Reading Intervention,Both ELA Core and Reading Intervention,KG - 02
044354,Massillon City,2024–2025,Public District,Imagine Learning EL Education (Imagine Learning),KG - 12,Implemented,Reading Intervention,ELA Core,KG - 05
044354,Massillon City,2024–2025,Public District,Other published instr materials incl on Dept approved list,KG - 05,Implemented,Reading Intervention,N/A,N/A
012037,Mason Run High School,2024–2025,Community School,Other published instr materials incl on Dept approved list,09 - 12,Implemented,Reading Intervention,N/A,N/A
050450,Mason City,2024–2025,Public District,Fundations (Wilson Language Training),KG - 03,Implemented,ELA Core,Both ELA Core and Reading Intervention,KG - 02
050450,Mason City,2024–2025,Public District,Lexia Core 5 Reading (Lexia),KG - 05,Implemented,Both ELA Core and Reading Intervention,Both ELA Core and Reading Intervention,KG - 02
050450,Mason City,2024–2025,Public District,Other published instr materials incl on Dept approved list,PS - PS,Implemented,Both ELA Core and Reading Intervention,N/A,N/A
050450,Mason City,2024–2025,Public District,Other published instr materials incl on Dept approved list,03 - 12,Implemented,Reading Intervention,N/A,N/A
050450,Mason City,2024–2025,Public District,Other published instr materials incl on Dept approved list,06 - 12,Implemented,Reading Intervention,N/A,N/A
050450,Mason City,2024–2025,Public District,Other published instr materials incl on Dept approved list,KG - 06,Implemented,Reading Intervention,N/A,N/A
050450,Mason City,2024–2025,Public District,OUR Bookworms K-5 Reading & Writing (Open Up Resources),KG - 05,Implemented,ELA Core,ELA Core,KG - 05
045476,Marysville Exempted Village,2024–2025,Public District,HMH Into Reading 2020 (Houghton Mifflin Harcourt),KG - 06,Implemented,ELA Core,ELA Core,KG - 05
045476,Marysville Exempted Village,2024–2025,Public District,Lexia Core 5 Reading (Lexia),KG - 01,Implemented,Both ELA Core and Reading Intervention,Both ELA Core and Reading Intervention,KG - 02
045476,Marysville Exempted Village,2024–2025,Public District,Lexia Core 5 Reading (Lexia),02 - 04,Implemented,Reading Intervention,Both ELA Core and Reading Intervention,KG - 02
045476,Marysville Exempted Village,2024–2025,Public District,UFLI Foundations: An Explicit and Systematic Phonics Program (Ventris Learning/ULFI),KG - 02,Implemented,ELA Core,Both ELA Core and Reading Intervention,KG - 02
132803,Marshall High School,2024–2025,Community School,Other published instr materials incl on Dept approved list,09 - 12,Implemented,Reading Intervention,N/A,N/A
049882,Marlington Local,2024–2025,Public District,Benchmark Advance or Literacy (Benchmark Education),KG - 05,Implemented,Both ELA Core and Reading Intervention,ELA Core,KG - 05
049882,Marlington Local,2024–2025,Public District,Fundations (Wilson Language Training),KG - 03,Implemented,Reading Intervention,Both ELA Core and Reading Intervention,KG - 02
049882,Marlington Local,2024–2025,Public District,Other published instr materials incl on Dept approved list,KG - 12,Implemented,Reading Intervention,N/A,N/A
049882,Marlington Local,2024–2025,Public District,UFLI Foundations: An Explicit and Systematic Phonics Program (Ventris Learning/ULFI),02 - 05,Implemented,Reading Intervention,Both ELA Core and Reading Intervention,KG - 02
000770,"Maritime Academy Of Toledo, The",2024–2025,Community School,Other published instr materials incl on Dept approved list,06 - 12,Implemented,Reading Intervention,N/A,N/A
048553,Marion Local,2024–2025,Public District,95 Phonics Core Program (95 Percent Group),PS - PS,Implemented,Both ELA Core and Reading Intervention,ELA Core,KG - 02
048553,Marion Local,2024–2025,Public District,Fundations (Wilson Language Training),KG - 02,Implemented,Reading Intervention,Both ELA Core and Reading Intervention,KG - 02
048553,Marion Local,2024–2025,Public District,Wonders 2020 (McGraw Hill),KG - 05,Implemented,ELA Core,ELA Core,KG - 05
044339,Marion City,2024–2025,Public District,95 Phonics Core Program (95 Percent Group),KG - 05,Implemented,Reading Intervention,ELA Core,KG - 02
044339,Marion City,2024–2025,Public District,Amplify CKLA K-2 Skills (Amplify),KG - 02,Implemented,ELA Core,ELA Core,KG - 02
044339,Marion City,2024–2025,Public District,Amplify CKLA K-5 Core Comprehensive (Amplify),03 - 05,Implemented,ELA Core,ELA Core,KG - 05
044339,Marion City,2024–2025,Public District,Amplify CKLA PreK (Amplify),PS - PS,Implemented,ELA Core,PreK Core,PS - PS
044339,Marion City,2024–2025,Public District,Benchmark Phonics (Benchmark Education),KG - 05,Implemented,Reading Intervention,ELA Core,KG - 02
044339,Marion City,2024–2025,Public District,"Creative Curriculum (Teaching Strategies, LLC)",PS - PS,Implemented,ELA Core,PreK Core,PS - PS
044339,Marion City,2024–2025,Public District,Foundations A-Z (Learning A-Z),KG - 05,Implemented,Reading Intervention,ELA Core,KG - 02
044339,Marion City,2024–2025,Public District,Magnetic Reading Foundations (Curriculum Associates),02 - 02,Implemented,Reading Intervention,Both ELA Core and Reading Intervention,KG - 02
044339,Marion City,2024–2025,Public District,Other published instr materials incl on Dept approved list,KG - 12,Implemented,Both ELA Core and Reading Intervention,N/A,N/A
044339,Marion City,2024–2025,Public District,UFLI Foundations: An Explicit and Systematic Phonics Program (Ventris Learning/ULFI),KG - 05,Implemented,Reading Intervention,Both ELA Core and Reading Intervention,KG - 02
044321,Marietta City,2024–2025,Public District,95 Phonics Core Program (95 Percent Group),KG - 12,Implemented,Reading Intervention,ELA Core,KG - 02
044321,Marietta City,2024–2025,Public District,Amplify CKLA K-5 Core Comprehensive (Amplify),KG - 05,Implemented,ELA Core,ELA Core,KG - 05
044313,Mariemont City,2024–2025,Public District,Fundations (Wilson Language Training),KG - 03,Implemented,ELA Core,Both ELA Core and Reading Intervention,KG - 02
044313,Mariemont City,2024–2025,Public District,Fundations (Wilson Language Training),KG - KG,Implemented,Reading Intervention,Both ELA Core and Reading Intervention,KG - 02
044313,Mariemont City,2024–2025,Public District,Other published instr materials incl on Dept approved list,KG - 01,Implemented,ELA Core,N/A,N/A
044313,Mariemont City,2024–2025,Public District,Other published instr materials incl on Dept approved list,06 - 08,Implemented,Reading Intervention,N/A,N/A
044313,Mariemont City,2024–2025,Public District,Other published instr materials incl on Dept approved list,09 - 12,Implemented,Reading Intervention,N/A,N/A
044313,Mariemont City,2024–2025,Public District,Other published instr materials incl on Dept approved list,KG - 12,Implemented,Reading Intervention,N/A,N/A
044313,Mariemont City,2024–2025,Public District,OUR Bookworms K-5 Reading & Writing (Open Up Resources),KG - 05,Implemented,ELA Core,ELA Core,KG - 05
046805,Margaretta Local,2024–2025,Public District,Fundations (Wilson Language Training),KG - 03,Implemented,Both ELA Core and Reading Intervention,Both ELA Core and Reading Intervention,KG - 02
046805,Margaretta Local,2024–2025,Public District,Other published instr materials incl on Dept approved list,06 - 12,Implemented,ELA Core,N/A,N/A
046805,Margaretta Local,2024–2025,Public District,Other published instr materials incl on Dept approved list,04 - 12,Implemented,Reading Intervention,N/A,N/A
046805,Margaretta Local,2024–2025,Public District,Other published instr materials not on Dept list,PS - 02,Implemented,Reading Intervention,N/A,N/A
046805,Margaretta Local,2024–2025,Public District,PreK On My Way (Scholastic),PS - PS,Implemented,ELA Core,PreK Core,PS - PS
046805,Margaretta Local,2024–2025,Public District,Wit & Wisdom (Great Minds),PS - 05,Implemented,ELA Core,ELA Core,03 - 05
045831,Mapleton Local,2024–2025,Public District,Amplify CKLA K-5 Core Comprehensive (Amplify),KG - 05,Implemented,ELA Core,ELA Core,KG - 05
045831,Mapleton Local,2024–2025,Public District,"Creative Curriculum (Teaching Strategies, LLC)",PS - PS,Implemented,ELA Core,PreK Core,PS - PS
045831,Mapleton Local,2024–2025,Public District,"From Phonics to Reading (William H. Sadlier, Inc)",KG - 08,Implemented,Reading Intervention,ELA Core,KG - 02
045831,Mapleton Local,2024–2025,Public District,Other published instr materials incl on Dept approved list,KG - 05,Implemented,Reading Intervention,N/A,N/A
045831,Mapleton Local,2024–2025,Public District,Other published instr materials incl on Dept approved list,KG - 08,Implemented,Reading Intervention,N/A,N/A
045831,Mapleton Local,2024–2025,Public District,Other published instr materials incl on Dept approved list,KG - 12,Implemented,Reading Intervention,N/A,N/A
044305,Maple Heights City,2024–2025,Public District,Amplify CKLA K-2 Skills (Amplify),KG - 02,Implemented,ELA Core,ELA Core,KG - 02
044305,Maple Heights City,2024–2025,Public District,Amplify CKLA K-5 Core Comprehensive (Amplify),KG - 05,Implemented,ELA Core,ELA Core,KG - 05
044305,Maple Heights City,2024–2025,Public District,Other published instr materials incl on Dept approved list,06 - 08,Implemented,Reading Intervention,N/A,N/A
044297,Mansfield City,2024–2025,Public District,Fundations (Wilson Language Training),PS - 03,Implemented,Both ELA Core and Reading Intervention,Both ELA Core and Reading Intervention,KG - 02
044297,Mansfield City,2024–2025,Public District,HMH Into Reading 2020 (Houghton Mifflin Harcourt),KG - 02,Implemented,ELA Core,ELA Core,KG - 05
044297,Mansfield City,2024–2025,Public District,Other published instr materials incl on Dept approved list,02 - 12,Implemented,Reading Intervention,N/A,N/A
044297,Mansfield City,2024–2025,Public District,Other published instr materials incl on Dept approved list,04 - 08,Implemented,Reading Intervention,N/A,N/A
044297,Mansfield City,2024–2025,Public District,Other published instr materials incl on Dept approved list,KG - 08,Implemented,Reading Intervention,N/A,N/A
044297,Mansfield City,2024–2025,Public District,Other published instr materials not on Dept list,PS - 02,Implemented,ELA Core,N/A,N/A
044297,Mansfield City,2024–2025,Public District,PreK On My Way (Scholastic),PS - PS,Implemented,ELA Core,PreK Core,PS - PS
044297,Mansfield City,2024–2025,Public District,UFLI Foundations: An Explicit and Systematic Phonics Program (Ventris Learning/ULFI),03 - 06,Implemented,Reading Intervention,Both ELA Core and Reading Intervention,KG - 02
044297,Mansfield City,2024–2025,Public District,Wonders 2023 (McGraw Hill),03 - 05,Implemented,ELA Core,ELA Core,KG - 05
000442,Manchester Local,2024–2025,Public District,Fundations (Wilson Language Training),PS - 06,Implemented,Reading Intervention,Both ELA Core and Reading Intervention,KG - 02
000442,Manchester Local,2024–2025,Public District,HMH Into Reading 2020 (Houghton Mifflin Harcourt),PS - 06,Implemented,ELA Core,ELA Core,KG - 05
000442,Manchester Local,2024–2025,Public District,"MyView Literacy (Savvas Learning Company, formerly Pearson)",07 - 12,Implemented,Both ELA Core and Reading Intervention,ELA Core,KG - 05
050005,Manchester Local,2024–2025,Public District,Fundations (Wilson Language Training),KG - 03,Implemented,Both ELA Core and Reading Intervention,Both ELA Core and Reading Intervention,KG - 02
050005,Manchester Local,2024–2025,Public District,UFLI Foundations: An Explicit and Systematic Phonics Program (Ventris Learning/ULFI),KG - 03,Implemented,Both ELA Core and Reading Intervention,Both ELA Core and Reading Intervention,KG - 02
050005,Manchester Local,2024–2025,Public District,Wonders 2023 (McGraw Hill),KG - 05,Implemented,ELA Core,ELA Core,KG - 05
014066,Main Preparatory Academy,2024–2025,Community School,HMH Into Reading 2020 (Houghton Mifflin Harcourt),KG - 05,Implemented,ELA Core,ELA Core,KG - 05
014066,Main Preparatory Academy,2024–2025,Community School,Other published instr materials incl on Dept approved list,06 - 08,Implemented,ELA Core,N/A,N/A
014066,Main Preparatory Academy,2024–2025,Community School,Other published instr materials incl on Dept approved list,03 - 08,Implemented,Reading Intervention,N/A,N/A
014066,Main Preparatory Academy,2024–2025,Community School,Other published instr materials not on Dept list,KG - 03,Implemented,Reading Intervention,N/A,N/A
014066,Main Preparatory Academy,2024–2025,Community School,Other published instr materials not on Dept list,KG - 04,Implemented,Reading Intervention,N/A,N/A
051243,Mahoning Co Career & Tech Ctr,2024–2025,Joint Vocational School District,Other published instr materials incl on Dept approved list,11 - 12,Implemented,Reading Intervention,N/A,N/A
048272,Madison-Plains Local,2024–2025,Public District,HMH Into Reading 2020 (Houghton Mifflin Harcourt),KG - 05,Implemented,ELA Core,ELA Core,KG - 05
048272,Madison-Plains Local,2024–2025,Public District,Other published instr materials incl on Dept approved list,KG - 12,Implemented,Reading Intervention,N/A,N/A
046128,Madison Local,2024–2025,Public District,"Creative Curriculum (Teaching Strategies, LLC)",PS - PS,Implemented,ELA Core,PreK Core,PS - PS
046128,Madison Local,2024–2025,Public District,Lexia Core 5 Reading (Lexia),KG - 05,Implemented,Reading Intervention,Both ELA Core and Reading Intervention,KG - 02
046128,Madison Local,2024–2025,Public District,Other published instr materials incl on Dept approved list,06 - 12,Implemented,Reading Intervention,N/A,N/A
046128,Madison Local,2024–2025,Public District,Wonders 2023 (McGraw Hill),KG - 05,Implemented,ELA Core,ELA Core,KG - 05
047886,Madison Local,2024–2025,Public District,Foundations A-Z (Learning A-Z),PS - 05,Implemented,ELA Core,ELA Core,KG - 02
047886,Madison Local,2024–2025,Public District,Other published instr materials incl on Dept approved list,PS - 12,Implemented,Reading Intervention,N/A,N/A
049452,Madison Local,2024–2025,Public District,Fundations (Wilson Language Training),KG - 02,Implemented,Both ELA Core and Reading Intervention,Both ELA Core and Reading Intervention,KG - 02
049452,Madison Local,2024–2025,Public District,Other published instr materials incl on Dept approved list,02 - 12,Implemented,Reading Intervention,N/A,N/A
049452,Madison Local,2024–2025,Public District,Other published instr materials incl on Dept approved list,03 - 08,Implemented,Reading Intervention,N/A,N/A
049452,Madison Local,2024–2025,Public District,Other published instr materials incl on Dept approved list,04 - 12,Implemented,Reading Intervention,N/A,N/A
049452,Madison Local,2024–2025,Public District,Other published instr materials incl on Dept approved list,09 - 12,Implemented,Reading Intervention,N/A,N/A
049452,Madison Local,2024–2025,Public District,Other published instr materials incl on Dept approved list,KG - 08,Implemented,Reading Intervention,N/A,N/A
049452,Madison Local,2024–2025,Public District,Other published instr materials incl on Dept approved list,KG - 12,Implemented,Reading Intervention,N/A,N/A
049452,Madison Local,2024–2025,Public District,PreK On My Way (Scholastic),PS - PS,Implemented,ELA Core,PreK Core,PS - PS
049452,Madison Local,2024–2025,Public District,Wonders 2023 (McGraw Hill),KG - 05,Implemented,ELA Core,ELA Core,KG - 05
009955,Madison Avenue School Of Arts,2024–2025,Community School,Amplify CKLA K-5 Core Comprehensive (Amplify),KG - 06,Implemented,Both ELA Core and Reading Intervention,ELA Core,KG - 05
044289,Madeira City,2024–2025,Public District,Other published instr materials incl on Dept approved list,KG - 05,Implemented,Reading Intervention,N/A,N/A
044289,Madeira City,2024–2025,Public District,OUR Bookworms K-5 Reading & Writing (Open Up Resources),KG - 05,Implemented,ELA Core,ELA Core,KG - 05
044289,Madeira City,2024–2025,Public District,UFLI Foundations: An Explicit and Systematic Phonics Program (Ventris Learning/ULFI),KG - 05,Implemented,ELA Core,Both ELA Core and Reading Intervention,KG - 02
048702,Mad River Local,2024–2025,Public District,95 Phonics Core Program (95 Percent Group),03 - 05,Implemented,Reading Intervention,ELA Core,KG - 02
048702,Mad River Local,2024–2025,Public District,"Creative Curriculum (Teaching Strategies, LLC)",PS - PS,Implemented,ELA Core,PreK Core,PS - PS
048702,Mad River Local,2024–2025,Public District,Foundations A-Z (Learning A-Z),PS - 04,Implemented,Both ELA Core and Reading Intervention,ELA Core,KG - 02
048702,Mad River Local,2024–2025,Public District,Other published instr materials incl on Dept approved list,03 - 12,Implemented,Reading Intervention,N/A,N/A
048702,Mad River Local,2024–2025,Public District,Other published instr materials not on Dept list,PS - 04,Implemented,Both ELA Core and Reading Intervention,N/A,N/A
048702,Mad River Local,2024–2025,Public District,Other published instr materials not on Dept list,02 - 04,Implemented,Reading Intervention,N/A,N/A
048702,Mad River Local,2024–2025,Public District,Wit & Wisdom (Great Minds),KG - 08,Implemented,ELA Core,ELA Core,03 - 05
047639,Lynchburg-Clay Local,2024–2025,Public District,Frog Street Threes and/or Frog Street PreK (FrogStreet),PS - PS,Implemented,Both ELA Core and Reading Intervention,PreK Core,PS - PS
047639,Lynchburg-Clay Local,2024–2025,Public District,Lexia Core 5 Reading (Lexia),KG - 06,Implemented,Reading Intervention,Both ELA Core and Reading Intervention,KG - 02
047639,Lynchburg-Clay Local,2024–2025,Public District,Other published instr materials incl on Dept approved list,06 - 08,Implemented,Reading Intervention,N/A,N/A
047639,Lynchburg-Clay Local,2024–2025,Public District,Other published instr materials incl on Dept approved list,KG - 02,Implemented,Reading Intervention,N/A,N/A
047639,Lynchburg-Clay Local,2024–2025,Public District,Other published instr materials incl on Dept approved list,KG - 12,Implemented,Reading Intervention,N/A,N/A
047639,Lynchburg-Clay Local,2024–2025,Public District,Other published instr materials not on Dept list,04 - 12,Implemented,Reading Intervention,N/A,N/A
047639,Lynchburg-Clay Local,2024–2025,Public District,UFLI Foundations: An Explicit and Systematic Phonics Program (Ventris Learning/ULFI),KG - 03,Implemented,Reading Intervention,Both ELA Core and Reading Intervention,KG - 02
047639,Lynchburg-Clay Local,2024–2025,Public District,Wonders 2020 (McGraw Hill),KG - 05,Implemented,ELA Core,ELA Core,KG - 05
049445,Lucas Local,2024–2025,Public District,Fundations (Wilson Language Training),KG - 03,Implemented,ELA Core,Both ELA Core and Reading Intervention,KG - 02
049445,Lucas Local,2024–2025,Public District,Other published instr materials incl on Dept approved list,KG - 05,Implemented,ELA Core,N/A,N/A
049445,Lucas Local,2024–2025,Public District,Other published instr materials not on Dept list,03 - 05,Implemented,ELA Core,N/A,N/A
049445,Lucas Local,2024–2025,Public District,Other published instr materials not on Dept list,KG - 02,Implemented,ELA Core,N/A,N/A
049445,Lucas Local,2024–2025,Public District,Other published instr materials not on Dept list,03 - 05,Implemented,Reading Intervention,N/A,N/A
049445,Lucas Local,2024–2025,Public District,Other published instr materials not on Dept list,03 - 07,Implemented,Reading Intervention,N/A,N/A
049445,Lucas Local,2024–2025,Public District,Other published instr materials not on Dept list,KG - 03,Implemented,Reading Intervention,N/A,N/A
049445,Lucas Local,2024–2025,Public District,Wit & Wisdom (Great Minds),KG - 01,Implemented,ELA Core,ELA Core,03 - 05
048330,Lowellville Local,2024–2025,Public District,Amplify CKLA K-5 Core Comprehensive (Amplify),KG - 05,Implemented,ELA Core,ELA Core,KG - 05
044271,Loveland City,2024–2025,Public District,Being a Reader (Center for the Collaborative Classroom),KG - 02,Implemented,Both ELA Core and Reading Intervention,ELA Core,KG - 03
044271,Loveland City,2024–2025,Public District,Benchmark Advance or Literacy (Benchmark Education),03 - 04,Implemented,Both ELA Core and Reading Intervention,ELA Core,KG - 05
044271,Loveland City,2024–2025,Public District,"Creative Curriculum (Teaching Strategies, LLC)",PS - KG,Implemented,Both ELA Core and Reading Intervention,PreK Core,PS - PS
044271,Loveland City,2024–2025,Public District,Other published instr materials incl on Dept approved list,07 - 08,Implemented,Both ELA Core and Reading Intervention,N/A,N/A
044271,Loveland City,2024–2025,Public District,Other published instr materials incl on Dept approved list,09 - 12,Implemented,Both ELA Core and Reading Intervention,N/A,N/A
044271,Loveland City,2024–2025,Public District,OUR Bookworms K-5 Reading & Writing (Open Up Resources),05 - 05,Implemented,Both ELA Core and Reading Intervention,ELA Core,KG - 05
049874,Louisville City,2024–2025,Public District,Benchmark Advance or Literacy (Benchmark Education),KG - 05,Implemented,ELA Core,ELA Core,KG - 05
049874,Louisville City,2024–2025,Public District,Benchmark Phonics (Benchmark Education),KG - 05,Implemented,Reading Intervention,ELA Core,KG - 02
049874,Louisville City,2024–2025,Public District,"Creative Curriculum (Teaching Strategies, LLC)",PS - PS,Implemented,Both ELA Core and Reading Intervention,PreK Core,PS - PS
049874,Louisville City,2024–2025,Public District,Fundations (Wilson Language Training),PS - 02,Implemented,Both ELA Core and Reading Intervention,Both ELA Core and Reading Intervention,KG - 02
049874,Louisville City,2024–2025,Public District,Fundations (Wilson Language Training),03 - 05,Implemented,Reading Intervention,Both ELA Core and Reading Intervention,KG - 02
049874,Louisville City,2024–2025,Public District,Other published instr materials incl on Dept approved list,06 - 06,Implemented,Reading Intervention,N/A,N/A
049874,Louisville City,2024–2025,Public District,Other published instr materials incl on Dept approved list,07 - 12,Implemented,Reading Intervention,N/A,N/A
049874,Louisville City,2024–2025,Public District,Other published instr materials not on Dept list,06 - 12,Implemented,Both ELA Core and Reading Intervention,N/A,N/A
049874,Louisville City,2024–2025,Public District,Other published instr materials not on Dept list,KG - 05,Implemented,ELA Core,N/A,N/A
049874,Louisville City,2024–2025,Public District,PreK On My Way (Scholastic),PS - PS,Implemented,ELA Core,PreK Core,PS - PS
045468,Loudonville-Perrysville Exempted Village,2024–2025,Public District,Imagine Learning EL Education (Imagine Learning),03 - 08,Implemented,Reading Intervention,ELA Core,KG - 05
045468,Loudonville-Perrysville Exempted Village,2024–2025,Public District,Imagine Learning EL Education (Imagine Learning),KG - 05,Implemented,Reading Intervention,ELA Core,KG - 05
045468,Loudonville-Perrysville Exempted Village,2024–2025,Public District,Other published instr materials incl on Dept approved list,KG - 12,Implemented,ELA Core,N/A,N/A
045468,Loudonville-Perrysville Exempted Village,2024–2025,Public District,Wonders 2020 (McGraw Hill),KG - 05,Implemented,ELA Core,ELA Core,KG - 05
050203,Lordstown Local,2024–2025,Public District,Blast Foundations (Really Great Reading),01 - 01,Implemented,Both ELA Core and Reading Intervention,Both ELA Core and Reading Intervention,01 - 01
050203,Lordstown Local,2024–2025,Public District,Countdown (Really Great Reading),KG - KG,Implemented,Both ELA Core and Reading Intervention,Both ELA Core and Reading Intervention,KG - KG
050203,Lordstown Local,2024–2025,Public District,HD Word (Really Great Reading),02 - 03,Implemented,Both ELA Core and Reading Intervention,Both ELA Core and Reading Intervention,02 - 02
050203,Lordstown Local,2024–2025,Public District,Lexia Core 5 Reading (Lexia),07 - 10,Implemented,Both ELA Core and Reading Intervention,Both ELA Core and Reading Intervention,KG - 02
050203,Lordstown Local,2024–2025,Public District,Lexia Core 5 Reading (Lexia),KG - 06,Implemented,Reading Intervention,Both ELA Core and Reading Intervention,KG - 02
050203,Lordstown Local,2024–2025,Public District,OUR Bookworms K-5 Reading & Writing (Open Up Resources),KG - 03,Implemented,Both ELA Core and Reading Intervention,ELA Core,KG - 05
020186,Lorain Preparatory High School,2024–2025,Community School,Savvas Essentials: Foundational Reading (Savvas),09 - 12,Implemented,ELA Core,ELA Core,KG - 02
008000,Lorain Preparatory Academy,2024–2025,Community School,Fundations (Wilson Language Training),KG - 03,Implemented,Both ELA Core and Reading Intervention,Both ELA Core and Reading Intervention,KG - 02
008000,Lorain Preparatory Academy,2024–2025,Community School,HMH Into Reading 2020 (Houghton Mifflin Harcourt),KG - 08,Implemented,ELA Core,ELA Core,KG - 05
008000,Lorain Preparatory Academy,2024–2025,Community School,Other published instr materials incl on Dept approved list,04 - 08,Implemented,Both ELA Core and Reading Intervention,N/A,N/A
008000,Lorain Preparatory Academy,2024–2025,Community School,Other published instr materials incl on Dept approved list,KG - 02,Implemented,Both ELA Core and Reading Intervention,N/A,N/A
008000,Lorain Preparatory Academy,2024–2025,Community School,Other published instr materials incl on Dept approved list,KG - 08,Implemented,Reading Intervention,N/A,N/A
051227,Lorain County Jvs,2024–2025,Joint Vocational School District,Locally created instruction,09 - 12,Implemented,Both ELA Core and Reading Intervention,N/A,N/A
044263,Lorain City,2024–2025,Public District,"Creative Curriculum (Teaching Strategies, LLC)",PS - PS,Implemented,Reading Intervention,PreK Core,PS - PS
044263,Lorain City,2024–2025,Public District,Foundations A-Z (Learning A-Z),KG - 05,Implemented,Reading Intervention,ELA Core,KG - 02
044263,Lorain City,2024–2025,Public District,"MyView Literacy (Savvas Learning Company, formerly Pearson)",KG - 05,Implemented,ELA Core,ELA Core,KG - 05
017270,Lorain Bilingual Preparatory Academy,2024–2025,Community School,Fundations (Wilson Language Training),KG - 03,Implemented,Both ELA Core and Reading Intervention,Both ELA Core and Reading Intervention,KG - 02
017270,Lorain Bilingual Preparatory Academy,2024–2025,Community School,Other published instr materials not on Dept list,06 - 08,Implemented,ELA Core,N/A,N/A
017270,Lorain Bilingual Preparatory Academy,2024–2025,Community School,Wonders 2023 (McGraw Hill),KG - 05,Implemented,Both ELA Core and Reading Intervention,ELA Core,KG - 05
044255,London City,2024–2025,Public District,Other published instr materials incl on Dept approved list,KG - 05,Implemented,Reading Intervention,N/A,N/A
044248,Logan-Hocking Local,2024–2025,Public District,Fundations (Wilson Language Training),KG - 03,Implemented,Reading Intervention,Both ELA Core and Reading Intervention,KG - 02
044248,Logan-Hocking Local,2024–2025,Public District,HMH Into Reading 2020 (Houghton Mifflin Harcourt),KG - 05,Implemented,ELA Core,ELA Core,KG - 05
044248,Logan-Hocking Local,2024–2025,Public District,Lexia Core 5 Reading (Lexia),KG - 05,Implemented,Both ELA Core and Reading Intervention,Both ELA Core and Reading Intervention,KG - 02
044248,Logan-Hocking Local,2024–2025,Public District,Other published instr materials incl on Dept approved list,KG - 03,Implemented,Both ELA Core and Reading Intervention,N/A,N/A
044248,Logan-Hocking Local,2024–2025,Public District,Other published instr materials incl on Dept approved list,05 - 08,Implemented,Reading Intervention,N/A,N/A
044248,Logan-Hocking Local,2024–2025,Public District,Other published instr materials incl on Dept approved list,09 - 12,Implemented,Reading Intervention,N/A,N/A
044248,Logan-Hocking Local,2024–2025,Public District,Other published instr materials incl on Dept approved list,KG - 08,Implemented,Reading Intervention,N/A,N/A
044248,Logan-Hocking Local,2024–2025,Public District,Other published instr materials not on Dept list,KG - 06,Implemented,Both ELA Core and Reading Intervention,N/A,N/A
044248,Logan-Hocking Local,2024–2025,Public District,Other published instr materials not on Dept list,05 - 08,Implemented,Reading Intervention,N/A,N/A
044248,Logan-Hocking Local,2024–2025,Public District,UFLI Foundations: An Explicit and Systematic Phonics Program (Ventris Learning/ULFI),KG - 04,Implemented,Reading Intervention,Both ELA Core and Reading Intervention,KG - 02
049080,Logan Elm Local,2024–2025,Public District,PreK On My Way (Scholastic),PS - PS,Implemented,Both ELA Core and Reading Intervention,PreK Core,PS - PS
049080,Logan Elm Local,2024–2025,Public District,"Reading Horizons Discovery (HEC Software, Inc.)",KG - 02,Implemented,Both ELA Core and Reading Intervention,ELA Core,KG - 02
049080,Logan Elm Local,2024–2025,Public District,Wit & Wisdom (Great Minds),KG - 05,Implemented,ELA Core,ELA Core,03 - 05
044230,Lockland Local,2024–2025,Public District,95 Phonics Core Program (95 Percent Group),02 - 03,Implemented,ELA Core,ELA Core,KG - 02
044230,Lockland Local,2024–2025,Public District,Amplify CKLA K-5 Core Comprehensive (Amplify),KG - 05,Implemented,ELA Core,ELA Core,KG - 05
044230,Lockland Local,2024–2025,Public District,Blast Foundations (Really Great Reading),01 - 02,Implemented,Reading Intervention,Both ELA Core and Reading Intervention,01 - 01
044230,Lockland Local,2024–2025,Public District,Countdown (Really Great Reading),KG - 01,Implemented,Reading Intervention,Both ELA Core and Reading Intervention,KG - KG
044230,Lockland Local,2024–2025,Public District,HD Word (Really Great Reading),02 - 06,Implemented,Reading Intervention,Both ELA Core and Reading Intervention,02 - 02
044230,Lockland Local,2024–2025,Public District,Lexia Core 5 Reading (Lexia),KG - 05,Implemented,Reading Intervention,Both ELA Core and Reading Intervention,KG - 02
044230,Lockland Local,2024–2025,Public District,Other published instr materials incl on Dept approved list,KG - 12,Implemented,Reading Intervention,N/A,N/A
044230,Lockland Local,2024–2025,Public District,UFLI Foundations: An Explicit and Systematic Phonics Program (Ventris Learning/ULFI),KG - 06,Implemented,Reading Intervention,Both ELA Core and Reading Intervention,KG - 02
050443,Little Miami Local,2024–2025,Public District,Frog Street Threes and/or Frog Street PreK (FrogStreet),PS - PS,Implemented,Both ELA Core and Reading Intervention,PreK Core,PS - PS
050443,Little Miami Local,2024–2025,Public District,Other published instr materials incl on Dept approved list,06 - 12,Implemented,Both ELA Core and Reading Intervention,N/A,N/A
050443,Little Miami Local,2024–2025,Public District,UFLI Foundations: An Explicit and Systematic Phonics Program (Ventris Learning/ULFI),KG - 05,Implemented,Reading Intervention,Both ELA Core and Reading Intervention,KG - 02
045450,Lisbon Exempted Village,2024–2025,Public District,Fundations (Wilson Language Training),KG - 03,Implemented,Both ELA Core and Reading Intervention,Both ELA Core and Reading Intervention,KG - 02
045450,Lisbon Exempted Village,2024–2025,Public District,Fundations (Wilson Language Training),04 - 08,Implemented,Reading Intervention,Both ELA Core and Reading Intervention,KG - 02
045450,Lisbon Exempted Village,2024–2025,Public District,"MyView Literacy (Savvas Learning Company, formerly Pearson)",03 - 05,Implemented,ELA Core,ELA Core,KG - 05
045450,Lisbon Exempted Village,2024–2025,Public District,Other published instr materials incl on Dept approved list,PS - 05,Implemented,Both ELA Core and Reading Intervention,N/A,N/A
045450,Lisbon Exempted Village,2024–2025,Public District,Other published instr materials incl on Dept approved list,06 - 08,Implemented,ELA Core,N/A,N/A
045450,Lisbon Exempted Village,2024–2025,Public District,Other published instr materials not on Dept list,09 - 12,Implemented,ELA Core,N/A,N/A
045450,Lisbon Exempted Village,2024–2025,Public District,PreK On My Way (Scholastic),PS - PS,Implemented,ELA Core,PreK Core,PS - PS
045450,Lisbon Exempted Village,2024–2025,Public District,Wonders 2023 (McGraw Hill),KG - 02,Implemented,ELA Core,ELA Core,KG - 05
050369,Lincolnview Local,2024–2025,Public District,Fundations (Wilson Language Training),KG - 03,Implemented,Both ELA Core and Reading Intervention,Both ELA Core and Reading Intervention,KG - 02
050369,Lincolnview Local,2024–2025,Public District,"MyView Literacy (Savvas Learning Company, formerly Pearson)",KG - 05,Implemented,Both ELA Core and Reading Intervention,ELA Core,KG - 05
050369,Lincolnview Local,2024–2025,Public District,PreK On My Way (Scholastic),PS - PS,Implemented,Both ELA Core and Reading Intervention,PreK Core,PS - PS
014065,Lincoln Park Academy,2024–2025,Community School,Foundations A-Z (Learning A-Z),KG - 05,Implemented,Reading Intervention,ELA Core,KG - 02
014065,Lincoln Park Academy,2024–2025,Community School,HMH Into Reading 2020 (Houghton Mifflin Harcourt),KG - 05,Implemented,ELA Core,ELA Core,KG - 05
014065,Lincoln Park Academy,2024–2025,Community School,Lexia Core 5 Reading (Lexia),KG - 05,Implemented,Reading Intervention,Both ELA Core and Reading Intervention,KG - 02
014065,Lincoln Park Academy,2024–2025,Community School,Other published instr materials incl on Dept approved list,KG - 08,Implemented,Reading Intervention,N/A,N/A
021547,Linc Academy Columbus,2024–2025,Community School,Fishtank Plus ELA K-2 2021 (Fishtank Learning),KG - 02,Implemented,Both ELA Core and Reading Intervention,ELA Core,KG - 02
044222,Lima City,2024–2025,Public District,95 Phonics Core Program (95 Percent Group),KG - 04,Implemented,Reading Intervention,ELA Core,KG - 02
044222,Lima City,2024–2025,Public District,Amplify CKLA K-5 Core Comprehensive (Amplify),KG - 05,Implemented,ELA Core,ELA Core,KG - 05
044222,Lima City,2024–2025,Public District,"Creative Curriculum (Teaching Strategies, LLC)",PS - PS,Implemented,ELA Core,PreK Core,PS - PS
044222,Lima City,2024–2025,Public District,Other published instr materials incl on Dept approved list,06 - 12,Implemented,ELA Core,N/A,N/A
044222,Lima City,2024–2025,Public District,Other published instr materials incl on Dept approved list,KG - 06,Implemented,Reading Intervention,N/A,N/A
044222,Lima City,2024–2025,Public District,UFLI Foundations: An Explicit and Systematic Phonics Program (Ventris Learning/ULFI),KG - 04,Implemented,Reading Intervention,Both ELA Core and Reading Intervention,KG - 02
048017,Licking Valley Local,2024–2025,Public District,ARC Core (American Reading Company),KG - 05,Implemented,ELA Core,ELA Core,KG - 05
048017,Licking Valley Local,2024–2025,Public District,Lexia Core 5 Reading (Lexia),03 - 05,Implemented,ELA Core,Both ELA Core and Reading Intervention,KG - 02
048017,Licking Valley Local,2024–2025,Public District,Other published instr materials incl on Dept approved list,06 - 08,Implemented,Reading Intervention,N/A,N/A
048017,Licking Valley Local,2024–2025,Public District,Other published instr materials incl on Dept approved list,KG - 05,Implemented,Reading Intervention,N/A,N/A
047977,Licking Regional Educational Service Center,2024–2025,Educational Service Center,"Creative Curriculum (Teaching Strategies, LLC)",PS - PS,Implemented,Both ELA Core and Reading Intervention,PreK Core,PS - PS
048009,Licking Heights Local,2024–2025,Public District,Fundations (Wilson Language Training),KG - 03,Implemented,Both ELA Core and Reading Intervention,Both ELA Core and Reading Intervention,KG - 02
048009,Licking Heights Local,2024–2025,Public District,UFLI Foundations: An Explicit and Systematic Phonics Program (Ventris Learning/ULFI),KG - 04,Implemented,Reading Intervention,Both ELA Core and Reading Intervention,KG - 02
048009,Licking Heights Local,2024–2025,Public District,Wit & Wisdom (Great Minds),KG - 06,Implemented,ELA Core,ELA Core,03 - 05
047449,Liberty-Benton Local,2024–2025,Public District,HMH Into Reading 2020 (Houghton Mifflin Harcourt),05 - 05,Implemented,ELA Core,ELA Core,KG - 05
047449,Liberty-Benton Local,2024–2025,Public District,UFLI Foundations: An Explicit and Systematic Phonics Program (Ventris Learning/ULFI),KG - 02,Implemented,Both ELA Core and Reading Intervention,Both ELA Core and Reading Intervention,KG - 02
047449,Liberty-Benton Local,2024–2025,Public District,Wonders 2020 (McGraw Hill),KG - 04,Implemented,Both ELA Core and Reading Intervention,ELA Core,KG - 05
046888,Liberty Union-Thurston Local,2024–2025,Public District,Fundations (Wilson Language Training),KG - 04,Implemented,Both ELA Core and Reading Intervention,Both ELA Core and Reading Intervention,KG - 02
013962,Liberty Preparatory School,2024–2025,Community School,Other published instr materials incl on Dept approved list,09 - 12,Implemented,ELA Core,N/A,N/A
050195,Liberty Local,2024–2025,Public District,Blast Foundations (Really Great Reading),01 - 01,Implemented,Both ELA Core and Reading Intervention,Both ELA Core and Reading Intervention,01 - 01
050195,Liberty Local,2024–2025,Public District,Blast Foundations (Really Great Reading),01 - 02,Implemented,Reading Intervention,Both ELA Core and Reading Intervention,01 - 01
050195,Liberty Local,2024–2025,Public District,Countdown (Really Great Reading),PS - KG,Implemented,Both ELA Core and Reading Intervention,Both ELA Core and Reading Intervention,KG - KG
050195,Liberty Local,2024–2025,Public District,Countdown (Really Great Reading),KG - 01,Implemented,Reading Intervention,Both ELA Core and Reading Intervention,KG - KG
050195,Liberty Local,2024–2025,Public District,"Creative Curriculum (Teaching Strategies, LLC)",PS - PS,Implemented,ELA Core,PreK Core,PS - PS
050195,Liberty Local,2024–2025,Public District,HD Word (Really Great Reading),02 - 02,Implemented,Both ELA Core and Reading Intervention,Both ELA Core and Reading Intervention,02 - 02
050195,Liberty Local,2024–2025,Public District,HD Word (Really Great Reading),02 - 06,Implemented,Reading Intervention,Both ELA Core and Reading Intervention,02 - 02
050195,Liberty Local,2024–2025,Public District,Other published instr materials incl on Dept approved list,PS - 02,Implemented,Both ELA Core and Reading Intervention,N/A,N/A
050195,Liberty Local,2024–2025,Public District,Other published instr materials incl on Dept approved list,PS - 10,Implemented,Both ELA Core and Reading Intervention,N/A,N/A
050195,Liberty Local,2024–2025,Public District,Other published instr materials incl on Dept approved list,PS - 06,Implemented,ELA Core,N/A,N/A
050195,Liberty Local,2024–2025,Public District,Other published instr materials incl on Dept approved list,PS - PS,Implemented,ELA Core,N/A,N/A
050195,Liberty Local,2024–2025,Public District,Other published instr materials incl on Dept approved list,KG - 03,Implemented,Reading Intervention,N/A,N/A
047589,Liberty Center Local,2024–2025,Public District,ARC Core (American Reading Company),KG - 04,Implemented,ELA Core,ELA Core,KG - 05
047589,Liberty Center Local,2024–2025,Public District,Fishtank Plus ELA 2021 (Fishtank Learning),05 - 05,Implemented,ELA Core,ELA Core,03 - 05
047589,Liberty Center Local,2024–2025,Public District,UFLI Foundations: An Explicit and Systematic Phonics Program (Ventris Learning/ULFI),KG - 04,Implemented,Reading Intervention,Both ELA Core and Reading Intervention,KG - 02
049437,Lexington Local,2024–2025,Public District,95 Phonics Core Program (95 Percent Group),PS - PS,Implemented,Both ELA Core and Reading Intervention,ELA Core,KG - 02
049437,Lexington Local,2024–2025,Public District,Benchmark Advance or Literacy (Benchmark Education),PS - 04,Implemented,Both ELA Core and Reading Intervention,ELA Core,KG - 05
049437,Lexington Local,2024–2025,Public District,Foundations A-Z (Learning A-Z),PS - 03,Implemented,Both ELA Core and Reading Intervention,ELA Core,KG - 02
049437,Lexington Local,2024–2025,Public District,PreK On My Way (Scholastic),PS - PS,Implemented,ELA Core,PreK Core,PS - PS
049353,Leipsic Local,2024–2025,Public District,Locally created instruction,07 - 12,Implemented,Reading Intervention,N/A,N/A
049353,Leipsic Local,2024–2025,Public District,Wonders 2023 (McGraw Hill),KG - 06,Implemented,Both ELA Core and Reading Intervention,ELA Core,KG - 05
021442,Legacy Academy Of Excellence Mansfield,2024–2025,Community School,Other published instr materials incl on Dept approved list,KG - 05,Implemented,Both ELA Core and Reading Intervention,N/A,N/A
020091,Legacy Academy Of Excellence,2024–2025,Community School,Other published instr materials incl on Dept approved list,KG - 05,Implemented,Both ELA Core and Reading Intervention,N/A,N/A
045443,Leetonia Exempted Village School District,2024–2025,Public District,Foundations A-Z (Learning A-Z),KG - 05,Implemented,Reading Intervention,ELA Core,KG - 02
045443,Leetonia Exempted Village School District,2024–2025,Public District,Fundations (Wilson Language Training),KG - 03,Implemented,Reading Intervention,Both ELA Core and Reading Intervention,KG - 02
045443,Leetonia Exempted Village School District,2024–2025,Public District,"MyView Literacy (Savvas Learning Company, formerly Pearson)",KG - 10,Implemented,ELA Core,ELA Core,KG - 05
045443,Leetonia Exempted Village School District,2024–2025,Public District,Other published instr materials incl on Dept approved list,KG - 04,Implemented,Reading Intervention,N/A,N/A
045443,Leetonia Exempted Village School District,2024–2025,Public District,Other published instr materials incl on Dept approved list,KG - 05,Implemented,Reading Intervention,N/A,N/A
044214,Lebanon City,2024–2025,Public District,"Creative Curriculum (Teaching Strategies, LLC)",PS - PS,Implemented,Both ELA Core and Reading Intervention,PreK Core,PS - PS
044214,Lebanon City,2024–2025,Public District,Fundations (Wilson Language Training),KG - 03,Implemented,ELA Core,Both ELA Core and Reading Intervention,KG - 02
044214,Lebanon City,2024–2025,Public District,Other published instr materials incl on Dept approved list,KG - 03,Implemented,ELA Core,N/A,N/A
044214,Lebanon City,2024–2025,Public District,Other published instr materials incl on Dept approved list,KG - 04,Implemented,Reading Intervention,N/A,N/A
044214,Lebanon City,2024–2025,Public District,UFLI Foundations: An Explicit and Systematic Phonics Program (Ventris Learning/ULFI),KG - 02,Implemented,Reading Intervention,Both ELA Core and Reading Intervention,KG - 02
044206,Lancaster City,2024–2025,Public District,95 Phonics Core Program (95 Percent Group),KG - 05,Implemented,Both ELA Core and Reading Intervention,ELA Core,KG - 02
044206,Lancaster City,2024–2025,Public District,Lexia Core 5 Reading (Lexia),KG - 08,Implemented,Reading Intervention,Both ELA Core and Reading Intervention,KG - 02
044206,Lancaster City,2024–2025,Public District,Other published instr materials incl on Dept approved list,04 - 05,Implemented,Reading Intervention,N/A,N/A
044206,Lancaster City,2024–2025,Public District,Other published instr materials incl on Dept approved list,06 - 08,Implemented,Reading Intervention,N/A,N/A
044206,Lancaster City,2024–2025,Public District,Other published instr materials incl on Dept approved list,KG - 05,Implemented,Reading Intervention,N/A,N/A
044206,Lancaster City,2024–2025,Public District,Other published instr materials incl on Dept approved list,KG - 12,Implemented,Reading Intervention,N/A,N/A
044206,Lancaster City,2024–2025,Public District,OUR EL Education K-5 Language Arts (Open Up Resources),KG - 08,Implemented,ELA Core,ELA Core,KG - 05
049569,Lakota Local,2024–2025,Public District,Amplify CKLA K-5 Core Comprehensive (Amplify),05 - 08,Implemented,ELA Core,ELA Core,KG - 05
049569,Lakota Local,2024–2025,Public District,"Creative Curriculum (Teaching Strategies, LLC)",PS - PS,Implemented,Both ELA Core and Reading Intervention,PreK Core,PS - PS
049569,Lakota Local,2024–2025,Public District,Other published instr materials incl on Dept approved list,05 - 08,Implemented,Reading Intervention,N/A,N/A
049569,Lakota Local,2024–2025,Public District,Other published instr materials incl on Dept approved list,09 - 12,Implemented,Reading Intervention,N/A,N/A
049569,Lakota Local,2024–2025,Public District,Other published instr materials incl on Dept approved list,KG - 04,Implemented,Reading Intervention,N/A,N/A
049569,Lakota Local,2024–2025,Public District,Other published instr materials not on Dept list,09 - 12,Implemented,ELA Core,N/A,N/A
049569,Lakota Local,2024–2025,Public District,Wonders 2023 (McGraw Hill),KG - 04,Implemented,ELA Core,ELA Core,KG - 05
047993,Lakewood Local,2024–2025,Public District,Amplify CKLA K-5 Core Comprehensive (Amplify),KG - 05,Implemented,ELA Core,ELA Core,KG - 05
047993,Lakewood Local,2024–2025,Public District,"Creative Curriculum (Teaching Strategies, LLC)",PS - PS,Implemented,ELA Core,PreK Core,PS - PS
047993,Lakewood Local,2024–2025,Public District,Other published instr materials incl on Dept approved list,06 - 12,Implemented,ELA Core,N/A,N/A
047993,Lakewood Local,2024–2025,Public District,Other published instr materials incl on Dept approved list,PS - 12,Implemented,Reading Intervention,N/A,N/A
044198,Lakewood City,2024–2025,Public District,Amplify CKLA K-5 Core Comprehensive (Amplify),KG - 05,Implemented,ELA Core,ELA Core,KG - 05
044198,Lakewood City,2024–2025,Public District,Fundations (Wilson Language Training),KG - 05,Implemented,Reading Intervention,Both ELA Core and Reading Intervention,KG - 02
044198,Lakewood City,2024–2025,Public District,Other published instr materials incl on Dept approved list,KG - 12,Implemented,Reading Intervention,N/A,N/A
044198,Lakewood City,2024–2025,Public District,UFLI Foundations: An Explicit and Systematic Phonics Program (Ventris Learning/ULFI),KG - 05,Implemented,Reading Intervention,Both ELA Core and Reading Intervention,KG - 02
050187,Lakeview Local,2024–2025,Public District,HD Word (Really Great Reading),05 - 07,Implemented,Reading Intervention,Both ELA Core and Reading Intervention,02 - 02
050187,Lakeview Local,2024–2025,Public District,Lexia Core 5 Reading (Lexia),KG - 04,Implemented,Both ELA Core and Reading Intervention,Both ELA Core and Reading Intervention,KG - 02
050187,Lakeview Local,2024–2025,Public District,Locally created instruction,05 - 07,Implemented,Both ELA Core and Reading Intervention,N/A,N/A
050187,Lakeview Local,2024–2025,Public District,Locally created instruction,KG - 04,Implemented,ELA Core,N/A,N/A
050187,Lakeview Local,2024–2025,Public District,Other published instr materials incl on Dept approved list,05 - 07,Implemented,Both ELA Core and Reading Intervention,N/A,N/A
050187,Lakeview Local,2024–2025,Public District,Other published instr materials not on Dept list,05 - 07,Implemented,Both ELA Core and Reading Intervention,N/A,N/A
050187,Lakeview Local,2024–2025,Public District,Other published instr materials not on Dept list,KG - 02,Implemented,Both ELA Core and Reading Intervention,N/A,N/A
050187,Lakeview Local,2024–2025,Public District,Other published instr materials not on Dept list,KG - 04,Implemented,Reading Intervention,N/A,N/A
011511,Lakeland Academy Community School,2024–2025,Community School,Other published instr materials incl on Dept approved list,05 - 08,Implemented,Both ELA Core and Reading Intervention,N/A,N/A
011511,Lakeland Academy Community School,2024–2025,Community School,Other published instr materials incl on Dept approved list,09 - 12,Implemented,Both ELA Core and Reading Intervention,N/A,N/A
011511,Lakeland Academy Community School,2024–2025,Community School,UFLI Foundations: An Explicit and Systematic Phonics Program (Ventris Learning/ULFI),KG - 04,Implemented,Both ELA Core and Reading Intervention,Both ELA Core and Reading Intervention,KG - 02
049866,Lake Local,2024–2025,Public District,Benchmark Advance or Literacy (Benchmark Education),KG - 05,Implemented,ELA Core,ELA Core,KG - 05
049866,Lake Local,2024–2025,Public District,Other published instr materials incl on Dept approved list,KG - 08,Implemented,Reading Intervention,N/A,N/A
050690,Lake Local,2024–2025,Public District,Frog Street Threes and/or Frog Street PreK (FrogStreet),PS - PS,Implemented,Both ELA Core and Reading Intervention,PreK Core,PS - PS
050690,Lake Local,2024–2025,Public District,Other published instr materials incl on Dept approved list,07 - 12,Implemented,Both ELA Core and Reading Intervention,N/A,N/A
050690,Lake Local,2024–2025,Public District,Wonders 2023 (McGraw Hill),KG - 06,Implemented,Both ELA Core and Reading Intervention,ELA Core,KG - 05
013132,Lake Erie Preparatory School,2024–2025,Community School,Fundations (Wilson Language Training),KG - 08,Implemented,Both ELA Core and Reading Intervention,Both ELA Core and Reading Intervention,KG - 02
013132,Lake Erie Preparatory School,2024–2025,Community School,HMH Into Reading 2020 (Houghton Mifflin Harcourt),KG - 04,Implemented,ELA Core,ELA Core,KG - 05
151183,Lake Erie International High School,2024–2025,Community School,Other published instr materials incl on Dept approved list,09 - 12,Implemented,Both ELA Core and Reading Intervention,N/A,N/A
151183,Lake Erie International High School,2024–2025,Community School,Other published instr materials incl on Dept approved list,09 - 12,Implemented,Reading Intervention,N/A,N/A
021457,Lake Erie Bilingual Academy,2024–2025,Community School,HMH Into Reading 2020 (Houghton Mifflin Harcourt),KG - 05,Implemented,Both ELA Core and Reading Intervention,ELA Core,KG - 05
050245,Labrae Local,2024–2025,Public District,Amplify CKLA K-5 Core Comprehensive (Amplify),KG - 02,Implemented,ELA Core,ELA Core,KG - 05
050245,Labrae Local,2024–2025,Public District,Blast Foundations (Really Great Reading),01 - 01,Implemented,ELA Core,Both ELA Core and Reading Intervention,01 - 01
050245,Labrae Local,2024–2025,Public District,Countdown (Really Great Reading),KG - KG,Implemented,ELA Core,Both ELA Core and Reading Intervention,KG - KG
050245,Labrae Local,2024–2025,Public District,HD Word (Really Great Reading),02 - 02,Implemented,ELA Core,Both ELA Core and Reading Intervention,02 - 02
050245,Labrae Local,2024–2025,Public District,Lexia Core 5 Reading (Lexia),KG - 02,Implemented,Reading Intervention,Both ELA Core and Reading Intervention,KG - 02
050245,Labrae Local,2024–2025,Public District,Locally created instruction,06 - 12,Implemented,Reading Intervention,N/A,N/A
050245,Labrae Local,2024–2025,Public District,Other published instr materials incl on Dept approved list,02 - 05,Implemented,Reading Intervention,N/A,N/A
050245,Labrae Local,2024–2025,Public District,Other published instr materials not on Dept list,06 - 12,Implemented,Reading Intervention,N/A,N/A
050245,Labrae Local,2024–2025,Public District,UFLI Foundations: An Explicit and Systematic Phonics Program (Ventris Learning/ULFI),KG - 01,Implemented,Reading Intervention,Both ELA Core and Reading Intervention,KG - 02
010205,L. Hollingworth School For Talented And Gifted,2024–2025,Community School,ARC Core (American Reading Company),KG - 08,Implemented,Both ELA Core and Reading Intervention,ELA Core,KG - 05
051144,Knox County Jvsd,2024–2025,Joint Vocational School District,"Creative Curriculum (Teaching Strategies, LLC)",PS - PS,Implemented,ELA Core,PreK Core,PS - PS
009957,Klepinger Community School,2024–2025,Community School,Amplify CKLA K-5 Core Comprehensive (Amplify),KG - 05,Implemented,Both ELA Core and Reading Intervention,ELA Core,KG - 05
047878,Kirtland Local,2024–2025,Public District,Amplify CKLA K-5 Core Comprehensive (Amplify),KG - 05,Implemented,ELA Core,ELA Core,KG - 05
047878,Kirtland Local,2024–2025,Public District,Other published instr materials incl on Dept approved list,02 - 12,Implemented,Reading Intervention,N/A,N/A
047878,Kirtland Local,2024–2025,Public District,Other published instr materials incl on Dept approved list,KG - 05,Implemented,Reading Intervention,N/A,N/A
009997,Kipp Columbus,2024–2025,Community School,Amplify CKLA K-2 Skills (Amplify),KG - 02,Implemented,Both ELA Core and Reading Intervention,ELA Core,KG - 02
009997,Kipp Columbus,2024–2025,Community School,Amplify CKLA K-5 Core Comprehensive (Amplify),KG - 05,Implemented,ELA Core,ELA Core,KG - 05
009997,Kipp Columbus,2024–2025,Community School,Fishtank Plus ELA 2021 (Fishtank Learning),06 - 08,Implemented,ELA Core,ELA Core,03 - 05
009997,Kipp Columbus,2024–2025,Community School,Lexia Core 5 Reading (Lexia),KG - 08,Implemented,Reading Intervention,Both ELA Core and Reading Intervention,KG - 02
009997,Kipp Columbus,2024–2025,Community School,Other published instr materials incl on Dept approved list,09 - 12,Implemented,Reading Intervention,N/A,N/A
009997,Kipp Columbus,2024–2025,Community School,Other published instr materials not on Dept list,09 - 12,Implemented,ELA Core,N/A,N/A
050435,Kings Local,2024–2025,Public District,Other published instr materials incl on Dept approved list,KG - 02,Implemented,Both ELA Core and Reading Intervention,N/A,N/A
016836,Kids Care Elementary,2024–2025,Community School,HMH Into Reading 2020 (Houghton Mifflin Harcourt),KG - 05,Implemented,ELA Core,ELA Core,KG - 05
016836,Kids Care Elementary,2024–2025,Community School,Other published instr materials incl on Dept approved list,KG - 05,Implemented,Reading Intervention,N/A,N/A
048165,Keystone Local,2024–2025,Public District,95 Phonics Core Program (95 Percent Group),03 - 05,Implemented,Both ELA Core and Reading Intervention,ELA Core,KG - 02
048165,Keystone Local,2024–2025,Public District,95 Phonics Core Program (95 Percent Group),06 - 08,Implemented,Reading Intervention,ELA Core,KG - 02
048165,Keystone Local,2024–2025,Public District,95 Phonics Core Program (95 Percent Group),KG - 02,Implemented,Reading Intervention,ELA Core,KG - 02
048165,Keystone Local,2024–2025,Public District,Fundations (Wilson Language Training),KG - 02,Implemented,Both ELA Core and Reading Intervention,Both ELA Core and Reading Intervention,KG - 02
048165,Keystone Local,2024–2025,Public District,Other published instr materials incl on Dept approved list,KG - 12,Implemented,Reading Intervention,N/A,N/A
048165,Keystone Local,2024–2025,Public District,Other published instr materials not on Dept list,KG - 02,Implemented,ELA Core,N/A,N/A
048165,Keystone Local,2024–2025,Public District,Wit & Wisdom (Great Minds),KG - 05,Implemented,ELA Core,ELA Core,03 - 05
044180,Kettering City School District,2024–2025,Public District,Fundations (Wilson Language Training),KG - 03,Implemented,Both ELA Core and Reading Intervention,Both ELA Core and Reading Intervention,KG - 02
044180,Kettering City School District,2024–2025,Public District,Wonders 2020 (McGraw Hill),KG - 05,Implemented,ELA Core,ELA Core,KG - 05
044180,Kettering City School District,2024–2025,Public District,World of Wonders (McGraw Hill),PS - PS,Implemented,ELA Core,PreK Core,PS - PS
044172,Kenton City,2024–2025,Public District,95 Phonics Core Program (95 Percent Group),KG - 03,Implemented,Reading Intervention,ELA Core,KG - 02
044172,Kenton City,2024–2025,Public District,Amplify CKLA K-5 Core Comprehensive (Amplify),03 - 05,Implemented,ELA Core,ELA Core,KG - 05
044172,Kenton City,2024–2025,Public District,Amplify CKLA K-5 Core Comprehensive (Amplify),KG - 02,Implemented,ELA Core,ELA Core,KG - 05
044172,Kenton City,2024–2025,Public District,"Creative Curriculum (Teaching Strategies, LLC)",PS - PS,Implemented,Both ELA Core and Reading Intervention,PreK Core,PS - PS
044172,Kenton City,2024–2025,Public District,Other published instr materials incl on Dept approved list,KG - 02,Implemented,ELA Core,N/A,N/A
044172,Kenton City,2024–2025,Public District,Other published instr materials incl on Dept approved list,01 - 12,Implemented,Reading Intervention,N/A,N/A
044164,Kent City,2024–2025,Public District,Fundations (Wilson Language Training),KG - 03,Implemented,ELA Core,Both ELA Core and Reading Intervention,KG - 02
044164,Kent City,2024–2025,Public District,Fundations (Wilson Language Training),PS - 12,Implemented,Reading Intervention,Both ELA Core and Reading Intervention,KG - 02
044164,Kent City,2024–2025,Public District,Other published instr materials incl on Dept approved list,PS - PS,Implemented,ELA Core,N/A,N/A
044164,Kent City,2024–2025,Public District,Other published instr materials incl on Dept approved list,PS - 12,Implemented,Reading Intervention,N/A,N/A
044164,Kent City,2024–2025,Public District,Other published instr materials not on Dept list,PS - 12,Implemented,Both ELA Core and Reading Intervention,N/A,N/A
044164,Kent City,2024–2025,Public District,UFLI Foundations: An Explicit and Systematic Phonics Program (Ventris Learning/ULFI),PS - 12,Implemented,Reading Intervention,Both ELA Core and Reading Intervention,KG - 02
044164,Kent City,2024–2025,Public District,Wit & Wisdom (Great Minds),KG - 05,Implemented,ELA Core,ELA Core,03 - 05
017536,Kenmore Preparatory Academy Dba Toledo Preparatory Academy,2024–2025,Community School,Fundations (Wilson Language Training),KG - 04,Implemented,Both ELA Core and Reading Intervention,Both ELA Core and Reading Intervention,KG - 02
017536,Kenmore Preparatory Academy Dba Toledo Preparatory Academy,2024–2025,Community School,Fundations (Wilson Language Training),KG - 04,Implemented,ELA Core,Both ELA Core and Reading Intervention,KG - 02
046797,Kelleys Island Local,2024–2025,Public District,Fundations (Wilson Language Training),02 - 02,Implemented,ELA Core,Both ELA Core and Reading Intervention,KG - 02
046797,Kelleys Island Local,2024–2025,Public District,Other published instr materials not on Dept list,02 - 06,Implemented,ELA Core,N/A,N/A
049346,Kalida Local,2024–2025,Public District,Other published instr materials incl on Dept approved list,05 - 12,Implemented,Reading Intervention,N/A,N/A
049346,Kalida Local,2024–2025,Public District,UFLI Foundations: An Explicit and Systematic Phonics Program (Ventris Learning/ULFI),KG - 05,Implemented,Reading Intervention,Both ELA Core and Reading Intervention,KG - 02
049346,Kalida Local,2024–2025,Public District,Wonders 2023 (McGraw Hill),KG - 05,Implemented,Both ELA Core and Reading Intervention,ELA Core,KG - 05
050179,Joseph Badger Local,2024–2025,Public District,Other published instr materials incl on Dept approved list,KG - 06,Implemented,Both ELA Core and Reading Intervention,N/A,N/A
048264,Jonathan Alder Local,2024–2025,Public District,Amplify CKLA K-5 Core Comprehensive (Amplify),KG - 07,Implemented,ELA Core,ELA Core,KG - 05
048264,Jonathan Alder Local,2024–2025,Public District,Frog Street Threes and/or Frog Street PreK (FrogStreet),PS - PS,Implemented,ELA Core,PreK Core,PS - PS
048264,Jonathan Alder Local,2024–2025,Public District,Lexia Core 5 Reading (Lexia),PS - 12,Implemented,Reading Intervention,Both ELA Core and Reading Intervention,KG - 02
048264,Jonathan Alder Local,2024–2025,Public District,Other published instr materials incl on Dept approved list,PS - 12,Implemented,Reading Intervention,N/A,N/A
048264,Jonathan Alder Local,2024–2025,Public District,UFLI Foundations: An Explicit and Systematic Phonics Program (Ventris Learning/ULFI),KG - 04,Implemented,Reading Intervention,Both ELA Core and Reading Intervention,KG - 02
047985,Johnstown-Monroe Local,2024–2025,Public District,Fundations (Wilson Language Training),KG - 03,Implemented,ELA Core,Both ELA Core and Reading Intervention,KG - 02
047985,Johnstown-Monroe Local,2024–2025,Public District,Other published instr materials incl on Dept approved list,KG - 05,Implemented,Reading Intervention,N/A,N/A
047985,Johnstown-Monroe Local,2024–2025,Public District,Wit & Wisdom (Great Minds),KG - 05,Implemented,ELA Core,ELA Core,03 - 05
049338,Jennings Local,2024–2025,Public District,Other published instr materials incl on Dept approved list,06 - 12,Implemented,Reading Intervention,N/A,N/A
049338,Jennings Local,2024–2025,Public District,UFLI Foundations: An Explicit and Systematic Phonics Program (Ventris Learning/ULFI),KG - 05,Implemented,Reading Intervention,Both ELA Core and Reading Intervention,KG - 02
049338,Jennings Local,2024–2025,Public District,Wonders 2020 (McGraw Hill),KG - 05,Implemented,Both ELA Core and Reading Intervention,ELA Core,KG - 05
049338,Jennings Local,2024–2025,Public District,Wonders 2020 (McGraw Hill),06 - 06,Implemented,Reading Intervention,ELA Core,KG - 05
048686,Jefferson Township Local,2024–2025,Public District,Amplify CKLA K-2 Skills (Amplify),KG - 02,Implemented,Both ELA Core and Reading Intervention,ELA Core,KG - 02
048686,Jefferson Township Local,2024–2025,Public District,Amplify CKLA K-5 Core Comprehensive (Amplify),KG - 05,Implemented,Both ELA Core and Reading Intervention,ELA Core,KG - 05
048686,Jefferson Township Local,2024–2025,Public District,Other published instr materials incl on Dept approved list,06 - 08,Implemented,Both ELA Core and Reading Intervention,N/A,N/A
048686,Jefferson Township Local,2024–2025,Public District,Other published instr materials incl on Dept approved list,KG - 02,Implemented,Both ELA Core and Reading Intervention,N/A,N/A
048686,Jefferson Township Local,2024–2025,Public District,Other published instr materials incl on Dept approved list,03 - 05,Implemented,Reading Intervention,N/A,N/A
048686,Jefferson Township Local,2024–2025,Public District,Savvas Essentials: Foundational Reading (Savvas),09 - 12,Implemented,Both ELA Core and Reading Intervention,ELA Core,KG - 02
048256,Jefferson Local,2024–2025,Public District,Other published instr materials incl on Dept approved list,KG - 02,Implemented,ELA Core,N/A,N/A
048256,Jefferson Local,2024–2025,Public District,Other published instr materials incl on Dept approved list,KG - 05,Implemented,ELA Core,N/A,N/A
048256,Jefferson Local,2024–2025,Public District,UFLI Foundations: An Explicit and Systematic Phonics Program (Ventris Learning/ULFI),KG - 03,Implemented,Reading Intervention,Both ELA Core and Reading Intervention,KG - 02
045872,Jefferson Area Local,2024–2025,Public District,Foundations A-Z (Learning A-Z),KG - 03,Implemented,Reading Intervention,ELA Core,KG - 02
045872,Jefferson Area Local,2024–2025,Public District,Fundations (Wilson Language Training),KG - 02,Implemented,Both ELA Core and Reading Intervention,Both ELA Core and Reading Intervention,KG - 02
045872,Jefferson Area Local,2024–2025,Public District,"MyView Literacy (Savvas Learning Company, formerly Pearson)",KG - 05,Implemented,Both ELA Core and Reading Intervention,ELA Core,KG - 05
045872,Jefferson Area Local,2024–2025,Public District,Other published instr materials incl on Dept approved list,03 - 06,Implemented,Reading Intervention,N/A,N/A
045872,Jefferson Area Local,2024–2025,Public District,Other published instr materials incl on Dept approved list,03 - 12,Implemented,Reading Intervention,N/A,N/A
045872,Jefferson Area Local,2024–2025,Public District,Other published instr materials not on Dept list,KG - 02,Implemented,Reading Intervention,N/A,N/A
049205,James A Garfield Local,2024–2025,Public District,Amplify CKLA K-5 Core Comprehensive (Amplify),04 - 06,Implemented,Reading Intervention,ELA Core,KG - 05
049205,James A Garfield Local,2024–2025,Public District,UFLI Foundations: An Explicit and Systematic Phonics Program (Ventris Learning/ULFI),KG - 03,Implemented,Reading Intervention,Both ELA Core and Reading Intervention,KG - 02
048322,Jackson-Milton Local,2024–2025,Public District,Amplify CKLA K-5 Core Comprehensive (Amplify),KG - 05,Implemented,Both ELA Core and Reading Intervention,ELA Core,KG - 05
048322,Jackson-Milton Local,2024–2025,Public District,Lexia Core 5 Reading (Lexia),06 - 12,Implemented,Both ELA Core and Reading Intervention,Both ELA Core and Reading Intervention,KG - 02
049858,Jackson Local,2024–2025,Public District,Fundations (Wilson Language Training),KG - 02,Implemented,Reading Intervention,Both ELA Core and Reading Intervention,KG - 02
049858,Jackson Local,2024–2025,Public District,Other published instr materials incl on Dept approved list,01 - 02,Implemented,Reading Intervention,N/A,N/A
049858,Jackson Local,2024–2025,Public District,Other published instr materials incl on Dept approved list,02 - 12,Implemented,Reading Intervention,N/A,N/A
049858,Jackson Local,2024–2025,Public District,Other published instr materials incl on Dept approved list,04 - 12,Implemented,Reading Intervention,N/A,N/A
044156,Jackson City,2024–2025,Public District,"Creative Curriculum (Teaching Strategies, LLC)",PS - PS,Implemented,Both ELA Core and Reading Intervention,PreK Core,PS - PS
044156,Jackson City,2024–2025,Public District,HMH Into Reading 2020 (Houghton Mifflin Harcourt),KG - 05,Implemented,Both ELA Core and Reading Intervention,ELA Core,KG - 05
044156,Jackson City,2024–2025,Public District,"Reading Horizons Discovery (HEC Software, Inc.)",06 - 12,Implemented,Reading Intervention,ELA Core,KG - 02
049809,Jackson Center Local,2024–2025,Public District,Other published instr materials incl on Dept approved list,06 - 08,Implemented,Both ELA Core and Reading Intervention,N/A,N/A
049809,Jackson Center Local,2024–2025,Public District,Other published instr materials incl on Dept approved list,06 - 12,Implemented,Both ELA Core and Reading Intervention,N/A,N/A
049809,Jackson Center Local,2024–2025,Public District,Other published instr materials incl on Dept approved list,PS - 05,Implemented,Both ELA Core and Reading Intervention,N/A,N/A
015329,Istem,2024–2025,STEM,Other published instr materials incl on Dept approved list,06 - 12,Implemented,Reading Intervention,N/A,N/A
044149,Ironton City School District,2024–2025,Public District,HMH Into Reading 2020 (Houghton Mifflin Harcourt),KG - 05,Implemented,Both ELA Core and Reading Intervention,ELA Core,KG - 05
044149,Ironton City School District,2024–2025,Public District,"MyView Literacy (Savvas Learning Company, formerly Pearson)",06 - 12,Implemented,Both ELA Core and Reading Intervention,ELA Core,KG - 05
044149,Ironton City School District,2024–2025,Public District,Other published instr materials incl on Dept approved list,06 - 08,Implemented,Reading Intervention,N/A,N/A
044149,Ironton City School District,2024–2025,Public District,Other published instr materials incl on Dept approved list,09 - 12,Implemented,Reading Intervention,N/A,N/A
044149,Ironton City School District,2024–2025,Public District,Other published instr materials incl on Dept approved list,KG - 05,Implemented,Reading Intervention,N/A,N/A
044149,Ironton City School District,2024–2025,Public District,Other published instr materials not on Dept list,PS - PS,Implemented,ELA Core,N/A,N/A
044149,Ironton City School District,2024–2025,Public District,Other published instr materials not on Dept list,PS - PS,Implemented,Reading Intervention,N/A,N/A
044149,Ironton City School District,2024–2025,Public District,Ready to Advance (Benchmark Education),PS - PS,Implemented,Both ELA Core and Reading Intervention,PreK Core,PS - PS
044149,Ironton City School District,2024–2025,Public District,UFLI Foundations: An Explicit and Systematic Phonics Program (Ventris Learning/ULFI),KG - 05,Implemented,Reading Intervention,Both ELA Core and Reading Intervention,KG - 02
133835,Invictus High School,2024–2025,Community School,Other published instr materials not on Dept list,09 - 12,Implemented,Both ELA Core and Reading Intervention,N/A,N/A
143172,International Acad Of Columbus,2024–2025,Community School,Other published instr materials incl on Dept approved list,KG - 08,Implemented,ELA Core,N/A,N/A
143172,International Acad Of Columbus,2024–2025,Community School,UFLI Foundations: An Explicit and Systematic Phonics Program (Ventris Learning/ULFI),KG - 08,Implemented,Reading Intervention,Both ELA Core and Reading Intervention,KG - 02
133215,"Intergenerational School, The",2024–2025,Community School,Amplify CKLA K-2 Skills (Amplify),KG - 02,Implemented,Both ELA Core and Reading Intervention,ELA Core,KG - 02
133215,"Intergenerational School, The",2024–2025,Community School,Amplify CKLA K-5 Core Comprehensive (Amplify),03 - 08,Implemented,Both ELA Core and Reading Intervention,ELA Core,KG - 05
143313,Innovation Academy West,2024–2025,Community School,HMH Into Reading 2020 (Houghton Mifflin Harcourt),KG - 05,Implemented,ELA Core,ELA Core,KG - 05
143313,Innovation Academy West,2024–2025,Community School,Other published instr materials incl on Dept approved list,06 - 08,Implemented,ELA Core,N/A,N/A
143313,Innovation Academy West,2024–2025,Community School,Other published instr materials incl on Dept approved list,03 - 08,Implemented,Reading Intervention,N/A,N/A
143313,Innovation Academy West,2024–2025,Community School,Other published instr materials not on Dept list,KG - 03,Implemented,Reading Intervention,N/A,N/A
143313,Innovation Academy West,2024–2025,Community School,Other published instr materials not on Dept list,KG - 04,Implemented,Reading Intervention,N/A,N/A
050286,Indian Valley Local,2024–2025,Public District,Other published instr materials incl on Dept approved list,KG - 01,Implemented,Both ELA Core and Reading Intervention,N/A,N/A
050286,Indian Valley Local,2024–2025,Public District,Other published instr materials incl on Dept approved list,KG - 12,Implemented,Reading Intervention,N/A,N/A
050286,Indian Valley Local,2024–2025,Public District,Wonders 2023 (McGraw Hill),KG - 05,Implemented,ELA Core,ELA Core,KG - 05
048082,Indian Lake Local,2024–2025,Public District,Magnetic Reading Foundations (Curriculum Associates),KG - 04,Implemented,Reading Intervention,Both ELA Core and Reading Intervention,KG - 02
048082,Indian Lake Local,2024–2025,Public District,Other published instr materials incl on Dept approved list,02 - 12,Implemented,Reading Intervention,N/A,N/A
048082,Indian Lake Local,2024–2025,Public District,Other published instr materials incl on Dept approved list,KG - 08,Implemented,Reading Intervention,N/A,N/A
048082,Indian Lake Local,2024–2025,Public District,Other published instr materials not on Dept list,PS - PS,Implemented,Both ELA Core and Reading Intervention,N/A,N/A
048082,Indian Lake Local,2024–2025,Public District,Other published instr materials not on Dept list,01 - 12,Implemented,Reading Intervention,N/A,N/A
048082,Indian Lake Local,2024–2025,Public District,Other published instr materials not on Dept list,KG - 03,Implemented,Reading Intervention,N/A,N/A
048082,Indian Lake Local,2024–2025,Public District,Other published instr materials not on Dept list,PS - 02,Implemented,Reading Intervention,N/A,N/A
047803,Indian Creek Local,2024–2025,Public District,Frog Street Threes and/or Frog Street PreK (FrogStreet),PS - PS,Implemented,Both ELA Core and Reading Intervention,PreK Core,PS - PS
047803,Indian Creek Local,2024–2025,Public District,World of Wonders (McGraw Hill),KG - 05,Implemented,Both ELA Core and Reading Intervention,PreK Core,PS - PS
046565,Independence Local,2024–2025,Public District,"Creative Curriculum (Teaching Strategies, LLC)",PS - PS,Implemented,Both ELA Core and Reading Intervention,PreK Core,PS - PS
046565,Independence Local,2024–2025,Public District,Fundations (Wilson Language Training),KG - 12,Implemented,Reading Intervention,Both ELA Core and Reading Intervention,KG - 02
046565,Independence Local,2024–2025,Public District,Other published instr materials incl on Dept approved list,KG - 08,Implemented,Reading Intervention,N/A,N/A
046565,Independence Local,2024–2025,Public District,Wonders 2023 (McGraw Hill),KG - 08,Implemented,ELA Core,ELA Core,KG - 05
014121,Imagine Leadership Academy,2024–2025,Community School,Lexia Core 5 Reading (Lexia),01 - 05,Implemented,Reading Intervention,Both ELA Core and Reading Intervention,KG - 02
014139,Imagine Columbus Primary Academy,2024–2025,Community School,Amplify CKLA K-5 Core Comprehensive (Amplify),KG - 05,Implemented,ELA Core,ELA Core,KG - 05
014139,Imagine Columbus Primary Academy,2024–2025,Community School,Other published instr materials incl on Dept approved list,KG - 05,Implemented,Reading Intervention,N/A,N/A
014139,Imagine Columbus Primary Academy,2024–2025,Community School,UFLI Foundations: An Explicit and Systematic Phonics Program (Ventris Learning/ULFI),KG - 05,Implemented,Reading Intervention,Both ELA Core and Reading Intervention,KG - 02
011947,Imagine Akron Academy,2024–2025,Community School,Amplify CKLA K-5 Core Comprehensive (Amplify),KG - KG,Implemented,ELA Core,ELA Core,KG - 05
011947,Imagine Akron Academy,2024–2025,Community School,Other published instr materials incl on Dept approved list,KG - KG,Implemented,Reading Intervention,N/A,N/A
020007,"Idea Greater Cincinnati, Inc",2024–2025,Community School,Amplify CKLA K-2 Skills (Amplify),KG - 02,Implemented,ELA Core,ELA Core,KG - 02
020007,"Idea Greater Cincinnati, Inc",2024–2025,Community School,Other published instr materials incl on Dept approved list,KG - 09,Implemented,Reading Intervention,N/A,N/A
020007,"Idea Greater Cincinnati, Inc",2024–2025,Community School,Wit & Wisdom (Great Minds),KG - 05,Implemented,ELA Core,ELA Core,03 - 05
021458,Huron Sports Academy,2024–2025,Community School,Amplify CKLA K-5 Core Comprehensive (Amplify),KG - 05,Implemented,Both ELA Core and Reading Intervention,ELA Core,KG - 05
044131,Huron City Schools,2024–2025,Public District,Fundations (Wilson Language Training),PS - 12,Implemented,Reading Intervention,Both ELA Core and Reading Intervention,KG - 02
044131,Huron City Schools,2024–2025,Public District,Wonders 2023 (McGraw Hill),PS - 05,Implemented,Both ELA Core and Reading Intervention,ELA Core,KG - 05
049502,Huntington Local,2024–2025,Public District,95 Phonics Core Program (95 Percent Group),03 - 04,Implemented,Reading Intervention,ELA Core,KG - 02
049502,Huntington Local,2024–2025,Public District,Foundations A-Z (Learning A-Z),KG - 02,Implemented,Reading Intervention,ELA Core,KG - 02
049502,Huntington Local,2024–2025,Public District,Other published instr materials incl on Dept approved list,06 - 08,Implemented,Reading Intervention,N/A,N/A
049502,Huntington Local,2024–2025,Public District,Other published instr materials incl on Dept approved list,09 - 12,Implemented,Reading Intervention,N/A,N/A
049502,Huntington Local,2024–2025,Public District,UFLI Foundations: An Explicit and Systematic Phonics Program (Ventris Learning/ULFI),KG - 02,Implemented,Reading Intervention,Both ELA Core and Reading Intervention,KG - 02
048751,Huber Heights City,2024–2025,Public District,Amplify CKLA K-5 Core Comprehensive (Amplify),KG - 05,Implemented,ELA Core,ELA Core,KG - 05
048751,Huber Heights City,2024–2025,Public District,Amplify CKLA PreK (Amplify),PS - PS,Implemented,ELA Core,PreK Core,PS - PS
048751,Huber Heights City,2024–2025,Public District,"Creative Curriculum (Teaching Strategies, LLC)",PS - PS,Implemented,ELA Core,PreK Core,PS - PS
048751,Huber Heights City,2024–2025,Public District,Other published instr materials incl on Dept approved list,01 - 12,Implemented,Reading Intervention,N/A,N/A
048751,Huber Heights City,2024–2025,Public District,Other published instr materials incl on Dept approved list,07 - 08,Implemented,Reading Intervention,N/A,N/A
048751,Huber Heights City,2024–2025,Public District,Other published instr materials incl on Dept approved list,09 - 12,Implemented,Reading Intervention,N/A,N/A
048751,Huber Heights City,2024–2025,Public District,Other published instr materials incl on Dept approved list,KG - 05,Implemented,Reading Intervention,N/A,N/A
045427,Hubbard Exempted Village,2024–2025,Public District,Amplify CKLA K-5 Core Comprehensive (Amplify),KG - 05,Implemented,Both ELA Core and Reading Intervention,ELA Core,KG - 05
045427,Hubbard Exempted Village,2024–2025,Public District,Lexia Core 5 Reading (Lexia),05 - 05,Implemented,Reading Intervention,Both ELA Core and Reading Intervention,KG - 02
050161,Howland Local,2024–2025,Public District,95 Phonics Core Program (95 Percent Group),KG - 04,Implemented,Reading Intervention,ELA Core,KG - 02
050161,Howland Local,2024–2025,Public District,"Creative Curriculum (Teaching Strategies, LLC)",PS - PS,Implemented,Both ELA Core and Reading Intervention,PreK Core,PS - PS
050161,Howland Local,2024–2025,Public District,Fundations (Wilson Language Training),KG - 03,Implemented,ELA Core,Both ELA Core and Reading Intervention,KG - 02
050161,Howland Local,2024–2025,Public District,Lexia Core 5 Reading (Lexia),03 - 04,Implemented,Reading Intervention,Both ELA Core and Reading Intervention,KG - 02
050161,Howland Local,2024–2025,Public District,Other published instr materials incl on Dept approved list,KG - 05,Implemented,Both ELA Core and Reading Intervention,N/A,N/A
050161,Howland Local,2024–2025,Public District,UFLI Foundations: An Explicit and Systematic Phonics Program (Ventris Learning/ULFI),02 - 05,Implemented,Reading Intervention,Both ELA Core and Reading Intervention,KG - 02
000825,Horizon Science Academy-Springfield,2024–2025,Community School,Being a Reader (Center for the Collaborative Classroom),KG - 05,Implemented,ELA Core,ELA Core,KG - 03
000825,Horizon Science Academy-Springfield,2024–2025,Community School,Other published instr materials incl on Dept approved list,KG - 05,Implemented,Both ELA Core and Reading Intervention,N/A,N/A
000825,Horizon Science Academy-Springfield,2024–2025,Community School,Other published instr materials incl on Dept approved list,KG - 05,Implemented,Reading Intervention,N/A,N/A
000825,Horizon Science Academy-Springfield,2024–2025,Community School,UFLI Foundations: An Explicit and Systematic Phonics Program (Ventris Learning/ULFI),KG - 05,Implemented,Reading Intervention,Both ELA Core and Reading Intervention,KG - 02
000838,Horizon Science Academy-Denison Middle School,2024–2025,Community School,Being a Reader (Center for the Collaborative Classroom),KG - 05,Implemented,ELA Core,ELA Core,KG - 03
000838,Horizon Science Academy-Denison Middle School,2024–2025,Community School,Other published instr materials incl on Dept approved list,KG - 05,Implemented,Both ELA Core and Reading Intervention,N/A,N/A
000838,Horizon Science Academy-Denison Middle School,2024–2025,Community School,Other published instr materials incl on Dept approved list,KG - 05,Implemented,Reading Intervention,N/A,N/A
000838,Horizon Science Academy-Denison Middle School,2024–2025,Community School,UFLI Foundations: An Explicit and Systematic Phonics Program (Ventris Learning/ULFI),KG - 05,Implemented,ELA Core,Both ELA Core and Reading Intervention,KG - 02
000808,Horizon Science Academy-Dayton,2024–2025,Community School,Being a Reader (Center for the Collaborative Classroom),KG - 05,Implemented,ELA Core,ELA Core,KG - 03
000808,Horizon Science Academy-Dayton,2024–2025,Community School,Other published instr materials incl on Dept approved list,KG - 05,Implemented,Both ELA Core and Reading Intervention,N/A,N/A
000808,Horizon Science Academy-Dayton,2024–2025,Community School,Other published instr materials incl on Dept approved list,KG - 05,Implemented,Reading Intervention,N/A,N/A
000808,Horizon Science Academy-Dayton,2024–2025,Community School,UFLI Foundations: An Explicit and Systematic Phonics Program (Ventris Learning/ULFI),KG - 03,Implemented,Both ELA Core and Reading Intervention,Both ELA Core and Reading Intervention,KG - 02
000858,Horizon Science Academy-Cleveland Middle School,2024–2025,Community School,Being a Reader (Center for the Collaborative Classroom),KG - 05,Implemented,ELA Core,ELA Core,KG - 03
000858,Horizon Science Academy-Cleveland Middle School,2024–2025,Community School,Other published instr materials incl on Dept approved list,KG - 05,Implemented,Both ELA Core and Reading Intervention,N/A,N/A
000858,Horizon Science Academy-Cleveland Middle School,2024–2025,Community School,Other published instr materials incl on Dept approved list,KG - 05,Implemented,Reading Intervention,N/A,N/A
000858,Horizon Science Academy-Cleveland Middle School,2024–2025,Community School,UFLI Foundations: An Explicit and Systematic Phonics Program (Ventris Learning/ULFI),KG - 05,Implemented,Reading Intervention,Both ELA Core and Reading Intervention,KG - 02
000804,Horizon Science Academy-Cincinnati,2024–2025,Community School,Being a Reader (Center for the Collaborative Classroom),KG - 05,Implemented,ELA Core,ELA Core,KG - 03
000804,Horizon Science Academy-Cincinnati,2024–2025,Community School,Other published instr materials incl on Dept approved list,KG - 08,Implemented,Both ELA Core and Reading Intervention,N/A,N/A
000804,Horizon Science Academy-Cincinnati,2024–2025,Community School,Other published instr materials incl on Dept approved list,06 - 08,Implemented,ELA Core,N/A,N/A
000804,Horizon Science Academy-Cincinnati,2024–2025,Community School,UFLI Foundations: An Explicit and Systematic Phonics Program (Ventris Learning/ULFI),KG - 03,Implemented,Both ELA Core and Reading Intervention,Both ELA Core and Reading Intervention,KG - 02
011986,Horizon Science Academy Youngstown,2024–2025,Community School,Being a Reader (Center for the Collaborative Classroom),KG - 05,Implemented,ELA Core,ELA Core,KG - 03
011986,Horizon Science Academy Youngstown,2024–2025,Community School,Fundations (Wilson Language Training),KG - 05,Implemented,Both ELA Core and Reading Intervention,Both ELA Core and Reading Intervention,KG - 02
011986,Horizon Science Academy Youngstown,2024–2025,Community School,Other published instr materials incl on Dept approved list,KG - 05,Implemented,Both ELA Core and Reading Intervention,N/A,N/A
011986,Horizon Science Academy Youngstown,2024–2025,Community School,Other published instr materials incl on Dept approved list,KG - 02,Implemented,Reading Intervention,N/A,N/A
011986,Horizon Science Academy Youngstown,2024–2025,Community School,Other published instr materials incl on Dept approved list,KG - 05,Implemented,Reading Intervention,N/A,N/A
011986,Horizon Science Academy Youngstown,2024–2025,Community School,UFLI Foundations: An Explicit and Systematic Phonics Program (Ventris Learning/ULFI),KG - 05,Implemented,ELA Core,Both ELA Core and Reading Intervention,KG - 02
000338,Horizon Science Academy Toledo,2024–2025,Community School,Being a Reader (Center for the Collaborative Classroom),KG - 05,Implemented,ELA Core,ELA Core,KG - 03
000338,Horizon Science Academy Toledo,2024–2025,Community School,Other published instr materials incl on Dept approved list,KG - 05,Implemented,Both ELA Core and Reading Intervention,N/A,N/A
000338,Horizon Science Academy Toledo,2024–2025,Community School,Other published instr materials incl on Dept approved list,KG - 05,Implemented,Reading Intervention,N/A,N/A
011533,Horizon Science Academy Lorain,2024–2025,Community School,Being a Reader (Center for the Collaborative Classroom),KG - 05,Implemented,ELA Core,ELA Core,KG - 03
011533,Horizon Science Academy Lorain,2024–2025,Community School,Other published instr materials incl on Dept approved list,KG - 05,Implemented,Both ELA Core and Reading Intervention,N/A,N/A
011533,Horizon Science Academy Lorain,2024–2025,Community School,Other published instr materials incl on Dept approved list,KG - 05,Implemented,Reading Intervention,N/A,N/A
011533,Horizon Science Academy Lorain,2024–2025,Community School,UFLI Foundations: An Explicit and Systematic Phonics Program (Ventris Learning/ULFI),KG - 05,Implemented,ELA Core,Both ELA Core and Reading Intervention,KG - 02
009990,Horizon Science Academy Elementary School,2024–2025,Community School,Being a Reader (Center for the Collaborative Classroom),KG - 05,Implemented,ELA Core,ELA Core,KG - 03
009990,Horizon Science Academy Elementary School,2024–2025,Community School,Other published instr materials incl on Dept approved list,KG - 05,Implemented,Both ELA Core and Reading Intervention,N/A,N/A
009990,Horizon Science Academy Elementary School,2024–2025,Community School,Other published instr materials incl on Dept approved list,KG - 02,Implemented,ELA Core,N/A,N/A
009990,Horizon Science Academy Elementary School,2024–2025,Community School,Other published instr materials incl on Dept approved list,03 - 05,Implemented,Reading Intervention,N/A,N/A
009990,Horizon Science Academy Elementary School,2024–2025,Community School,Other published instr materials incl on Dept approved list,KG - 05,Implemented,Reading Intervention,N/A,N/A
011534,Horizon Science Academy Dayton High School,2024–2025,Community School,Lexia Core 5 Reading (Lexia),06 - 12,Implemented,Both ELA Core and Reading Intervention,Both ELA Core and Reading Intervention,KG - 02
011534,Horizon Science Academy Dayton High School,2024–2025,Community School,Other published instr materials incl on Dept approved list,06 - 12,Implemented,ELA Core,N/A,N/A
011976,Horizon Science Academy Dayton Downtown,2024–2025,Community School,Being a Reader (Center for the Collaborative Classroom),KG - 05,Implemented,ELA Core,ELA Core,KG - 03
011976,Horizon Science Academy Dayton Downtown,2024–2025,Community School,Other published instr materials incl on Dept approved list,KG - 08,Implemented,Both ELA Core and Reading Intervention,N/A,N/A
011976,Horizon Science Academy Dayton Downtown,2024–2025,Community School,Other published instr materials incl on Dept approved list,06 - 08,Implemented,ELA Core,N/A,N/A
011976,Horizon Science Academy Dayton Downtown,2024–2025,Community School,Other published instr materials incl on Dept approved list,03 - 05,Implemented,Reading Intervention,N/A,N/A
011976,Horizon Science Academy Dayton Downtown,2024–2025,Community School,UFLI Foundations: An Explicit and Systematic Phonics Program (Ventris Learning/ULFI),KG - 02,Implemented,Both ELA Core and Reading Intervention,Both ELA Core and Reading Intervention,KG - 02
009179,Horizon Science Academy Columbus Middle School,2024–2025,Community School,Other published instr materials incl on Dept approved list,06 - 08,Implemented,Both ELA Core and Reading Intervention,N/A,N/A
009179,Horizon Science Academy Columbus Middle School,2024–2025,Community School,Other published instr materials incl on Dept approved list,06 - 08,Implemented,ELA Core,N/A,N/A
133660,Horizon Science Academy Columbus,2024–2025,Community School,Other published instr materials incl on Dept approved list,09 - 12,Implemented,ELA Core,N/A,N/A
133629,Horizon Science Acad Cleveland,2024–2025,Community School,Other published instr materials incl on Dept approved list,09 - 12,Implemented,Both ELA Core and Reading Intervention,N/A,N/A
133629,Horizon Science Acad Cleveland,2024–2025,Community School,Other published instr materials incl on Dept approved list,09 - 12,Implemented,ELA Core,N/A,N/A
133629,Horizon Science Acad Cleveland,2024–2025,Community School,Other published instr materials incl on Dept approved list,09 - 12,Implemented,Reading Intervention,N/A,N/A
049700,Hopewell-Loudon Local,2024–2025,Public District,Lexia Core 5 Reading (Lexia),KG - 06,Implemented,Both ELA Core and Reading Intervention,Both ELA Core and Reading Intervention,KG - 02
014091,Hope Learning Academy Of Toledo,2024–2025,Community School,95 Phonics Core Program (95 Percent Group),PS - PS,Implemented,Both ELA Core and Reading Intervention,ELA Core,KG - 02
014091,Hope Learning Academy Of Toledo,2024–2025,Community School,Wonders 2023 (McGraw Hill),KG - 05,Implemented,ELA Core,ELA Core,KG - 05
047571,Holgate Local,2024–2025,Public District,ARC Core (American Reading Company),KG - 05,Implemented,ELA Core,ELA Core,KG - 05
047571,Holgate Local,2024–2025,Public District,Other published instr materials incl on Dept approved list,KG - 03,Implemented,Both ELA Core and Reading Intervention,N/A,N/A
047571,Holgate Local,2024–2025,Public District,Other published instr materials incl on Dept approved list,06 - 12,Implemented,ELA Core,N/A,N/A
045823,Hillsdale Local,2024–2025,Public District,Lexia Core 5 Reading (Lexia),03 - 05,Implemented,Reading Intervention,Both ELA Core and Reading Intervention,KG - 02
045823,Hillsdale Local,2024–2025,Public District,Other published instr materials incl on Dept approved list,06 - 08,Implemented,Reading Intervention,N/A,N/A
045823,Hillsdale Local,2024–2025,Public District,Other published instr materials incl on Dept approved list,KG - 04,Implemented,Reading Intervention,N/A,N/A
044123,Hillsboro City,2024–2025,Public District,Benchmark Advance or Literacy (Benchmark Education),03 - 05,Implemented,ELA Core,ELA Core,KG - 05
044123,Hillsboro City,2024–2025,Public District,Frog Street Threes and/or Frog Street PreK (FrogStreet),PS - PS,Implemented,Both ELA Core and Reading Intervention,PreK Core,PS - PS
044123,Hillsboro City,2024–2025,Public District,Other published instr materials incl on Dept approved list,KG - 05,Implemented,Reading Intervention,N/A,N/A
044123,Hillsboro City,2024–2025,Public District,UFLI Foundations: An Explicit and Systematic Phonics Program (Ventris Learning/ULFI),KG - 05,Implemented,Both ELA Core and Reading Intervention,Both ELA Core and Reading Intervention,KG - 02
044123,Hillsboro City,2024–2025,Public District,UFLI Foundations: An Explicit and Systematic Phonics Program (Ventris Learning/ULFI),KG - 05,Implemented,Reading Intervention,Both ELA Core and Reading Intervention,KG - 02
044123,Hillsboro City,2024–2025,Public District,Wonders 2023 (McGraw Hill),KG - 02,Implemented,ELA Core,ELA Core,KG - 05
047019,Hilliard City,2024–2025,Public District,95 Phonics Core Program (95 Percent Group),KG - 03,Implemented,ELA Core,ELA Core,KG - 02
047019,Hilliard City,2024–2025,Public District,Other published instr materials not on Dept list,06 - 12,Implemented,Reading Intervention,N/A,N/A
047019,Hilliard City,2024–2025,Public District,Other published instr materials not on Dept list,KG - 12,Implemented,Reading Intervention,N/A,N/A
047019,Hilliard City,2024–2025,Public District,Wit & Wisdom (Great Minds),KG - 05,Implemented,ELA Core,ELA Core,03 - 05
048496,Highland Local,2024–2025,Public District,Fundations (Wilson Language Training),KG - 02,Implemented,Reading Intervention,Both ELA Core and Reading Intervention,KG - 02
048496,Highland Local,2024–2025,Public District,Lexia Core 5 Reading (Lexia),KG - 05,Implemented,Reading Intervention,Both ELA Core and Reading Intervention,KG - 02
048496,Highland Local,2024–2025,Public District,Other published instr materials incl on Dept approved list,KG - 08,Implemented,Reading Intervention,N/A,N/A
048496,Highland Local,2024–2025,Public District,Wonders 2020 (McGraw Hill),KG - 05,Implemented,ELA Core,ELA Core,KG - 05
048496,Highland Local,2024–2025,Public District,World of Wonders (McGraw Hill),PS - PS,Implemented,ELA Core,PreK Core,PS - PS
048801,Highland Local,2024–2025,Public District,Other published instr materials incl on Dept approved list,KG - 02,Implemented,Both ELA Core and Reading Intervention,N/A,N/A
048801,Highland Local,2024–2025,Public District,Other published instr materials incl on Dept approved list,02 - 08,Implemented,Reading Intervention,N/A,N/A
048801,Highland Local,2024–2025,Public District,Other published instr materials incl on Dept approved list,03 - 05,Implemented,Reading Intervention,N/A,N/A
048801,Highland Local,2024–2025,Public District,Other published instr materials incl on Dept approved list,06 - 08,Implemented,Reading Intervention,N/A,N/A
048801,Highland Local,2024–2025,Public District,Other published instr materials incl on Dept approved list,06 - 12,Implemented,Reading Intervention,N/A,N/A
048801,Highland Local,2024–2025,Public District,Other published instr materials not on Dept list,KG - 02,Implemented,Both ELA Core and Reading Intervention,N/A,N/A
045419,Hicksville Exempted Village School District,2024–2025,Public District,HMH Into Reading 2020 (Houghton Mifflin Harcourt),KG - 05,Implemented,Both ELA Core and Reading Intervention,ELA Core,KG - 05
000613,Heir Force Community School,2024–2025,Community School,"The Superkids Reading Program (Zaner-Bloser, Inc.)",KG - 02,Implemented,ELA Core,ELA Core,02 - 02
000613,Heir Force Community School,2024–2025,Community School,UFLI Foundations: An Explicit and Systematic Phonics Program (Ventris Learning/ULFI),KG - 02,Implemented,Both ELA Core and Reading Intervention,Both ELA Core and Reading Intervention,KG - 02
000613,Heir Force Community School,2024–2025,Community School,Wit & Wisdom (Great Minds),03 - 08,Implemented,Both ELA Core and Reading Intervention,ELA Core,03 - 05
044115,Heath City,2024–2025,Public District,95 Phonics Core Program (95 Percent Group),KG - 02,Implemented,Both ELA Core and Reading Intervention,ELA Core,KG - 02
044115,Heath City,2024–2025,Public District,UFLI Foundations: An Explicit and Systematic Phonics Program (Ventris Learning/ULFI),KG - 02,Implemented,Reading Intervention,Both ELA Core and Reading Intervention,KG - 02
044115,Heath City,2024–2025,Public District,Wit & Wisdom (Great Minds),KG - 08,Implemented,ELA Core,ELA Core,03 - 05
008286,Harvard Avenue Performance Academy,2024–2025,Community School,HMH Into Reading 2020 (Houghton Mifflin Harcourt),KG - 05,Implemented,ELA Core,ELA Core,KG - 05
045245,Harrison Hills City,2024–2025,Public District,Blast Foundations (Really Great Reading),01 - 01,Implemented,Both ELA Core and Reading Intervention,Both ELA Core and Reading Intervention,01 - 01
045245,Harrison Hills City,2024–2025,Public District,Blast Foundations (Really Great Reading),02 - 02,Implemented,Reading Intervention,Both ELA Core and Reading Intervention,01 - 01
045245,Harrison Hills City,2024–2025,Public District,Countdown (Really Great Reading),KG - KG,Implemented,ELA Core,Both ELA Core and Reading Intervention,KG - KG
045245,Harrison Hills City,2024–2025,Public District,HD Word (Really Great Reading),02 - 03,Implemented,Both ELA Core and Reading Intervention,Both ELA Core and Reading Intervention,02 - 02
045245,Harrison Hills City,2024–2025,Public District,HD Word (Really Great Reading),PS - 12,Implemented,Reading Intervention,Both ELA Core and Reading Intervention,02 - 02
045245,Harrison Hills City,2024–2025,Public District,Wonders 2023 (McGraw Hill),KG - 05,Implemented,ELA Core,ELA Core,KG - 05
045245,Harrison Hills City,2024–2025,Public District,World of Wonders (McGraw Hill),PS - PS,Implemented,ELA Core,PreK Core,PS - PS
049791,Hardin-Houston Local,2024–2025,Public District,ARC Core (American Reading Company),KG - 05,Implemented,ELA Core,ELA Core,KG - 05
049791,Hardin-Houston Local,2024–2025,Public District,Other published instr materials not on Dept list,07 - 12,Implemented,Reading Intervention,N/A,N/A
049791,Hardin-Houston Local,2024–2025,Public District,Other published instr materials not on Dept list,KG - 06,Implemented,Reading Intervention,N/A,N/A
049791,Hardin-Houston Local,2024–2025,Public District,UFLI Foundations: An Explicit and Systematic Phonics Program (Ventris Learning/ULFI),KG - 06,Implemented,Reading Intervention,Both ELA Core and Reading Intervention,KG - 02
047498,Hardin Northern Local,2024–2025,Public District,95 Phonics Core Program (95 Percent Group),KG - 03,Implemented,Both ELA Core and Reading Intervention,ELA Core,KG - 02
047498,Hardin Northern Local,2024–2025,Public District,Lexia Core 5 Reading (Lexia),KG - 03,Implemented,Both ELA Core and Reading Intervention,Both ELA Core and Reading Intervention,KG - 02
047498,Hardin Northern Local,2024–2025,Public District,Other published instr materials incl on Dept approved list,KG - 03,Implemented,Both ELA Core and Reading Intervention,N/A,N/A
047498,Hardin Northern Local,2024–2025,Public District,Other published instr materials incl on Dept approved list,07 - 12,Implemented,Reading Intervention,N/A,N/A
046953,Hamilton Local,2024–2025,Public District,Amplify CKLA K-5 Core Comprehensive (Amplify),KG - 05,Implemented,ELA Core,ELA Core,KG - 05
046953,Hamilton Local,2024–2025,Public District,Amplify CKLA PreK (Amplify),PS - PS,Implemented,ELA Core,PreK Core,PS - PS
046953,Hamilton Local,2024–2025,Public District,Lexia Core 5 Reading (Lexia),KG - 05,Implemented,Reading Intervention,Both ELA Core and Reading Intervention,KG - 02
046953,Hamilton Local,2024–2025,Public District,Other published instr materials incl on Dept approved list,06 - 12,Implemented,Reading Intervention,N/A,N/A
046953,Hamilton Local,2024–2025,Public District,UFLI Foundations: An Explicit and Systematic Phonics Program (Ventris Learning/ULFI),KG - 02,Implemented,Reading Intervention,Both ELA Core and Reading Intervention,KG - 02
044107,Hamilton City,2024–2025,Public District,Blast Foundations (Really Great Reading),01 - 01,Implemented,ELA Core,Both ELA Core and Reading Intervention,01 - 01
044107,Hamilton City,2024–2025,Public District,Countdown (Really Great Reading),KG - KG,Implemented,ELA Core,Both ELA Core and Reading Intervention,KG - KG
044107,Hamilton City,2024–2025,Public District,"Creative Curriculum (Teaching Strategies, LLC)",PS - PS,Implemented,ELA Core,PreK Core,PS - PS
044107,Hamilton City,2024–2025,Public District,HD Word (Really Great Reading),02 - 03,Implemented,ELA Core,Both ELA Core and Reading Intervention,02 - 02
044107,Hamilton City,2024–2025,Public District,Other published instr materials incl on Dept approved list,07 - 12,Implemented,Reading Intervention,N/A,N/A
044107,Hamilton City,2024–2025,Public District,Other published instr materials incl on Dept approved list,PS - 06,Implemented,Reading Intervention,N/A,N/A
044107,Hamilton City,2024–2025,Public District,OUR EL Education K-5 Language Arts (Open Up Resources),03 - 05,Implemented,ELA Core,ELA Core,KG - 05
044107,Hamilton City,2024–2025,Public District,OUR EL Education K-5 Language Arts (Open Up Resources),KG - 02,Implemented,ELA Core,ELA Core,KG - 05
044107,Hamilton City,2024–2025,Public District,UFLI Foundations: An Explicit and Systematic Phonics Program (Ventris Learning/ULFI),PS - 06,Implemented,Reading Intervention,Both ELA Core and Reading Intervention,KG - 02
046979,Groveport Madison Local,2024–2025,Public District,Amplify CKLA K-5 Core Comprehensive (Amplify),KG - 05,Implemented,Both ELA Core and Reading Intervention,ELA Core,KG - 05
046979,Groveport Madison Local,2024–2025,Public District,Other published instr materials incl on Dept approved list,06 - 12,Implemented,Both ELA Core and Reading Intervention,N/A,N/A
008287,Groveport Community School,2024–2025,Community School,95 Phonics Core Program (95 Percent Group),KG - 08,Implemented,Both ELA Core and Reading Intervention,ELA Core,KG - 02
044099,Greenville City,2024–2025,Public District,Other published instr materials incl on Dept approved list,KG - 02,Implemented,Both ELA Core and Reading Intervention,N/A,N/A
044099,Greenville City,2024–2025,Public District,Other published instr materials incl on Dept approved list,01 - 04,Implemented,ELA Core,N/A,N/A
044099,Greenville City,2024–2025,Public District,Other published instr materials incl on Dept approved list,KG - KG,Implemented,ELA Core,N/A,N/A
044099,Greenville City,2024–2025,Public District,Other published instr materials incl on Dept approved list,03 - 04,Implemented,Reading Intervention,N/A,N/A
044099,Greenville City,2024–2025,Public District,Other published instr materials incl on Dept approved list,05 - 08,Implemented,Reading Intervention,N/A,N/A
044099,Greenville City,2024–2025,Public District,Other published instr materials incl on Dept approved list,05 - 12,Implemented,Reading Intervention,N/A,N/A
044099,Greenville City,2024–2025,Public District,Other published instr materials incl on Dept approved list,09 - 12,Implemented,Reading Intervention,N/A,N/A
044099,Greenville City,2024–2025,Public District,Other published instr materials incl on Dept approved list,KG - 04,Implemented,Reading Intervention,N/A,N/A
044099,Greenville City,2024–2025,Public District,Wit & Wisdom (Great Minds),05 - 05,Implemented,ELA Core,ELA Core,03 - 05
046235,Greenon Local,2024–2025,Public District,"MyView Literacy (Savvas Learning Company, formerly Pearson)",04 - 05,Implemented,Both ELA Core and Reading Intervention,ELA Core,KG - 05
046235,Greenon Local,2024–2025,Public District,Other published instr materials not on Dept list,06 - 12,Implemented,Both ELA Core and Reading Intervention,N/A,N/A
046235,Greenon Local,2024–2025,Public District,Other published instr materials not on Dept list,KG - 03,Implemented,ELA Core,N/A,N/A
046235,Greenon Local,2024–2025,Public District,UFLI Foundations: An Explicit and Systematic Phonics Program (Ventris Learning/ULFI),KG - 03,Implemented,Reading Intervention,Both ELA Core and Reading Intervention,KG - 02
045401,Greenfield Exempted Village,2024–2025,Public District,Blast Foundations (Really Great Reading),01 - 02,Implemented,Reading Intervention,Both ELA Core and Reading Intervention,01 - 01
045401,Greenfield Exempted Village,2024–2025,Public District,Countdown (Really Great Reading),KG - KG,Implemented,Reading Intervention,Both ELA Core and Reading Intervention,KG - KG
045401,Greenfield Exempted Village,2024–2025,Public District,HD Word (Really Great Reading),03 - 08,Implemented,Reading Intervention,Both ELA Core and Reading Intervention,02 - 02
045401,Greenfield Exempted Village,2024–2025,Public District,Wonders 2020 (McGraw Hill),KG - 05,Implemented,ELA Core,ELA Core,KG - 05
045401,Greenfield Exempted Village,2024–2025,Public District,World of Wonders (McGraw Hill),PS - PS,Implemented,Both ELA Core and Reading Intervention,PreK Core,PS - PS
047266,Greeneview Local,2024–2025,Public District,HMH Into Reading 2020 (Houghton Mifflin Harcourt),03 - 03,Implemented,ELA Core,ELA Core,KG - 05
047266,Greeneview Local,2024–2025,Public District,HMH Into Reading 2020 (Houghton Mifflin Harcourt),04 - 05,Implemented,ELA Core,ELA Core,KG - 05
047266,Greeneview Local,2024–2025,Public District,Open Court Reading 2023 (McGraw Hill),KG - 02,Implemented,ELA Core,ELA Core,KG - 05
047266,Greeneview Local,2024–2025,Public District,Other published instr materials incl on Dept approved list,KG - 12,Implemented,Reading Intervention,N/A,N/A
047266,Greeneview Local,2024–2025,Public District,UFLI Foundations: An Explicit and Systematic Phonics Program (Ventris Learning/ULFI),04 - 05,Implemented,Reading Intervention,Both ELA Core and Reading Intervention,KG - 02
049619,Green Local,2024–2025,Public District,UFLI Foundations: An Explicit and Systematic Phonics Program (Ventris Learning/ULFI),KG - 06,Implemented,Reading Intervention,Both ELA Core and Reading Intervention,KG - 02
049619,Green Local,2024–2025,Public District,World of Wonders (McGraw Hill),PS - PS,Implemented,ELA Core,PreK Core,PS - PS
050013,Green Local,2024–2025,Public District,95 Phonics Core Program (95 Percent Group),KG - 08,Implemented,Reading Intervention,ELA Core,KG - 02
050013,Green Local,2024–2025,Public District,Amplify CKLA K-5 Core Comprehensive (Amplify),KG - 05,Implemented,ELA Core,ELA Core,KG - 05
050013,Green Local,2024–2025,Public District,UFLI Foundations: An Explicit and Systematic Phonics Program (Ventris Learning/ULFI),01 - 02,Implemented,Both ELA Core and Reading Intervention,Both ELA Core and Reading Intervention,KG - 02
050013,Green Local,2024–2025,Public District,UFLI Foundations: An Explicit and Systematic Phonics Program (Ventris Learning/ULFI),03 - 08,Implemented,Reading Intervention,Both ELA Core and Reading Intervention,KG - 02
050013,Green Local,2024–2025,Public District,UFLI Foundations: An Explicit and Systematic Phonics Program (Ventris Learning/ULFI),KG - KG,Implemented,Reading Intervention,Both ELA Core and Reading Intervention,KG - 02
050559,Green Local,2024–2025,Public District,Blast Foundations (Really Great Reading),KG - 12,Implemented,Reading Intervention,Both ELA Core and Reading Intervention,01 - 01
050559,Green Local,2024–2025,Public District,Fundations (Wilson Language Training),KG - 03,Implemented,ELA Core,Both ELA Core and Reading Intervention,KG - 02
050559,Green Local,2024–2025,Public District,Fundations (Wilson Language Training),KG - 03,Implemented,Reading Intervention,Both ELA Core and Reading Intervention,KG - 02
050559,Green Local,2024–2025,Public District,OUR Bookworms K-5 Reading & Writing (Open Up Resources),KG - 05,Implemented,ELA Core,ELA Core,KG - 05
134197,Green Inspiration Academy,2024–2025,Community School,Other published instr materials incl on Dept approved list,KG - 09,Implemented,ELA Core,N/A,N/A
134197,Green Inspiration Academy,2024–2025,Community School,Other published instr materials incl on Dept approved list,KG - 09,Implemented,Reading Intervention,N/A,N/A
134197,Green Inspiration Academy,2024–2025,Community School,Wonders 2023 (McGraw Hill),KG - 09,Implemented,Both ELA Core and Reading Intervention,ELA Core,KG - 05
011381,Greater Summit County Early Learning Center,2024–2025,Community School,OUR EL Education K-5 Language Arts (Open Up Resources),KG - 04,Implemented,Both ELA Core and Reading Intervention,ELA Core,KG - 05
000282,Greater Ohio Virtual School,2024–2025,Community School,Other published instr materials incl on Dept approved list,07 - 12,Implemented,Reading Intervention,N/A,N/A
143198,Great Western Academy,2024–2025,Community School,Amplify CKLA K-2 Skills (Amplify),KG - 02,Implemented,Both ELA Core and Reading Intervention,ELA Core,KG - 02
143198,Great Western Academy,2024–2025,Community School,Amplify CKLA K-5 Core Comprehensive (Amplify),KG - 05,Implemented,Both ELA Core and Reading Intervention,ELA Core,KG - 05
017233,Great River Connections Academy,2024–2025,Community School,Other published instr materials not on Dept list,KG - 05,Implemented,ELA Core,N/A,N/A
017233,Great River Connections Academy,2024–2025,Community School,Other published instr materials not on Dept list,06 - 12,Implemented,Reading Intervention,N/A,N/A
017233,Great River Connections Academy,2024–2025,Community School,UFLI Foundations: An Explicit and Systematic Phonics Program (Ventris Learning/ULFI),KG - 05,Implemented,Reading Intervention,Both ELA Core and Reading Intervention,KG - 02
051060,Great Oaks Career Campuses,2024–2025,Joint Vocational School District,95 Phonics Core Program (95 Percent Group),11 - 12,Implemented,Reading Intervention,ELA Core,KG - 02
045393,Granville Exempted Village,2024–2025,Public District,Fundations (Wilson Language Training),KG - 04,Implemented,Both ELA Core and Reading Intervention,Both ELA Core and Reading Intervention,KG - 02
045393,Granville Exempted Village,2024–2025,Public District,Lexia Core 5 Reading (Lexia),04 - 06,Implemented,Reading Intervention,Both ELA Core and Reading Intervention,KG - 02
045393,Granville Exempted Village,2024–2025,Public District,Other published instr materials incl on Dept approved list,KG - 03,Implemented,Reading Intervention,N/A,N/A
045393,Granville Exempted Village,2024–2025,Public District,UFLI Foundations: An Explicit and Systematic Phonics Program (Ventris Learning/ULFI),KG - 03,Implemented,Reading Intervention,Both ELA Core and Reading Intervention,KG - 02
045393,Granville Exempted Village,2024–2025,Public District,Wit & Wisdom (Great Minds),KG - 06,Implemented,ELA Core,ELA Core,03 - 05
044073,Grandview Heights Schools,2024–2025,Public District,Lexia Core 5 Reading (Lexia),KG - 05,Implemented,Reading Intervention,Both ELA Core and Reading Intervention,KG - 02
044073,Grandview Heights Schools,2024–2025,Public District,Other published instr materials incl on Dept approved list,KG - 12,Implemented,Reading Intervention,N/A,N/A
045864,Grand Valley Local,2024–2025,Public District,95 Phonics Core Program (95 Percent Group),KG - 05,Implemented,Reading Intervention,ELA Core,KG - 02
045864,Grand Valley Local,2024–2025,Public District,"Creative Curriculum (Teaching Strategies, LLC)",PS - PS,Implemented,ELA Core,PreK Core,PS - PS
045864,Grand Valley Local,2024–2025,Public District,HMH Into Reading 2020 (Houghton Mifflin Harcourt),KG - 05,Implemented,ELA Core,ELA Core,KG - 05
045864,Grand Valley Local,2024–2025,Public District,Other published instr materials not on Dept list,06 - 08,Implemented,ELA Core,N/A,N/A
045864,Grand Valley Local,2024–2025,Public District,Other published instr materials not on Dept list,09 - 12,Implemented,ELA Core,N/A,N/A
045864,Grand Valley Local,2024–2025,Public District,Other published instr materials not on Dept list,PS - PS,Implemented,ELA Core,N/A,N/A
045864,Grand Valley Local,2024–2025,Public District,Other published instr materials not on Dept list,KG - 08,Implemented,Reading Intervention,N/A,N/A
133421,"Graham School, The",2024–2025,Community School,Other published instr materials incl on Dept approved list,09 - 12,Implemented,Reading Intervention,N/A,N/A
046193,Graham Local,2024–2025,Public District,"Creative Curriculum (Teaching Strategies, LLC)",PS - PS,Implemented,Both ELA Core and Reading Intervention,PreK Core,PS - PS
046193,Graham Local,2024–2025,Public District,HMH Into Reading 2020 (Houghton Mifflin Harcourt),KG - 05,Implemented,ELA Core,ELA Core,KG - 05
046193,Graham Local,2024–2025,Public District,HMH Into Reading 2020 (Houghton Mifflin Harcourt),KG - 05,Implemented,Reading Intervention,ELA Core,KG - 05
046193,Graham Local,2024–2025,Public District,UFLI Foundations: An Explicit and Systematic Phonics Program (Ventris Learning/ULFI),06 - 12,Implemented,Both ELA Core and Reading Intervention,Both ELA Core and Reading Intervention,KG - 02
011972,Graham Elementary And Middle School,2024–2025,Community School,Other published instr materials not on Dept list,KG - 08,Implemented,Reading Intervention,N/A,N/A
046342,Goshen Local,2024–2025,Public District,Amplify CKLA K-2 Skills (Amplify),KG - 02,Implemented,Both ELA Core and Reading Intervention,ELA Core,KG - 02
046342,Goshen Local,2024–2025,Public District,Frog Street Threes and/or Frog Street PreK (FrogStreet),PS - PS,Implemented,Both ELA Core and Reading Intervention,PreK Core,PS - PS
046342,Goshen Local,2024–2025,Public District,Other published instr materials incl on Dept approved list,KG - 12,Implemented,Both ELA Core and Reading Intervention,N/A,N/A
046342,Goshen Local,2024–2025,Public District,UFLI Foundations: An Explicit and Systematic Phonics Program (Ventris Learning/ULFI),03 - 05,Implemented,Both ELA Core and Reading Intervention,Both ELA Core and Reading Intervention,KG - 02
149047,Goal Digital Academy,2024–2025,Community School,Other published instr materials incl on Dept approved list,KG - 08,Implemented,Reading Intervention,N/A,N/A
012558,Global Village Academy,2024–2025,Community School,95 Phonics Core Program (95 Percent Group),PS - PS,Implemented,Both ELA Core and Reading Intervention,ELA Core,KG - 02
013930,Global Impact Stem Academy,2024–2025,STEM,Lexia Core 5 Reading (Lexia),07 - 12,Implemented,ELA Core,Both ELA Core and Reading Intervention,KG - 02
015737,Global Ambassadors Language Academy,2024–2025,Community School,HMH Into Reading 2020 (Houghton Mifflin Harcourt),KG - 08,Implemented,Both ELA Core and Reading Intervention,ELA Core,KG - 05
044065,Girard City School District,2024–2025,Public District,Amplify CKLA K-5 Core Comprehensive (Amplify),03 - 05,Implemented,Both ELA Core and Reading Intervention,ELA Core,KG - 05
044065,Girard City School District,2024–2025,Public District,HMH Into Reading 2020 (Houghton Mifflin Harcourt),KG - 02,Implemented,Both ELA Core and Reading Intervention,ELA Core,KG - 05
044065,Girard City School District,2024–2025,Public District,Other published instr materials incl on Dept approved list,06 - 12,Implemented,ELA Core,N/A,N/A
044065,Girard City School District,2024–2025,Public District,Other published instr materials incl on Dept approved list,KG - 02,Implemented,Reading Intervention,N/A,N/A
044065,Girard City School District,2024–2025,Public District,Other published instr materials incl on Dept approved list,KG - 06,Implemented,Reading Intervention,N/A,N/A
044065,Girard City School District,2024–2025,Public District,UFLI Foundations: An Explicit and Systematic Phonics Program (Ventris Learning/ULFI),03 - 05,Implemented,Reading Intervention,Both ELA Core and Reading Intervention,KG - 02
021456,Ginn-Thompson School For Girls,2024–2025,Community School,Other published instr materials incl on Dept approved list,06 - 08,Implemented,Both ELA Core and Reading Intervention,N/A,N/A
021456,Ginn-Thompson School For Girls,2024–2025,Community School,Other published instr materials incl on Dept approved list,09 - 10,Implemented,Both ELA Core and Reading Intervention,N/A,N/A
045385,Gibsonburg Exempted Village,2024–2025,Public District,95 Phonics Core Program (95 Percent Group),PS - 12,Implemented,Both ELA Core and Reading Intervention,ELA Core,KG - 02
045377,Georgetown Exempted Village,2024–2025,Public District,Other published instr materials incl on Dept approved list,KG - 02,Implemented,ELA Core,N/A,N/A
045377,Georgetown Exempted Village,2024–2025,Public District,Other published instr materials incl on Dept approved list,KG - 10,Implemented,Reading Intervention,N/A,N/A
048942,Genoa Area Local,2024–2025,Public District,Lexia Core 5 Reading (Lexia),04 - 05,Implemented,Reading Intervention,Both ELA Core and Reading Intervention,KG - 02
000813,Gem City Career Prep High School,2024–2025,Community School,Other published instr materials incl on Dept approved list,09 - 12,Implemented,Reading Intervention,N/A,N/A
020078,Gateway Online Academy Of Ohio,2024–2025,Community School,Other published instr materials incl on Dept approved list,09 - 12,Implemented,Reading Intervention,N/A,N/A
020078,Gateway Online Academy Of Ohio,2024–2025,Community School,Other published instr materials not on Dept list,09 - 12,Implemented,Both ELA Core and Reading Intervention,N/A,N/A
050278,Garaway Local,2024–2025,Public District,HMH Into Reading 2020 (Houghton Mifflin Harcourt),KG - 06,Implemented,ELA Core,ELA Core,KG - 05
044032,Gallipolis City,2024–2025,Public District,Blast Foundations (Really Great Reading),01 - 01,Implemented,Both ELA Core and Reading Intervention,Both ELA Core and Reading Intervention,01 - 01
044032,Gallipolis City,2024–2025,Public District,Countdown (Really Great Reading),KG - KG,Implemented,Both ELA Core and Reading Intervention,Both ELA Core and Reading Intervention,KG - KG
044032,Gallipolis City,2024–2025,Public District,"Creative Curriculum (Teaching Strategies, LLC)",PS - PS,Implemented,Both ELA Core and Reading Intervention,PreK Core,PS - PS
044032,Gallipolis City,2024–2025,Public District,Foundations A-Z (Learning A-Z),KG - 02,Implemented,Both ELA Core and Reading Intervention,ELA Core,KG - 02
044032,Gallipolis City,2024–2025,Public District,HD Word (Really Great Reading),02 - 03,Implemented,Both ELA Core and Reading Intervention,Both ELA Core and Reading Intervention,02 - 02
044032,Gallipolis City,2024–2025,Public District,HD Word (Really Great Reading),04 - 05,Implemented,Reading Intervention,Both ELA Core and Reading Intervention,02 - 02
065680,Gallia County Local,2024–2025,Public District,Amplify CKLA K-5 Core Comprehensive (Amplify),KG - 05,Implemented,ELA Core,ELA Core,KG - 05
065680,Gallia County Local,2024–2025,Public District,"Creative Curriculum (Teaching Strategies, LLC)",PS - PS,Implemented,ELA Core,PreK Core,PS - PS
065680,Gallia County Local,2024–2025,Public District,UFLI Foundations: An Explicit and Systematic Phonics Program (Ventris Learning/ULFI),KG - 05,Implemented,Reading Intervention,Both ELA Core and Reading Intervention,KG - 02
044024,Galion City,2024–2025,Public District,Locally created instruction,09 - 12,Implemented,ELA Core,N/A,N/A
044024,Galion City,2024–2025,Public District,Other published instr materials incl on Dept approved list,07 - 08,Implemented,ELA Core,N/A,N/A
044024,Galion City,2024–2025,Public District,Other published instr materials incl on Dept approved list,KG - 02,Implemented,ELA Core,N/A,N/A
044024,Galion City,2024–2025,Public District,Other published instr materials incl on Dept approved list,04 - 10,Implemented,Reading Intervention,N/A,N/A
044024,Galion City,2024–2025,Public District,Other published instr materials incl on Dept approved list,04 - 12,Implemented,Reading Intervention,N/A,N/A
044024,Galion City,2024–2025,Public District,Other published instr materials incl on Dept approved list,KG - 10,Implemented,Reading Intervention,N/A,N/A
044024,Galion City,2024–2025,Public District,Wonders 2020 (McGraw Hill),03 - 06,Implemented,ELA Core,ELA Core,KG - 05
044024,Galion City,2024–2025,Public District,World of Wonders (McGraw Hill),PS - PS,Implemented,ELA Core,PreK Core,PS - PS
046961,Gahanna-Jefferson City,2024–2025,Public District,Frog Street Threes and/or Frog Street PreK (FrogStreet),PS - PS,Implemented,Both ELA Core and Reading Intervention,PreK Core,PS - PS
046961,Gahanna-Jefferson City,2024–2025,Public District,Fundations (Wilson Language Training),KG - 03,Implemented,Both ELA Core and Reading Intervention,Both ELA Core and Reading Intervention,KG - 02
046961,Gahanna-Jefferson City,2024–2025,Public District,Lexia Core 5 Reading (Lexia),KG - 05,Implemented,Reading Intervention,Both ELA Core and Reading Intervention,KG - 02
046961,Gahanna-Jefferson City,2024–2025,Public District,Other published instr materials not on Dept list,04 - 05,Implemented,Reading Intervention,N/A,N/A
046961,Gahanna-Jefferson City,2024–2025,Public District,Other published instr materials not on Dept list,KG - 01,Implemented,Reading Intervention,N/A,N/A
046961,Gahanna-Jefferson City,2024–2025,Public District,Other published instr materials not on Dept list,KG - 05,Implemented,Reading Intervention,N/A,N/A
046961,Gahanna-Jefferson City,2024–2025,Public District,UFLI Foundations: An Explicit and Systematic Phonics Program (Ventris Learning/ULFI),01 - 05,Implemented,Reading Intervention,Both ELA Core and Reading Intervention,KG - 02
046961,Gahanna-Jefferson City,2024–2025,Public District,Wit & Wisdom (Great Minds),KG - 05,Implemented,ELA Core,ELA Core,03 - 05
050492,Frontier Local,2024–2025,Public District,UFLI Foundations: An Explicit and Systematic Phonics Program (Ventris Learning/ULFI),KG - 12,Implemented,Reading Intervention,Both ELA Core and Reading Intervention,KG - 02
050492,Frontier Local,2024–2025,Public District,Wonders 2020 (McGraw Hill),KG - 06,Implemented,Both ELA Core and Reading Intervention,ELA Core,KG - 05
044016,Fremont City,2024–2025,Public District,Other published instr materials incl on Dept approved list,03 - 05,Implemented,Reading Intervention,N/A,N/A
044016,Fremont City,2024–2025,Public District,Other published instr materials incl on Dept approved list,KG - 05,Implemented,Reading Intervention,N/A,N/A
044016,Fremont City,2024–2025,Public District,Other published instr materials incl on Dept approved list,KG - 08,Implemented,Reading Intervention,N/A,N/A
047852,Fredericktown Local,2024–2025,Public District,Foundations A-Z (Learning A-Z),04 - 05,Implemented,Reading Intervention,ELA Core,KG - 02
047852,Fredericktown Local,2024–2025,Public District,Fundations (Wilson Language Training),KG - 03,Implemented,ELA Core,Both ELA Core and Reading Intervention,KG - 02
047852,Fredericktown Local,2024–2025,Public District,Fundations (Wilson Language Training),03 - 04,Implemented,Reading Intervention,Both ELA Core and Reading Intervention,KG - 02
047852,Fredericktown Local,2024–2025,Public District,Lexia Core 5 Reading (Lexia),KG - 04,Implemented,Reading Intervention,Both ELA Core and Reading Intervention,KG - 02
047852,Fredericktown Local,2024–2025,Public District,Other published instr materials incl on Dept approved list,05 - 05,Implemented,Both ELA Core and Reading Intervention,N/A,N/A
047852,Fredericktown Local,2024–2025,Public District,Other published instr materials incl on Dept approved list,KG - 12,Implemented,Reading Intervention,N/A,N/A
047852,Fredericktown Local,2024–2025,Public District,Wonders 2020 (McGraw Hill),04 - 04,Implemented,ELA Core,ELA Core,KG - 05
019201,Franklinton Prep High School,2024–2025,Community School,Other published instr materials incl on Dept approved list,09 - 12,Implemented,Reading Intervention,N/A,N/A
019226,Franklinton High School,2024–2025,Community School,Other published instr materials not on Dept list,09 - 12,Implemented,Both ELA Core and Reading Intervention,N/A,N/A
046649,Franklin Monroe Local,2024–2025,Public District,Frog Street Threes and/or Frog Street PreK (FrogStreet),PS - PS,Implemented,Both ELA Core and Reading Intervention,PreK Core,PS - PS
046649,Franklin Monroe Local,2024–2025,Public District,Fundations (Wilson Language Training),KG - 03,Implemented,Both ELA Core and Reading Intervention,Both ELA Core and Reading Intervention,KG - 02
046649,Franklin Monroe Local,2024–2025,Public District,HMH Into Reading 2020 (Houghton Mifflin Harcourt),KG - 02,Implemented,Both ELA Core and Reading Intervention,ELA Core,KG - 05
046649,Franklin Monroe Local,2024–2025,Public District,Lexia Core 5 Reading (Lexia),KG - 05,Implemented,Both ELA Core and Reading Intervention,Both ELA Core and Reading Intervention,KG - 02
046649,Franklin Monroe Local,2024–2025,Public District,Locally created instruction,03 - 06,Implemented,Both ELA Core and Reading Intervention,N/A,N/A
046649,Franklin Monroe Local,2024–2025,Public District,Locally created instruction,07 - 12,Implemented,Reading Intervention,N/A,N/A
046649,Franklin Monroe Local,2024–2025,Public District,Other published instr materials incl on Dept approved list,KG - 06,Implemented,Both ELA Core and Reading Intervention,N/A,N/A
046649,Franklin Monroe Local,2024–2025,Public District,Other published instr materials incl on Dept approved list,03 - 06,Implemented,Reading Intervention,N/A,N/A
046649,Franklin Monroe Local,2024–2025,Public District,Other published instr materials not on Dept list,PS - PS,Implemented,Both ELA Core and Reading Intervention,N/A,N/A
046649,Franklin Monroe Local,2024–2025,Public District,Other published instr materials not on Dept list,03 - 03,Implemented,ELA Core,N/A,N/A
046649,Franklin Monroe Local,2024–2025,Public District,Other published instr materials not on Dept list,04 - 06,Implemented,ELA Core,N/A,N/A
046649,Franklin Monroe Local,2024–2025,Public District,Other published instr materials not on Dept list,03 - 05,Implemented,Reading Intervention,N/A,N/A
046649,Franklin Monroe Local,2024–2025,Public District,Other published instr materials not on Dept list,03 - 06,Implemented,Reading Intervention,N/A,N/A
048843,Franklin Local,2024–2025,Public District,Foundations A-Z (Learning A-Z),KG - 08,Implemented,Both ELA Core and Reading Intervention,ELA Core,KG - 02
048843,Franklin Local,2024–2025,Public District,Lexia Core 5 Reading (Lexia),KG - 05,Implemented,Reading Intervention,Both ELA Core and Reading Intervention,KG - 02
048843,Franklin Local,2024–2025,Public District,Other published instr materials incl on Dept approved list,06 - 12,Implemented,Reading Intervention,N/A,N/A
048843,Franklin Local,2024–2025,Public District,Other published instr materials incl on Dept approved list,KG - 05,Implemented,Reading Intervention,N/A,N/A
048843,Franklin Local,2024–2025,Public District,Other published instr materials incl on Dept approved list,KG - 08,Implemented,Reading Intervention,N/A,N/A
020760,Franklin Learning Academy,2024–2025,Community School,Amplify CKLA K-5 Core Comprehensive (Amplify),KG - 02,Implemented,Both ELA Core and Reading Intervention,ELA Core,KG - 05
044008,Franklin City,2024–2025,Public District,Amplify CKLA K-5 Core Comprehensive (Amplify),KG - 08,Implemented,ELA Core,ELA Core,KG - 05
044008,Franklin City,2024–2025,Public District,Frog Street Threes and/or Frog Street PreK (FrogStreet),PS - PS,Implemented,Both ELA Core and Reading Intervention,PreK Core,PS - PS
044008,Franklin City,2024–2025,Public District,Other published instr materials incl on Dept approved list,04 - 08,Implemented,Both ELA Core and Reading Intervention,N/A,N/A
044008,Franklin City,2024–2025,Public District,Other published instr materials incl on Dept approved list,KG - 02,Implemented,Both ELA Core and Reading Intervention,N/A,N/A
044008,Franklin City,2024–2025,Public District,Other published instr materials incl on Dept approved list,KG - 03,Implemented,Both ELA Core and Reading Intervention,N/A,N/A
044008,Franklin City,2024–2025,Public District,Other published instr materials incl on Dept approved list,KG - 12,Implemented,Both ELA Core and Reading Intervention,N/A,N/A
044008,Franklin City,2024–2025,Public District,Other published instr materials not on Dept list,09 - 12,Implemented,ELA Core,N/A,N/A
044008,Franklin City,2024–2025,Public District,Other published instr materials not on Dept list,KG - 12,Implemented,Reading Intervention,N/A,N/A
012033,Foxfire Intermediate School,2024–2025,Community School,UFLI Foundations: An Explicit and Systematic Phonics Program (Ventris Learning/ULFI),KG - 08,Implemented,Both ELA Core and Reading Intervention,Both ELA Core and Reading Intervention,KG - 02
012033,Foxfire Intermediate School,2024–2025,Community School,Wit & Wisdom (Great Minds),KG - 08,Implemented,Both ELA Core and Reading Intervention,ELA Core,03 - 05
149328,Foxfire High School,2024–2025,Community School,Imagine Learning EL Education (Imagine Learning),09 - 12,Implemented,Both ELA Core and Reading Intervention,ELA Core,KG - 05
050963,Four County Career Center,2024–2025,Joint Vocational School District,Fundations (Wilson Language Training),11 - 12,Implemented,Both ELA Core and Reading Intervention,Both ELA Core and Reading Intervention,KG - 02
009192,Foundation Academy,2024–2025,Community School,"MyView Literacy (Savvas Learning Company, formerly Pearson)",KG - 05,Implemented,Both ELA Core and Reading Intervention,ELA Core,KG - 05
043992,Fostoria City,2024–2025,Public District,Fundations (Wilson Language Training),PS - 03,Implemented,Both ELA Core and Reading Intervention,Both ELA Core and Reading Intervention,KG - 02
043992,Fostoria City,2024–2025,Public District,Other published instr materials incl on Dept approved list,KG - 12,Implemented,Reading Intervention,N/A,N/A
043992,Fostoria City,2024–2025,Public District,PreK On My Way (Scholastic),PS - PS,Implemented,ELA Core,PreK Core,PS - PS
043992,Fostoria City,2024–2025,Public District,UFLI Foundations: An Explicit and Systematic Phonics Program (Ventris Learning/ULFI),03 - 06,Implemented,Reading Intervention,Both ELA Core and Reading Intervention,KG - 02
043992,Fostoria City,2024–2025,Public District,Wonders 2020 (McGraw Hill),KG - 05,Implemented,Both ELA Core and Reading Intervention,ELA Core,KG - 05
048595,Fort Recovery Local,2024–2025,Public District,Fundations (Wilson Language Training),01 - 03,Implemented,Reading Intervention,Both ELA Core and Reading Intervention,KG - 02
048595,Fort Recovery Local,2024–2025,Public District,Other published instr materials incl on Dept approved list,06 - 08,Implemented,Reading Intervention,N/A,N/A
048595,Fort Recovery Local,2024–2025,Public District,Other published instr materials incl on Dept approved list,09 - 12,Implemented,Reading Intervention,N/A,N/A
048595,Fort Recovery Local,2024–2025,Public District,"Reading Horizons Discovery (HEC Software, Inc.)",06 - 08,Implemented,Reading Intervention,ELA Core,KG - 02
048595,Fort Recovery Local,2024–2025,Public District,"Reading Horizons Discovery (HEC Software, Inc.)",KG - 05,Implemented,Reading Intervention,ELA Core,KG - 02
048595,Fort Recovery Local,2024–2025,Public District,Wonders 2023 (McGraw Hill),KG - 05,Implemented,ELA Core,ELA Core,KG - 05
049783,Fort Loramie Local,2024–2025,Public District,HMH Into Reading 2020 (Houghton Mifflin Harcourt),KG - 05,Implemented,Both ELA Core and Reading Intervention,ELA Core,KG - 05
049783,Fort Loramie Local,2024–2025,Public District,Other published instr materials not on Dept list,06 - 06,Implemented,Reading Intervention,N/A,N/A
049783,Fort Loramie Local,2024–2025,Public District,Other published instr materials not on Dept list,07 - 12,Implemented,Reading Intervention,N/A,N/A
050484,Fort Frye Local,2024–2025,Public District,Fishtank Plus ELA K-2 2021 (Fishtank Learning),KG - 02,Implemented,ELA Core,ELA Core,KG - 02
050484,Fort Frye Local,2024–2025,Public District,Lexia Core 5 Reading (Lexia),KG - 05,Implemented,Both ELA Core and Reading Intervention,Both ELA Core and Reading Intervention,KG - 02
050484,Fort Frye Local,2024–2025,Public District,Other published instr materials incl on Dept approved list,KG - 05,Implemented,Reading Intervention,N/A,N/A
050484,Fort Frye Local,2024–2025,Public District,Wonders 2023 (McGraw Hill),03 - 05,Implemented,ELA Core,ELA Core,KG - 05
047340,Forest Hills Local,2024–2025,Public District,ARC Core (American Reading Company),04 - 05,Implemented,Both ELA Core and Reading Intervention,ELA Core,KG - 05
047340,Forest Hills Local,2024–2025,Public District,Being a Reader (Center for the Collaborative Classroom),KG - 03,Implemented,Both ELA Core and Reading Intervention,ELA Core,KG - 03
047340,Forest Hills Local,2024–2025,Public District,Being a Reader (Center for the Collaborative Classroom),04 - 06,Implemented,Reading Intervention,ELA Core,KG - 03
047340,Forest Hills Local,2024–2025,Public District,Blast Foundations (Really Great Reading),01 - 01,Implemented,Reading Intervention,Both ELA Core and Reading Intervention,01 - 01
047340,Forest Hills Local,2024–2025,Public District,"Creative Curriculum (Teaching Strategies, LLC)",PS - PS,Implemented,ELA Core,PreK Core,PS - PS
047340,Forest Hills Local,2024–2025,Public District,Other published instr materials incl on Dept approved list,07 - 12,Implemented,Reading Intervention,N/A,N/A
047340,Forest Hills Local,2024–2025,Public District,Other published instr materials incl on Dept approved list,09 - 12,Implemented,Reading Intervention,N/A,N/A
047340,Forest Hills Local,2024–2025,Public District,Other published instr materials incl on Dept approved list,KG - 06,Implemented,Reading Intervention,N/A,N/A
047340,Forest Hills Local,2024–2025,Public District,Other published instr materials incl on Dept approved list,KG - 08,Implemented,Reading Intervention,N/A,N/A
047340,Forest Hills Local,2024–2025,Public District,Other published instr materials incl on Dept approved list,PS - PS,Implemented,Reading Intervention,N/A,N/A
012529,Focus North High School,2024–2025,Community School,Other published instr materials incl on Dept approved list,09 - 12,Implemented,Reading Intervention,N/A,N/A
142927,Focus Learning Academy Of Southwestern Columbus,2024–2025,Community School,Other published instr materials incl on Dept approved list,09 - 12,Implemented,Reading Intervention,N/A,N/A
142935,Focus Learning Academy Of Southeastern Columbus,2024–2025,Community School,Other published instr materials incl on Dept approved list,09 - 12,Implemented,Reading Intervention,N/A,N/A
142943,Focus Learning Academy Of Northern Columbus,2024–2025,Community School,Lexia Core 5 Reading (Lexia),KG - 05,Implemented,Both ELA Core and Reading Intervention,Both ELA Core and Reading Intervention,KG - 02
142943,Focus Learning Academy Of Northern Columbus,2024–2025,Community School,UFLI Foundations: An Explicit and Systematic Phonics Program (Ventris Learning/ULFI),06 - 08,Implemented,Both ELA Core and Reading Intervention,Both ELA Core and Reading Intervention,KG - 02
019235,Focus Learning Academy Of Central Columbus,2024–2025,Community School,95 Phonics Core Program (95 Percent Group),KG - 02,Implemented,Both ELA Core and Reading Intervention,ELA Core,KG - 02
019235,Focus Learning Academy Of Central Columbus,2024–2025,Community School,Wonders 2023 (McGraw Hill),KG - KG,Implemented,ELA Core,ELA Core,KG - 05
019197,Flex High School Cleveland,2024–2025,Community School,Other published instr materials incl on Dept approved list,09 - 12,Implemented,Reading Intervention,N/A,N/A
015237,Flex High School,2024–2025,Community School,Other published instr materials incl on Dept approved list,09 - 12,Implemented,Reading Intervention,N/A,N/A
015714,Five Rivers Career Prep High School,2024–2025,Community School,Other published instr materials incl on Dept approved list,09 - 12,Implemented,Reading Intervention,N/A,N/A
048157,Firelands Local,2024–2025,Public District,95 Phonics Core Program (95 Percent Group),KG - 12,Implemented,Reading Intervention,ELA Core,KG - 02
048157,Firelands Local,2024–2025,Public District,Blast Foundations (Really Great Reading),KG - 05,Implemented,Reading Intervention,Both ELA Core and Reading Intervention,01 - 01
048157,Firelands Local,2024–2025,Public District,Fundations (Wilson Language Training),KG - 03,Implemented,ELA Core,Both ELA Core and Reading Intervention,KG - 02
048157,Firelands Local,2024–2025,Public District,Wit & Wisdom (Great Minds),KG - 05,Implemented,ELA Core,ELA Core,03 - 05
047332,Finneytown Local,2024–2025,Public District,95 Phonics Core Program (95 Percent Group),KG - 04,Implemented,Both ELA Core and Reading Intervention,ELA Core,KG - 02
047332,Finneytown Local,2024–2025,Public District,Other published instr materials incl on Dept approved list,07 - 12,Implemented,ELA Core,N/A,N/A
047332,Finneytown Local,2024–2025,Public District,Wit & Wisdom (Great Minds),KG - 06,Implemented,ELA Core,ELA Core,03 - 05
000402,Findlay Digital Academy,2024–2025,Community School,Other published instr materials incl on Dept approved list,09 - 12,Implemented,Reading Intervention,N/A,N/A
043984,Findlay City,2024–2025,Public District,95 Phonics Core Program (95 Percent Group),KG - 02,Implemented,ELA Core,ELA Core,KG - 02
043984,Findlay City,2024–2025,Public District,Amplify CKLA K-5 Core Comprehensive (Amplify),KG - 05,Implemented,ELA Core,ELA Core,KG - 05
043984,Findlay City,2024–2025,Public District,High Scope Preschool Curriculum (HighScope),PS - PS,Implemented,ELA Core,PreK Core,PS - PS
043984,Findlay City,2024–2025,Public District,UFLI Foundations: An Explicit and Systematic Phonics Program (Ventris Learning/ULFI),KG - 05,Implemented,Reading Intervention,Both ELA Core and Reading Intervention,KG - 02
049197,Field Local,2024–2025,Public District,Benchmark Advance or Literacy (Benchmark Education),KG - 05,Implemented,ELA Core,ELA Core,KG - 05
049197,Field Local,2024–2025,Public District,Lexia Core 5 Reading (Lexia),KG - 12,Implemented,Reading Intervention,Both ELA Core and Reading Intervention,KG - 02
049197,Field Local,2024–2025,Public District,Locally created instruction,KG - 12,Implemented,Reading Intervention,N/A,N/A
049197,Field Local,2024–2025,Public District,UFLI Foundations: An Explicit and Systematic Phonics Program (Ventris Learning/ULFI),KG - 05,Implemented,Both ELA Core and Reading Intervention,Both ELA Core and Reading Intervention,KG - 02
046334,Felicity-Franklin Local,2024–2025,Public District,Fundations (Wilson Language Training),KG - 02,Implemented,Both ELA Core and Reading Intervention,Both ELA Core and Reading Intervention,KG - 02
046334,Felicity-Franklin Local,2024–2025,Public District,Wit & Wisdom (Great Minds),KG - 02,Implemented,ELA Core,ELA Core,03 - 05
045914,Federal Hocking Local,2024–2025,Public District,95 Phonics Core Program (95 Percent Group),04 - 05,Implemented,Reading Intervention,ELA Core,KG - 02
045914,Federal Hocking Local,2024–2025,Public District,Amplify CKLA K-2 Skills (Amplify),KG - 02,Implemented,ELA Core,ELA Core,KG - 02
045914,Federal Hocking Local,2024–2025,Public District,Amplify CKLA K-5 Core Comprehensive (Amplify),KG - 05,Implemented,ELA Core,ELA Core,KG - 05
045914,Federal Hocking Local,2024–2025,Public District,Lexia Core 5 Reading (Lexia),KG - 05,Implemented,Reading Intervention,Both ELA Core and Reading Intervention,KG - 02
045914,Federal Hocking Local,2024–2025,Public District,Other published instr materials incl on Dept approved list,KG - 12,Implemented,Reading Intervention,N/A,N/A
045914,Federal Hocking Local,2024–2025,Public District,UFLI Foundations: An Explicit and Systematic Phonics Program (Ventris Learning/ULFI),KG - 03,Implemented,Reading Intervention,Both ELA Core and Reading Intervention,KG - 02
046045,Fayetteville-Perry Local,2024–2025,Public District,"MyView Literacy (Savvas Learning Company, formerly Pearson)",KG - 05,Implemented,Both ELA Core and Reading Intervention,ELA Core,KG - 05
046045,Fayetteville-Perry Local,2024–2025,Public District,Other published instr materials incl on Dept approved list,06 - 12,Implemented,Both ELA Core and Reading Intervention,N/A,N/A
046045,Fayetteville-Perry Local,2024–2025,Public District,Other published instr materials incl on Dept approved list,KG - 08,Implemented,Reading Intervention,N/A,N/A
047068,Fayette Local,2024–2025,Public District,Amplify CKLA K-5 Core Comprehensive (Amplify),05 - 05,Implemented,ELA Core,ELA Core,KG - 05
047068,Fayette Local,2024–2025,Public District,Other published instr materials incl on Dept approved list,07 - 12,Implemented,Both ELA Core and Reading Intervention,N/A,N/A
047068,Fayette Local,2024–2025,Public District,Other published instr materials incl on Dept approved list,PS - PS,Implemented,Both ELA Core and Reading Intervention,N/A,N/A
047068,Fayette Local,2024–2025,Public District,Other published instr materials incl on Dept approved list,06 - 06,Implemented,ELA Core,N/A,N/A
047068,Fayette Local,2024–2025,Public District,Other published instr materials incl on Dept approved list,KG - 06,Implemented,Reading Intervention,N/A,N/A
047068,Fayette Local,2024–2025,Public District,Wonders 2023 (McGraw Hill),KG - 04,Implemented,ELA Core,ELA Core,KG - 05
043976,Fairview Park City,2024–2025,Public District,"Creative Curriculum (Teaching Strategies, LLC)",PS - PS,Implemented,Both ELA Core and Reading Intervention,PreK Core,PS - PS
043976,Fairview Park City,2024–2025,Public District,Fundations (Wilson Language Training),KG - 05,Implemented,Reading Intervention,Both ELA Core and Reading Intervention,KG - 02
043976,Fairview Park City,2024–2025,Public District,Imagine Learning EL Education (Imagine Learning),06 - 08,Implemented,Both ELA Core and Reading Intervention,ELA Core,KG - 05
043976,Fairview Park City,2024–2025,Public District,Other published instr materials not on Dept list,09 - 12,Implemented,ELA Core,N/A,N/A
043976,Fairview Park City,2024–2025,Public District,Wonders 2023 (McGraw Hill),KG - 05,Implemented,ELA Core,ELA Core,KG - 05
045369,Fairport Harbor Exempted Village,2024–2025,Public District,Benchmark Advance or Literacy (Benchmark Education),KG - 06,Implemented,Both ELA Core and Reading Intervention,ELA Core,KG - 05
049841,Fairless Local,2024–2025,Public District,95 Phonics Core Program (95 Percent Group),KG - 04,Implemented,ELA Core,ELA Core,KG - 02
049841,Fairless Local,2024–2025,Public District,Foundations A-Z (Learning A-Z),KG - 05,Implemented,Reading Intervention,ELA Core,KG - 02
049841,Fairless Local,2024–2025,Public District,"MyView Literacy (Savvas Learning Company, formerly Pearson)",KG - 05,Implemented,Both ELA Core and Reading Intervention,ELA Core,KG - 05
049841,Fairless Local,2024–2025,Public District,Other published instr materials incl on Dept approved list,03 - 12,Implemented,Reading Intervention,N/A,N/A
049841,Fairless Local,2024–2025,Public District,Other published instr materials incl on Dept approved list,KG - 01,Implemented,Reading Intervention,N/A,N/A
049841,Fairless Local,2024–2025,Public District,Other published instr materials incl on Dept approved list,KG - 08,Implemented,Reading Intervention,N/A,N/A
049841,Fairless Local,2024–2025,Public District,Other published instr materials not on Dept list,04 - 08,Implemented,Reading Intervention,N/A,N/A
049841,Fairless Local,2024–2025,Public District,Other published instr materials not on Dept list,06 - 08,Implemented,Reading Intervention,N/A,N/A
049841,Fairless Local,2024–2025,Public District,Other published instr materials not on Dept list,KG - 03,Implemented,Reading Intervention,N/A,N/A
049775,Fairlawn Local,2024–2025,Public District,Lexia Core 5 Reading (Lexia),06 - 12,Implemented,ELA Core,Both ELA Core and Reading Intervention,KG - 02
049775,Fairlawn Local,2024–2025,Public District,Open Court Reading 2023 (McGraw Hill),KG - 05,Implemented,ELA Core,ELA Core,KG - 05
047936,Fairland Local,2024–2025,Public District,Open Court Reading 2016/2018 (McGraw Hill),03 - 03,Implemented,Both ELA Core and Reading Intervention,ELA Core,KG - 05
047936,Fairland Local,2024–2025,Public District,Open Court Reading 2016/2018 (McGraw Hill),PS - 02,Implemented,Both ELA Core and Reading Intervention,ELA Core,KG - 05
047936,Fairland Local,2024–2025,Public District,Other published instr materials incl on Dept approved list,03 - 05,Implemented,Both ELA Core and Reading Intervention,N/A,N/A
047936,Fairland Local,2024–2025,Public District,Other published instr materials incl on Dept approved list,06 - 08,Implemented,Both ELA Core and Reading Intervention,N/A,N/A
047936,Fairland Local,2024–2025,Public District,Other published instr materials incl on Dept approved list,09 - 12,Implemented,Both ELA Core and Reading Intervention,N/A,N/A
047936,Fairland Local,2024–2025,Public District,Other published instr materials not on Dept list,06 - 08,Implemented,Both ELA Core and Reading Intervention,N/A,N/A
047936,Fairland Local,2024–2025,Public District,Wonders 2023 (McGraw Hill),04 - 05,Implemented,Both ELA Core and Reading Intervention,ELA Core,KG - 05
046870,Fairfield Union Local,2024–2025,Public District,Amplify CKLA K-5 Core Comprehensive (Amplify),KG - 05,Implemented,ELA Core,ELA Core,KG - 05
046870,Fairfield Union Local,2024–2025,Public District,Fundations (Wilson Language Training),KG - 12,Implemented,Reading Intervention,Both ELA Core and Reading Intervention,KG - 02
046870,Fairfield Union Local,2024–2025,Public District,Lexia Core 5 Reading (Lexia),KG - 05,Implemented,Reading Intervention,Both ELA Core and Reading Intervention,KG - 02
020759,Fairfield Preparatory Academy,2024–2025,Community School,Amplify CKLA K-5 Core Comprehensive (Amplify),KG - 04,Implemented,Both ELA Core and Reading Intervention,ELA Core,KG - 05
020759,Fairfield Preparatory Academy,2024–2025,Community School,Fundations (Wilson Language Training),KG - 06,Implemented,Reading Intervention,Both ELA Core and Reading Intervention,KG - 02
020759,Fairfield Preparatory Academy,2024–2025,Community School,UFLI Foundations: An Explicit and Systematic Phonics Program (Ventris Learning/ULFI),KG - 06,Implemented,Reading Intervention,Both ELA Core and Reading Intervention,KG - 02
047621,Fairfield Local,2024–2025,Public District,"Creative Curriculum (Teaching Strategies, LLC)",PS - PS,Implemented,ELA Core,PreK Core,PS - PS
047621,Fairfield Local,2024–2025,Public District,Lexia Core 5 Reading (Lexia),PS - 05,Implemented,Reading Intervention,Both ELA Core and Reading Intervention,KG - 02
047621,Fairfield Local,2024–2025,Public District,"MyView Literacy (Savvas Learning Company, formerly Pearson)",06 - 12,Implemented,ELA Core,ELA Core,KG - 05
047621,Fairfield Local,2024–2025,Public District,Other published instr materials incl on Dept approved list,KG - 12,Implemented,Reading Intervention,N/A,N/A
047621,Fairfield Local,2024–2025,Public District,Other published instr materials incl on Dept approved list,PS - 02,Implemented,Reading Intervention,N/A,N/A
047621,Fairfield Local,2024–2025,Public District,Other published instr materials not on Dept list,06 - 12,Implemented,Reading Intervention,N/A,N/A
047621,Fairfield Local,2024–2025,Public District,Wonders 2023 (McGraw Hill),KG - 05,Implemented,ELA Core,ELA Core,KG - 05
046839,Fairfield County Esc,2024–2025,Educational Service Center,95 Phonics Core Program (95 Percent Group),PS - PS,Implemented,Both ELA Core and Reading Intervention,ELA Core,KG - 02
046102,Fairfield City,2024–2025,Public District,Foundations A-Z (Learning A-Z),KG - 05,Implemented,Reading Intervention,ELA Core,KG - 02
046102,Fairfield City,2024–2025,Public District,Other published instr materials incl on Dept approved list,KG - 02,Implemented,ELA Core,N/A,N/A
046102,Fairfield City,2024–2025,Public District,Other published instr materials incl on Dept approved list,03 - 05,Implemented,Reading Intervention,N/A,N/A
046102,Fairfield City,2024–2025,Public District,Other published instr materials incl on Dept approved list,03 - 08,Implemented,Reading Intervention,N/A,N/A
046102,Fairfield City,2024–2025,Public District,Other published instr materials incl on Dept approved list,06 - 08,Implemented,Reading Intervention,N/A,N/A
046102,Fairfield City,2024–2025,Public District,Other published instr materials incl on Dept approved list,KG - 12,Implemented,Reading Intervention,N/A,N/A
046102,Fairfield City,2024–2025,Public District,Other published instr materials not on Dept list,KG - 05,Implemented,ELA Core,N/A,N/A
043968,Fairborn City,2024–2025,Public District,Benchmark Advance or Literacy (Benchmark Education),KG - 06,Implemented,ELA Core,ELA Core,KG - 05
043968,Fairborn City,2024–2025,Public District,Benchmark Phonics (Benchmark Education),KG - 05,Implemented,Reading Intervention,ELA Core,KG - 02
043968,Fairborn City,2024–2025,Public District,"Creative Curriculum (Teaching Strategies, LLC)",PS - PS,Implemented,Both ELA Core and Reading Intervention,PreK Core,PS - PS
043968,Fairborn City,2024–2025,Public District,Other published instr materials incl on Dept approved list,06 - 08,Implemented,Reading Intervention,N/A,N/A
043968,Fairborn City,2024–2025,Public District,Other published instr materials incl on Dept approved list,09 - 12,Implemented,Reading Intervention,N/A,N/A
050328,Fairbanks Local,2024–2025,Public District,95 Phonics Core Program (95 Percent Group),KG - 03,Implemented,Both ELA Core and Reading Intervention,ELA Core,KG - 02
050328,Fairbanks Local,2024–2025,Public District,Amplify CKLA K-5 Core Comprehensive (Amplify),KG - 05,Implemented,ELA Core,ELA Core,KG - 05
050328,Fairbanks Local,2024–2025,Public District,Lexia Core 5 Reading (Lexia),KG - 05,Implemented,Reading Intervention,Both ELA Core and Reading Intervention,KG - 02
019474,Explorers Academy Of Science And Technology,2024–2025,Community School,Imagine Learning EL Education (Imagine Learning),KG - 08,Implemented,Both ELA Core and Reading Intervention,ELA Core,KG - 05
047050,Evergreen Local,2024–2025,Public District,HD Word (Really Great Reading),KG - 04,Implemented,Reading Intervention,Both ELA Core and Reading Intervention,02 - 02
047050,Evergreen Local,2024–2025,Public District,HMH Into Reading 2020 (Houghton Mifflin Harcourt),06 - 12,Implemented,ELA Core,ELA Core,KG - 05
047050,Evergreen Local,2024–2025,Public District,Other published instr materials not on Dept list,KG - 08,Implemented,Reading Intervention,N/A,N/A
047050,Evergreen Local,2024–2025,Public District,"Reading Horizons Discovery (HEC Software, Inc.)",KG - 12,Implemented,Reading Intervention,ELA Core,KG - 02
047050,Evergreen Local,2024–2025,Public District,Wonders 2020 (McGraw Hill),KG - 05,Implemented,ELA Core,ELA Core,KG - 05
047050,Evergreen Local,2024–2025,Public District,World of Wonders (McGraw Hill),KG - 05,Implemented,Reading Intervention,PreK Core,PS - PS
015712,Euclid Preparatory School,2024–2025,Community School,Fundations (Wilson Language Training),KG - 05,Implemented,Both ELA Core and Reading Intervention,Both ELA Core and Reading Intervention,KG - 02
015712,Euclid Preparatory School,2024–2025,Community School,HMH Into Reading 2020 (Houghton Mifflin Harcourt),KG - 05,Implemented,Both ELA Core and Reading Intervention,ELA Core,KG - 05
043950,Euclid City,2024–2025,Public District,Amplify CKLA K-5 Core Comprehensive (Amplify),KG - 05,Implemented,ELA Core,ELA Core,KG - 05
043950,Euclid City,2024–2025,Public District,Other published instr materials incl on Dept approved list,06 - 09,Implemented,Reading Intervention,N/A,N/A
043950,Euclid City,2024–2025,Public District,Other published instr materials incl on Dept approved list,KG - 05,Implemented,Reading Intervention,N/A,N/A
043950,Euclid City,2024–2025,Public District,Other published instr materials not on Dept list,06 - 08,Implemented,ELA Core,N/A,N/A
043950,Euclid City,2024–2025,Public District,Other published instr materials not on Dept list,09 - 12,Implemented,ELA Core,N/A,N/A
043950,Euclid City,2024–2025,Public District,PreK On My Way (Scholastic),PS - KG,Implemented,ELA Core,PreK Core,PS - PS
046938,Esc Of Central Ohio,2024–2025,Educational Service Center,High Scope Preschool Curriculum (HighScope),PS - PS,Implemented,Both ELA Core and Reading Intervention,PreK Core,PS - PS
046938,Esc Of Central Ohio,2024–2025,Educational Service Center,Other published instr materials not on Dept list,PS - PS,Implemented,Both ELA Core and Reading Intervention,N/A,N/A
020293,Engage High School,2024–2025,Community School,Other published instr materials incl on Dept approved list,09 - 12,Implemented,ELA Core,N/A,N/A
017212,Empowered By The Arts Academy,2024–2025,Community School,Imagine Learning EL Education (Imagine Learning),KG - 05,Implemented,Both ELA Core and Reading Intervention,ELA Core,KG - 05
017212,Empowered By The Arts Academy,2024–2025,Community School,Other published instr materials incl on Dept approved list,06 - 08,Implemented,Both ELA Core and Reading Intervention,N/A,N/A
000577,Emerson Academy,2024–2025,Community School,Lexia Core 5 Reading (Lexia),KG - 05,Implemented,Reading Intervention,Both ELA Core and Reading Intervention,KG - 02
000577,Emerson Academy,2024–2025,Community School,Other published instr materials not on Dept list,03 - 08,Implemented,Reading Intervention,N/A,N/A
043943,Elyria City Schools,2024–2025,Public District,Amplify CKLA K-5 Core Comprehensive (Amplify),KG - 05,Implemented,ELA Core,ELA Core,KG - 05
043943,Elyria City Schools,2024–2025,Public District,Foundations A-Z (Learning A-Z),KG - 04,Implemented,Reading Intervention,ELA Core,KG - 02
043943,Elyria City Schools,2024–2025,Public District,Other published instr materials incl on Dept approved list,PS - PS,Implemented,ELA Core,N/A,N/A
043943,Elyria City Schools,2024–2025,Public District,Other published instr materials incl on Dept approved list,04 - 06,Implemented,Reading Intervention,N/A,N/A
043943,Elyria City Schools,2024–2025,Public District,Other published instr materials incl on Dept approved list,05 - 08,Implemented,Reading Intervention,N/A,N/A
043943,Elyria City Schools,2024–2025,Public District,PreK On My Way (Scholastic),PS - PS,Implemented,ELA Core,PreK Core,PS - PS
043943,Elyria City Schools,2024–2025,Public District,UFLI Foundations: An Explicit and Systematic Phonics Program (Ventris Learning/ULFI),KG - 04,Implemented,Reading Intervention,Both ELA Core and Reading Intervention,KG - 02
050682,Elmwood Local,2024–2025,Public District,Amplify CKLA K-2 Skills (Amplify),KG - 02,Implemented,ELA Core,ELA Core,KG - 02
050682,Elmwood Local,2024–2025,Public District,Amplify CKLA K-5 Core Comprehensive (Amplify),KG - 05,Implemented,ELA Core,ELA Core,KG - 05
050682,Elmwood Local,2024–2025,Public District,"Creative Curriculum (Teaching Strategies, LLC)",PS - PS,Implemented,ELA Core,PreK Core,PS - PS
050682,Elmwood Local,2024–2025,Public District,Locally created instruction,06 - 12,Implemented,ELA Core,N/A,N/A
050682,Elmwood Local,2024–2025,Public District,Other published instr materials incl on Dept approved list,PS - PS,Implemented,Reading Intervention,N/A,N/A
050682,Elmwood Local,2024–2025,Public District,UFLI Foundations: An Explicit and Systematic Phonics Program (Ventris Learning/ULFI),KG - 05,Implemented,Reading Intervention,Both ELA Core and Reading Intervention,KG - 02
045773,Elida Local,2024–2025,Public District,Amplify CKLA K-5 Core Comprehensive (Amplify),01 - 01,Implemented,ELA Core,ELA Core,KG - 05
045773,Elida Local,2024–2025,Public District,Amplify CKLA K-5 Core Comprehensive (Amplify),04 - 04,Implemented,ELA Core,ELA Core,KG - 05
045773,Elida Local,2024–2025,Public District,Other published instr materials incl on Dept approved list,06 - 06,Implemented,Reading Intervention,N/A,N/A
045773,Elida Local,2024–2025,Public District,Other published instr materials incl on Dept approved list,KG - 05,Implemented,Reading Intervention,N/A,N/A
045773,Elida Local,2024–2025,Public District,World of Wonders (McGraw Hill),02 - 02,Implemented,ELA Core,PreK Core,PS - PS
045773,Elida Local,2024–2025,Public District,World of Wonders (McGraw Hill),03 - 03,Implemented,ELA Core,PreK Core,PS - PS
045773,Elida Local,2024–2025,Public District,World of Wonders (McGraw Hill),05 - 05,Implemented,ELA Core,PreK Core,PS - PS
045773,Elida Local,2024–2025,Public District,World of Wonders (McGraw Hill),KG - KG,Implemented,ELA Core,PreK Core,PS - PS
048413,Elgin Local,2024–2025,Public District,Amplify CKLA K-5 Core Comprehensive (Amplify),KG - 05,Implemented,Reading Intervention,ELA Core,KG - 05
048413,Elgin Local,2024–2025,Public District,Fundations (Wilson Language Training),KG - 03,Implemented,ELA Core,Both ELA Core and Reading Intervention,KG - 02
048413,Elgin Local,2024–2025,Public District,UFLI Foundations: An Explicit and Systematic Phonics Program (Ventris Learning/ULFI),KG - 05,Implemented,Reading Intervention,Both ELA Core and Reading Intervention,KG - 02
048413,Elgin Local,2024–2025,Public District,Wit & Wisdom (Great Minds),KG - 05,Implemented,ELA Core,ELA Core,03 - 05
051029,Ehove Career Center,2024–2025,Joint Vocational School District,Other published instr materials incl on Dept approved list,10 - 12,Implemented,Reading Intervention,N/A,N/A
047860,Educational Service Center Of The Western Reserve,2024–2025,Educational Service Center,"Creative Curriculum (Teaching Strategies, LLC)",PS - PS,Implemented,ELA Core,PreK Core,PS - PS
047860,Educational Service Center Of The Western Reserve,2024–2025,Educational Service Center,Other published instr materials incl on Dept approved list,PS - PS,Implemented,Reading Intervention,N/A,N/A
000779,Educational Academy For Boys & Girls,2024–2025,Community School,Amplify CKLA K-5 Core Comprehensive (Amplify),KG - 02,Implemented,Both ELA Core and Reading Intervention,ELA Core,KG - 05
000779,Educational Academy For Boys & Girls,2024–2025,Community School,Imagine Learning EL Education (Imagine Learning),03 - 05,Implemented,Both ELA Core and Reading Intervention,ELA Core,KG - 05
050625,Edon Northwest Local,2024–2025,Public District,Other published instr materials not on Dept list,KG - 03,Implemented,Reading Intervention,N/A,N/A
050625,Edon Northwest Local,2024–2025,Public District,Wit & Wisdom (Great Minds),KG - 05,Implemented,ELA Core,ELA Core,03 - 05
046789,Edison Local (Formerly Berlin-Milan),2024–2025,Public District,Open Court Reading 2016/2018 (McGraw Hill),KG - 03,Implemented,Both ELA Core and Reading Intervention,ELA Core,KG - 05
046789,Edison Local (Formerly Berlin-Milan),2024–2025,Public District,Open Court Reading 2023 (McGraw Hill),04 - 05,Implemented,Both ELA Core and Reading Intervention,ELA Core,KG - 05
046789,Edison Local (Formerly Berlin-Milan),2024–2025,Public District,Other published instr materials incl on Dept approved list,06 - 12,Implemented,Reading Intervention,N/A,N/A
047795,Edison Local,2024–2025,Public District,HMH Into Reading 2020 (Houghton Mifflin Harcourt),07 - 12,Implemented,Reading Intervention,ELA Core,KG - 05
047795,Edison Local,2024–2025,Public District,UFLI Foundations: An Explicit and Systematic Phonics Program (Ventris Learning/ULFI),KG - 06,Implemented,ELA Core,Both ELA Core and Reading Intervention,KG - 02
047795,Edison Local,2024–2025,Public District,World of Wonders (McGraw Hill),KG - 06,Implemented,Reading Intervention,PreK Core,PS - PS
046094,Edgewood City School District,2024–2025,Public District,Amplify CKLA K-5 Core Comprehensive (Amplify),KG - 05,Implemented,Both ELA Core and Reading Intervention,ELA Core,KG - 05
050617,Edgerton Local,2024–2025,Public District,95 Phonics Core Program (95 Percent Group),KG - 02,Implemented,Reading Intervention,ELA Core,KG - 02
050617,Edgerton Local,2024–2025,Public District,Other published instr materials incl on Dept approved list,07 - 12,Implemented,Reading Intervention,N/A,N/A
050617,Edgerton Local,2024–2025,Public District,Other published instr materials incl on Dept approved list,KG - 06,Implemented,Reading Intervention,N/A,N/A
133538,Edge Learning,2024–2025,Community School,Fundations (Wilson Language Training),KG - 03,Implemented,Reading Intervention,Both ELA Core and Reading Intervention,KG - 02
133538,Edge Learning,2024–2025,Community School,Magnetic Reading Foundations (Curriculum Associates),KG - 05,Implemented,Reading Intervention,Both ELA Core and Reading Intervention,KG - 02
133538,Edge Learning,2024–2025,Community School,Wonders 2023 (McGraw Hill),KG - 05,Implemented,Both ELA Core and Reading Intervention,ELA Core,KG - 05
043935,Eaton Community City,2024–2025,Public District,HMH Into Reading 2020 (Houghton Mifflin Harcourt),KG - 12,Implemented,Both ELA Core and Reading Intervention,ELA Core,KG - 05
043935,Eaton Community City,2024–2025,Public District,Other published instr materials incl on Dept approved list,06 - 10,Implemented,Reading Intervention,N/A,N/A
043935,Eaton Community City,2024–2025,Public District,UFLI Foundations: An Explicit and Systematic Phonics Program (Ventris Learning/ULFI),KG - 02,Implemented,ELA Core,Both ELA Core and Reading Intervention,KG - 02
043935,Eaton Community City,2024–2025,Public District,UFLI Foundations: An Explicit and Systematic Phonics Program (Ventris Learning/ULFI),KG - 08,Implemented,Reading Intervention,Both ELA Core and Reading Intervention,KG - 02
050674,Eastwood Local,2024–2025,Public District,Amplify CKLA K-2 Skills (Amplify),KG - 02,Implemented,Both ELA Core and Reading Intervention,ELA Core,KG - 02
050674,Eastwood Local,2024–2025,Public District,Amplify CKLA K-5 Core Comprehensive (Amplify),KG - 05,Implemented,Both ELA Core and Reading Intervention,ELA Core,KG - 05
050674,Eastwood Local,2024–2025,Public District,Amplify CKLA PreK (Amplify),PS - PS,Implemented,ELA Core,PreK Core,PS - PS
050674,Eastwood Local,2024–2025,Public District,HMH Into Reading 2020 (Houghton Mifflin Harcourt),09 - 12,Implemented,Both ELA Core and Reading Intervention,ELA Core,KG - 05
050674,Eastwood Local,2024–2025,Public District,Other published instr materials not on Dept list,06 - 08,Implemented,Both ELA Core and Reading Intervention,N/A,N/A
051003,Eastland-Fairfield Career & Technical Schools,2024–2025,Joint Vocational School District,Other published instr materials incl on Dept approved list,11 - 12,Implemented,Reading Intervention,N/A,N/A
014090,Eastland Preparatory Academy,2024–2025,Community School,Fundations (Wilson Language Training),KG - 03,Implemented,Reading Intervention,Both ELA Core and Reading Intervention,KG - 02
014090,Eastland Preparatory Academy,2024–2025,Community School,HMH Into Reading 2020 (Houghton Mifflin Harcourt),KG - 08,Implemented,ELA Core,ELA Core,KG - 05
014090,Eastland Preparatory Academy,2024–2025,Community School,Magnetic Reading Foundations (Curriculum Associates),03 - 05,Implemented,Reading Intervention,Both ELA Core and Reading Intervention,KG - 02
046037,Eastern Local School District,2024–2025,Public District,Open Court Reading 2023 (McGraw Hill),KG - 05,Implemented,Both ELA Core and Reading Intervention,ELA Core,KG - 05
046037,Eastern Local School District,2024–2025,Public District,Other published instr materials incl on Dept approved list,KG - 05,Implemented,Both ELA Core and Reading Intervention,N/A,N/A
046037,Eastern Local School District,2024–2025,Public District,Other published instr materials incl on Dept approved list,06 - 12,Implemented,Reading Intervention,N/A,N/A
049122,Eastern Local School District,2024–2025,Public District,Other published instr materials incl on Dept approved list,KG - 05,Implemented,Both ELA Core and Reading Intervention,N/A,N/A
048512,Eastern Local,2024–2025,Public District,Lexia Core 5 Reading (Lexia),KG - 12,Implemented,Reading Intervention,Both ELA Core and Reading Intervention,KG - 02
048512,Eastern Local,2024–2025,Public District,UFLI Foundations: An Explicit and Systematic Phonics Program (Ventris Learning/ULFI),KG - 03,Implemented,Reading Intervention,Both ELA Core and Reading Intervention,KG - 02
014147,East Preparatory Academy,2024–2025,Community School,Other published instr materials incl on Dept approved list,04 - 08,Implemented,ELA Core,N/A,N/A
014147,East Preparatory Academy,2024–2025,Community School,Other published instr materials incl on Dept approved list,04 - 08,Implemented,Reading Intervention,N/A,N/A
014147,East Preparatory Academy,2024–2025,Community School,"Reading Horizons Discovery (HEC Software, Inc.)",KG - 03,Implemented,ELA Core,ELA Core,KG - 02
014147,East Preparatory Academy,2024–2025,Community School,"Reading Horizons Discovery (HEC Software, Inc.)",KG - 03,Implemented,Reading Intervention,ELA Core,KG - 02
043927,East Palestine City,2024–2025,Public District,Fundations (Wilson Language Training),KG - 03,Implemented,Reading Intervention,Both ELA Core and Reading Intervention,KG - 02
043927,East Palestine City,2024–2025,Public District,Locally created instruction,04 - 04,Implemented,Reading Intervention,N/A,N/A
043927,East Palestine City,2024–2025,Public District,World of Wonders (McGraw Hill),KG - 04,Implemented,ELA Core,PreK Core,PS - PS
048835,East Muskingum Local,2024–2025,Public District,Frog Street Threes and/or Frog Street PreK (FrogStreet),PS - PS,Implemented,Both ELA Core and Reading Intervention,PreK Core,PS - PS
048835,East Muskingum Local,2024–2025,Public District,Other published instr materials incl on Dept approved list,KG - 03,Implemented,Reading Intervention,N/A,N/A
048835,East Muskingum Local,2024–2025,Public District,Other published instr materials not on Dept list,06 - 12,Implemented,Both ELA Core and Reading Intervention,N/A,N/A
048835,East Muskingum Local,2024–2025,Public District,Wonders 2023 (McGraw Hill),KG - 05,Implemented,Both ELA Core and Reading Intervention,ELA Core,KG - 05
043919,East Liverpool City,2024–2025,Public District,Frog Street Threes and/or Frog Street PreK (FrogStreet),PS - PS,Implemented,Both ELA Core and Reading Intervention,PreK Core,PS - PS
043919,East Liverpool City,2024–2025,Public District,"MyView Literacy (Savvas Learning Company, formerly Pearson)",KG - 04,Implemented,Both ELA Core and Reading Intervention,ELA Core,KG - 05
047845,East Knox Local,2024–2025,Public District,Foundations A-Z (Learning A-Z),KG - 03,Implemented,Both ELA Core and Reading Intervention,ELA Core,KG - 02
047845,East Knox Local,2024–2025,Public District,Fundations (Wilson Language Training),KG - 02,Implemented,Both ELA Core and Reading Intervention,Both ELA Core and Reading Intervention,KG - 02
047845,East Knox Local,2024–2025,Public District,Fundations (Wilson Language Training),03 - 04,Implemented,Reading Intervention,Both ELA Core and Reading Intervention,KG - 02
047845,East Knox Local,2024–2025,Public District,Other published instr materials incl on Dept approved list,KG - 06,Implemented,Both ELA Core and Reading Intervention,N/A,N/A
047688,East Holmes Local,2024–2025,Public District,Fundations (Wilson Language Training),KG - 03,Implemented,Both ELA Core and Reading Intervention,Both ELA Core and Reading Intervention,KG - 02
047688,East Holmes Local,2024–2025,Public District,Lexia Core 5 Reading (Lexia),KG - 05,Implemented,Reading Intervention,Both ELA Core and Reading Intervention,KG - 02
047688,East Holmes Local,2024–2025,Public District,Other published instr materials not on Dept list,06 - 12,Implemented,Both ELA Core and Reading Intervention,N/A,N/A
047688,East Holmes Local,2024–2025,Public District,Other published instr materials not on Dept list,KG - 02,Implemented,Both ELA Core and Reading Intervention,N/A,N/A
047688,East Holmes Local,2024–2025,Public District,Other published instr materials not on Dept list,03 - 05,Implemented,Reading Intervention,N/A,N/A
047688,East Holmes Local,2024–2025,Public District,Other published instr materials not on Dept list,06 - 08,Implemented,Reading Intervention,N/A,N/A
047688,East Holmes Local,2024–2025,Public District,Other published instr materials not on Dept list,08 - 12,Implemented,Reading Intervention,N/A,N/A
047688,East Holmes Local,2024–2025,Public District,Other published instr materials not on Dept list,KG - 03,Implemented,Reading Intervention,N/A,N/A
047688,East Holmes Local,2024–2025,Public District,Other published instr materials not on Dept list,KG - 08,Implemented,Reading Intervention,N/A,N/A
047688,East Holmes Local,2024–2025,Public District,Wonders 2023 (McGraw Hill),KG - 05,Implemented,Both ELA Core and Reading Intervention,ELA Core,KG - 05
069682,East Guernsey Local,2024–2025,Public District,95 Phonics Core Program (95 Percent Group),03 - 05,Implemented,Reading Intervention,ELA Core,KG - 02
069682,East Guernsey Local,2024–2025,Public District,HD Word (Really Great Reading),PS - 02,Implemented,Reading Intervention,Both ELA Core and Reading Intervention,02 - 02
069682,East Guernsey Local,2024–2025,Public District,Wonders 2023 (McGraw Hill),KG - 05,Implemented,Both ELA Core and Reading Intervention,ELA Core,KG - 05
046409,East Clinton Local,2024–2025,Public District,Amplify CKLA K-5 Core Comprehensive (Amplify),KG - 05,Implemented,ELA Core,ELA Core,KG - 05
046409,East Clinton Local,2024–2025,Public District,"Creative Curriculum (Teaching Strategies, LLC)",PS - PS,Implemented,Both ELA Core and Reading Intervention,PreK Core,PS - PS
046409,East Clinton Local,2024–2025,Public District,HMH Into Reading 2020 (Houghton Mifflin Harcourt),06 - 08,Implemented,ELA Core,ELA Core,KG - 05
043901,East Cleveland City School District,2024–2025,Public District,95 Phonics Core Program (95 Percent Group),KG - 12,Implemented,Reading Intervention,ELA Core,KG - 02
043901,East Cleveland City School District,2024–2025,Public District,"Creative Curriculum (Teaching Strategies, LLC)",PS - PS,Implemented,ELA Core,PreK Core,PS - PS
043901,East Cleveland City School District,2024–2025,Public District,Fundations (Wilson Language Training),KG - 03,Implemented,Both ELA Core and Reading Intervention,Both ELA Core and Reading Intervention,KG - 02
043901,East Cleveland City School District,2024–2025,Public District,Wit & Wisdom (Great Minds),KG - 05,Implemented,ELA Core,ELA Core,03 - 05
000938,East Bridge Academy Of Excellence,2024–2025,Community School,HMH Into Reading 2020 (Houghton Mifflin Harcourt),KG - 05,Implemented,ELA Core,ELA Core,KG - 05
000938,East Bridge Academy Of Excellence,2024–2025,Community School,Other published instr materials incl on Dept approved list,06 - 08,Implemented,ELA Core,N/A,N/A
000938,East Bridge Academy Of Excellence,2024–2025,Community School,Other published instr materials not on Dept list,03 - 08,Implemented,Reading Intervention,N/A,N/A
000938,East Bridge Academy Of Excellence,2024–2025,Community School,Other published instr materials not on Dept list,KG - 03,Implemented,Reading Intervention,N/A,N/A
000938,East Bridge Academy Of Excellence,2024–2025,Community School,Other published instr materials not on Dept list,KG - 04,Implemented,Reading Intervention,N/A,N/A
014187,East Academy,2024–2025,Community School,95 Phonics Core Program (95 Percent Group),KG - 05,Implemented,Reading Intervention,ELA Core,KG - 02
014187,East Academy,2024–2025,Community School,HMH Into Reading 2020 (Houghton Mifflin Harcourt),KG - 05,Implemented,Both ELA Core and Reading Intervention,ELA Core,KG - 05
000912,Early College Academy,2024–2025,Community School,Other published instr materials incl on Dept approved list,09 - 12,Implemented,Both ELA Core and Reading Intervention,N/A,N/A
019227,Dublin Preparatory Academy Dba Northside Preparatory Academy,2024–2025,Community School,Amplify CKLA K-2 Skills (Amplify),KG - 02,Implemented,ELA Core,ELA Core,KG - 02
019227,Dublin Preparatory Academy Dba Northside Preparatory Academy,2024–2025,Community School,Amplify CKLA K-5 Core Comprehensive (Amplify),KG - 05,Implemented,ELA Core,ELA Core,KG - 05
047027,Dublin City,2024–2025,Public District,95 Phonics Core Program (95 Percent Group),KG - 05,Implemented,Both ELA Core and Reading Intervention,ELA Core,KG - 02
047027,Dublin City,2024–2025,Public District,Lexia Core 5 Reading (Lexia),PS - 12,Implemented,Reading Intervention,Both ELA Core and Reading Intervention,KG - 02
047027,Dublin City,2024–2025,Public District,Other published instr materials incl on Dept approved list,PS - 12,Implemented,Reading Intervention,N/A,N/A
043893,Dover City,2024–2025,Public District,"Creative Curriculum (Teaching Strategies, LLC)",PS - PS,Implemented,Both ELA Core and Reading Intervention,PreK Core,PS - PS
043893,Dover City,2024–2025,Public District,Fundations (Wilson Language Training),KG - 03,Implemented,Both ELA Core and Reading Intervention,Both ELA Core and Reading Intervention,KG - 02
043893,Dover City,2024–2025,Public District,Other published instr materials incl on Dept approved list,09 - 12,Implemented,Reading Intervention,N/A,N/A
043893,Dover City,2024–2025,Public District,UFLI Foundations: An Explicit and Systematic Phonics Program (Ventris Learning/ULFI),04 - 05,Implemented,Reading Intervention,Both ELA Core and Reading Intervention,KG - 02
014188,Discovery Academy,2024–2025,Community School,Foundations A-Z (Learning A-Z),KG - 06,Implemented,Reading Intervention,ELA Core,KG - 02
014188,Discovery Academy,2024–2025,Community School,HMH Into Reading 2020 (Houghton Mifflin Harcourt),KG - 06,Implemented,ELA Core,ELA Core,KG - 05
043885,Delphos City,2024–2025,Public District,"Creative Curriculum (Teaching Strategies, LLC)",PS - PS,Implemented,ELA Core,PreK Core,PS - PS
043885,Delphos City,2024–2025,Public District,Locally created instruction,09 - 12,Implemented,Both ELA Core and Reading Intervention,N/A,N/A
043885,Delphos City,2024–2025,Public District,Wonders 2023 (McGraw Hill),KG - 04,Implemented,Both ELA Core and Reading Intervention,ELA Core,KG - 05
043885,Delphos City,2024–2025,Public District,World of Wonders (McGraw Hill),05 - 05,Implemented,Both ELA Core and Reading Intervention,PreK Core,PS - PS
043885,Delphos City,2024–2025,Public District,World of Wonders (McGraw Hill),06 - 06,Implemented,Both ELA Core and Reading Intervention,PreK Core,PS - PS
043885,Delphos City,2024–2025,Public District,World of Wonders (McGraw Hill),07 - 08,Implemented,Both ELA Core and Reading Intervention,PreK Core,PS - PS
043877,Delaware City,2024–2025,Public District,Fundations (Wilson Language Training),KG - 03,Implemented,ELA Core,Both ELA Core and Reading Intervention,KG - 02
043877,Delaware City,2024–2025,Public District,Lexia Core 5 Reading (Lexia),01 - 05,Implemented,Reading Intervention,Both ELA Core and Reading Intervention,KG - 02
043877,Delaware City,2024–2025,Public District,OUR EL Education K-5 Language Arts (Open Up Resources),KG - 05,Implemented,ELA Core,ELA Core,KG - 05
043877,Delaware City,2024–2025,Public District,PreK On My Way (Scholastic),PS - PS,Implemented,Both ELA Core and Reading Intervention,PreK Core,PS - PS
043869,Defiance City,2024–2025,Public District,HMH Into Reading 2020 (Houghton Mifflin Harcourt),KG - 05,Implemented,Both ELA Core and Reading Intervention,ELA Core,KG - 05
043869,Defiance City,2024–2025,Public District,"MyView Literacy (Savvas Learning Company, formerly Pearson)",06 - 12,Implemented,Both ELA Core and Reading Intervention,ELA Core,KG - 05
043851,Deer Park Community City,2024–2025,Public District,Being a Reader (Center for the Collaborative Classroom),KG - 03,Implemented,Both ELA Core and Reading Intervention,ELA Core,KG - 03
043851,Deer Park Community City,2024–2025,Public District,"Creative Curriculum (Teaching Strategies, LLC)",PS - PS,Implemented,Both ELA Core and Reading Intervention,PreK Core,PS - PS
043851,Deer Park Community City,2024–2025,Public District,UFLI Foundations: An Explicit and Systematic Phonics Program (Ventris Learning/ULFI),PS - 03,Implemented,Reading Intervention,Both ELA Core and Reading Intervention,KG - 02
012924,Deca Prep,2024–2025,Community School,HD Word (Really Great Reading),05 - 08,Implemented,Reading Intervention,Both ELA Core and Reading Intervention,02 - 02
012924,Deca Prep,2024–2025,Community School,Other published instr materials incl on Dept approved list,KG - 04,Implemented,Reading Intervention,N/A,N/A
012924,Deca Prep,2024–2025,Community School,Other published instr materials not on Dept list,06 - 08,Implemented,ELA Core,N/A,N/A
012924,Deca Prep,2024–2025,Community School,OUR EL Education K-5 Language Arts (Open Up Resources),KG - 05,Implemented,Both ELA Core and Reading Intervention,ELA Core,KG - 05
014149,Dayton Smart Elementary School,2024–2025,Community School,HMH Into Reading 2020 (Houghton Mifflin Harcourt),KG - 06,Implemented,ELA Core,ELA Core,KG - 05
014149,Dayton Smart Elementary School,2024–2025,Community School,Other published instr materials incl on Dept approved list,KG - 06,Implemented,Reading Intervention,N/A,N/A
009283,"Dayton Early College Academy, Inc",2024–2025,Community School,Other published instr materials not on Dept list,09 - 12,Implemented,Both ELA Core and Reading Intervention,N/A,N/A
043844,Dayton City,2024–2025,Public District,Amplify CKLA K-5 Core Comprehensive (Amplify),KG - 05,Implemented,ELA Core,ELA Core,KG - 05
043844,Dayton City,2024–2025,Public District,Foundations A-Z (Learning A-Z),KG - 06,Implemented,Reading Intervention,ELA Core,KG - 02
043844,Dayton City,2024–2025,Public District,Frog Street Threes and/or Frog Street PreK (FrogStreet),PS - PS,Implemented,ELA Core,PreK Core,PS - PS
043844,Dayton City,2024–2025,Public District,Other published instr materials incl on Dept approved list,KG - 05,Implemented,Reading Intervention,N/A,N/A
043844,Dayton City,2024–2025,Public District,Other published instr materials not on Dept list,07 - 08,Implemented,ELA Core,N/A,N/A
043844,Dayton City,2024–2025,Public District,Other published instr materials not on Dept list,09 - 09,Implemented,ELA Core,N/A,N/A
043844,Dayton City,2024–2025,Public District,Other published instr materials not on Dept list,10 - 10,Implemented,ELA Core,N/A,N/A
043844,Dayton City,2024–2025,Public District,Other published instr materials not on Dept list,10 - 12,Implemented,ELA Core,N/A,N/A
043844,Dayton City,2024–2025,Public District,Other published instr materials not on Dept list,KG - 03,Implemented,ELA Core,N/A,N/A
043844,Dayton City,2024–2025,Public District,Other published instr materials not on Dept list,07 - 09,Implemented,Reading Intervention,N/A,N/A
043844,Dayton City,2024–2025,Public District,Other published instr materials not on Dept list,09 - 09,Implemented,Reading Intervention,N/A,N/A
043844,Dayton City,2024–2025,Public District,Other published instr materials not on Dept list,10 - 12,Implemented,Reading Intervention,N/A,N/A
043844,Dayton City,2024–2025,Public District,Other published instr materials not on Dept list,KG - 05,Implemented,Reading Intervention,N/A,N/A
019426,Dayton Career Tech High School Dba Riverscape Career Tech,2024–2025,Community School,Other published instr materials incl on Dept approved list,09 - 12,Implemented,ELA Core,N/A,N/A
047928,Dawson-Bryant Local,2024–2025,Public District,Open Court Reading 2016/2018 (McGraw Hill),KG - 05,Implemented,ELA Core,ELA Core,KG - 05
047928,Dawson-Bryant Local,2024–2025,Public District,PreK On My Way (Scholastic),PS - PS,Implemented,ELA Core,PreK Core,PS - PS
046615,Darke County Esc,2024–2025,Educational Service Center,"Creative Curriculum (Teaching Strategies, LLC)",PS - PS,Implemented,Both ELA Core and Reading Intervention,PreK Core,PS - PS
047837,Danville Local,2024–2025,Public District,HMH Into Reading 2020 (Houghton Mifflin Harcourt),PS - 06,Implemented,Both ELA Core and Reading Intervention,ELA Core,KG - 05
048934,Danbury Local,2024–2025,Public District,95 Phonics Core Program (95 Percent Group),KG - 12,Implemented,Reading Intervention,ELA Core,KG - 02
048934,Danbury Local,2024–2025,Public District,Frog Street Threes and/or Frog Street PreK (FrogStreet),PS - PS,Implemented,ELA Core,PreK Core,PS - PS
048934,Danbury Local,2024–2025,Public District,Fundations (Wilson Language Training),PS - 03,Implemented,ELA Core,Both ELA Core and Reading Intervention,KG - 02
048934,Danbury Local,2024–2025,Public District,Wit & Wisdom (Great Minds),KG - 05,Implemented,ELA Core,ELA Core,03 - 05
050542,Dalton Local,2024–2025,Public District,Other published instr materials incl on Dept approved list,KG - 12,Implemented,Both ELA Core and Reading Intervention,N/A,N/A
017497,Cypress High School,2024–2025,Community School,Other published instr materials incl on Dept approved list,09 - 12,Implemented,Reading Intervention,N/A,N/A
046557,Cuyahoga Heights Local,2024–2025,Public District,Amplify CKLA K-5 Core Comprehensive (Amplify),KG - KG,Implemented,ELA Core,ELA Core,KG - 05
046557,Cuyahoga Heights Local,2024–2025,Public District,Fundations (Wilson Language Training),KG - 03,Implemented,Both ELA Core and Reading Intervention,Both ELA Core and Reading Intervention,KG - 02
046557,Cuyahoga Heights Local,2024–2025,Public District,Fundations (Wilson Language Training),04 - 05,Implemented,Reading Intervention,Both ELA Core and Reading Intervention,KG - 02
046557,Cuyahoga Heights Local,2024–2025,Public District,Other published instr materials incl on Dept approved list,PS - PS,Implemented,Both ELA Core and Reading Intervention,N/A,N/A
046557,Cuyahoga Heights Local,2024–2025,Public District,Other published instr materials incl on Dept approved list,04 - 05,Implemented,Reading Intervention,N/A,N/A
046557,Cuyahoga Heights Local,2024–2025,Public District,Other published instr materials not on Dept list,KG - 03,Implemented,Both ELA Core and Reading Intervention,N/A,N/A
046557,Cuyahoga Heights Local,2024–2025,Public District,Wit & Wisdom (Great Minds),01 - 05,Implemented,ELA Core,ELA Core,03 - 05
043836,Cuyahoga Falls City School District,2024–2025,Public District,Fundations (Wilson Language Training),KG - 03,Implemented,Both ELA Core and Reading Intervention,Both ELA Core and Reading Intervention,KG - 02
043836,Cuyahoga Falls City School District,2024–2025,Public District,Other published instr materials incl on Dept approved list,KG - 12,Implemented,Reading Intervention,N/A,N/A
043836,Cuyahoga Falls City School District,2024–2025,Public District,Other published instr materials not on Dept list,KG - 02,Implemented,ELA Core,N/A,N/A
043836,Cuyahoga Falls City School District,2024–2025,Public District,UFLI Foundations: An Explicit and Systematic Phonics Program (Ventris Learning/ULFI),KG - 05,Implemented,Reading Intervention,Both ELA Core and Reading Intervention,KG - 02
043836,Cuyahoga Falls City School District,2024–2025,Public District,Wit & Wisdom (Great Minds),KG - 05,Implemented,ELA Core,ELA Core,03 - 05
045351,Crooksville Exempted Village,2024–2025,Public District,95 Phonics Core Program (95 Percent Group),KG - 05,Implemented,Both ELA Core and Reading Intervention,ELA Core,KG - 02
045351,Crooksville Exempted Village,2024–2025,Public District,95 Phonics Core Program (95 Percent Group),PS - PS,Implemented,Both ELA Core and Reading Intervention,ELA Core,KG - 02
049189,Crestwood Local,2024–2025,Public District,Locally created instruction,KG - 03,Implemented,Both ELA Core and Reading Intervention,N/A,N/A
049189,Crestwood Local,2024–2025,Public District,Other published instr materials not on Dept list,07 - 12,Implemented,Reading Intervention,N/A,N/A
046433,Crestview Local,2024–2025,Public District,"From Phonics to Reading (William H. Sadlier, Inc)",KG - 02,Implemented,Reading Intervention,ELA Core,KG - 02
046433,Crestview Local,2024–2025,Public District,HMH Into Reading 2020 (Houghton Mifflin Harcourt),KG - 05,Implemented,Both ELA Core and Reading Intervention,ELA Core,KG - 05
046433,Crestview Local,2024–2025,Public District,Other published instr materials incl on Dept approved list,06 - 12,Implemented,Reading Intervention,N/A,N/A
049429,Crestview Local,2024–2025,Public District,Frog Street Threes and/or Frog Street PreK (FrogStreet),PS - KG,Implemented,ELA Core,PreK Core,PS - PS
049429,Crestview Local,2024–2025,Public District,UFLI Foundations: An Explicit and Systematic Phonics Program (Ventris Learning/ULFI),KG - 03,Implemented,Reading Intervention,Both ELA Core and Reading Intervention,KG - 02
049429,Crestview Local,2024–2025,Public District,Wonders 2020 (McGraw Hill),KG - 05,Implemented,ELA Core,ELA Core,KG - 05
049429,Crestview Local,2024–2025,Public District,Wonders 2023 (McGraw Hill),KG - 05,Implemented,ELA Core,ELA Core,KG - 05
050351,Crestview Local,2024–2025,Public District,Frog Street Threes and/or Frog Street PreK (FrogStreet),PS - PS,Implemented,ELA Core,PreK Core,PS - PS
050351,Crestview Local,2024–2025,Public District,Fundations (Wilson Language Training),KG - 03,Implemented,Both ELA Core and Reading Intervention,Both ELA Core and Reading Intervention,KG - 02
050351,Crestview Local,2024–2025,Public District,HMH Into Reading 2020 (Houghton Mifflin Harcourt),KG - 05,Implemented,ELA Core,ELA Core,KG - 05
050351,Crestview Local,2024–2025,Public District,Other published instr materials incl on Dept approved list,04 - 05,Implemented,Both ELA Core and Reading Intervention,N/A,N/A
050351,Crestview Local,2024–2025,Public District,Other published instr materials incl on Dept approved list,KG - 03,Implemented,Both ELA Core and Reading Intervention,N/A,N/A
050351,Crestview Local,2024–2025,Public District,Other published instr materials incl on Dept approved list,06 - 12,Implemented,Reading Intervention,N/A,N/A
050351,Crestview Local,2024–2025,Public District,Other published instr materials incl on Dept approved list,PS - PS,Implemented,Reading Intervention,N/A,N/A
045344,Crestline Exempted Village,2024–2025,Public District,Other published instr materials incl on Dept approved list,PS - 12,Implemented,Both ELA Core and Reading Intervention,N/A,N/A
045336,Covington Exempted Village,2024–2025,Public District,HMH Into Reading 2020 (Houghton Mifflin Harcourt),03 - 05,Implemented,ELA Core,ELA Core,KG - 05
045336,Covington Exempted Village,2024–2025,Public District,Other published instr materials incl on Dept approved list,KG - 12,Implemented,Reading Intervention,N/A,N/A
045336,Covington Exempted Village,2024–2025,Public District,UFLI Foundations: An Explicit and Systematic Phonics Program (Ventris Learning/ULFI),PS - PS,Implemented,Reading Intervention,Both ELA Core and Reading Intervention,KG - 02
049999,Coventry Local,2024–2025,Public District,Amplify CKLA K-5 Core Comprehensive (Amplify),KG - 05,Implemented,ELA Core,ELA Core,KG - 05
049999,Coventry Local,2024–2025,Public District,UFLI Foundations: An Explicit and Systematic Phonics Program (Ventris Learning/ULFI),KG - 12,Implemented,Reading Intervention,Both ELA Core and Reading Intervention,KG - 02
000598,Coshocton Opportunity School,2024–2025,Community School,Other published instr materials incl on Dept approved list,09 - 12,Implemented,Both ELA Core and Reading Intervention,N/A,N/A
043828,Coshocton City,2024–2025,Public District,HMH Into Reading 2020 (Houghton Mifflin Harcourt),06 - 12,Implemented,Both ELA Core and Reading Intervention,ELA Core,KG - 05
043828,Coshocton City,2024–2025,Public District,HMH Into Reading 2020 (Houghton Mifflin Harcourt),KG - 05,Implemented,Both ELA Core and Reading Intervention,ELA Core,KG - 05
047431,Cory-Rawson Local,2024–2025,Public District,UFLI Foundations: An Explicit and Systematic Phonics Program (Ventris Learning/ULFI),KG - 02,Implemented,Both ELA Core and Reading Intervention,Both ELA Core and Reading Intervention,KG - 02
047431,Cory-Rawson Local,2024–2025,Public District,UFLI Foundations: An Explicit and Systematic Phonics Program (Ventris Learning/ULFI),03 - 05,Implemented,Reading Intervention,Both ELA Core and Reading Intervention,KG - 02
133439,Cornerstone Academy Community School,2024–2025,Community School,Fundations (Wilson Language Training),KG - 02,Implemented,ELA Core,Both ELA Core and Reading Intervention,KG - 02
133439,Cornerstone Academy Community School,2024–2025,Community School,Other published instr materials incl on Dept approved list,KG - 08,Implemented,Both ELA Core and Reading Intervention,N/A,N/A
133439,Cornerstone Academy Community School,2024–2025,Community School,Other published instr materials not on Dept list,KG - 08,Implemented,Both ELA Core and Reading Intervention,N/A,N/A
133439,Cornerstone Academy Community School,2024–2025,Community School,Wit & Wisdom (Great Minds),KG - 04,Implemented,ELA Core,ELA Core,03 - 05
049981,Copley-Fairlawn City,2024–2025,Public District,Benchmark Advance or Literacy (Benchmark Education),05 - 05,Implemented,ELA Core,ELA Core,KG - 05
049981,Copley-Fairlawn City,2024–2025,Public District,Other published instr materials incl on Dept approved list,09 - 12,Implemented,Reading Intervention,N/A,N/A
049981,Copley-Fairlawn City,2024–2025,Public District,Other published instr materials incl on Dept approved list,KG - 08,Implemented,Reading Intervention,N/A,N/A
049981,Copley-Fairlawn City,2024–2025,Public District,UFLI Foundations: An Explicit and Systematic Phonics Program (Ventris Learning/ULFI),KG - 06,Implemented,Reading Intervention,Both ELA Core and Reading Intervention,KG - 02
049981,Copley-Fairlawn City,2024–2025,Public District,Wonders 2020 (McGraw Hill),KG - 04,Implemented,ELA Core,ELA Core,KG - 05
049320,Continental Local,2024–2025,Public District,Amplify CKLA K-2 Skills (Amplify),KG - 02,Implemented,Reading Intervention,ELA Core,KG - 02
049320,Continental Local,2024–2025,Public District,Amplify CKLA K-5 Core Comprehensive (Amplify),KG - 05,Implemented,ELA Core,ELA Core,KG - 05
049320,Continental Local,2024–2025,Public District,Amplify CKLA PreK (Amplify),PS - PS,Implemented,Both ELA Core and Reading Intervention,PreK Core,PS - PS
049320,Continental Local,2024–2025,Public District,Other published instr materials incl on Dept approved list,06 - 06,Implemented,Both ELA Core and Reading Intervention,N/A,N/A
049320,Continental Local,2024–2025,Public District,Other published instr materials incl on Dept approved list,07 - 12,Implemented,ELA Core,N/A,N/A
009149,Constellation Schools: Westside Community School Of The Arts,2024–2025,Community School,Other published instr materials incl on Dept approved list,KG - 05,Implemented,Reading Intervention,N/A,N/A
009149,Constellation Schools: Westside Community School Of The Arts,2024–2025,Community School,Wonders 2023 (McGraw Hill),KG - 05,Implemented,ELA Core,ELA Core,KG - 05
000316,Constellation Schools: Westpark Community Middle,2024–2025,Community School,Other published instr materials incl on Dept approved list,05 - 05,Implemented,Reading Intervention,N/A,N/A
000316,Constellation Schools: Westpark Community Middle,2024–2025,Community School,Wonders 2023 (McGraw Hill),05 - 05,Implemented,Both ELA Core and Reading Intervention,ELA Core,KG - 05
132993,Constellation Schools: Westpark Community Elementary,2024–2025,Community School,Other published instr materials incl on Dept approved list,KG - 04,Implemented,Reading Intervention,N/A,N/A
132993,Constellation Schools: Westpark Community Elementary,2024–2025,Community School,Wonders 2023 (McGraw Hill),KG - 04,Implemented,Both ELA Core and Reading Intervention,ELA Core,KG - 05
012025,Constellation Schools: Stockyard Community Middle,2024–2025,Community School,Other published instr materials incl on Dept approved list,05 - 05,Implemented,Reading Intervention,N/A,N/A
012025,Constellation Schools: Stockyard Community Middle,2024–2025,Community School,Wonders 2023 (McGraw Hill),05 - 05,Implemented,Both ELA Core and Reading Intervention,ELA Core,KG - 05
143487,Constellation Schools: Stockyard Community Elementary,2024–2025,Community School,Foundations A-Z (Learning A-Z),KG - 05,Implemented,Both ELA Core and Reading Intervention,ELA Core,KG - 02
143487,Constellation Schools: Stockyard Community Elementary,2024–2025,Community School,Other published instr materials incl on Dept approved list,KG - 04,Implemented,Reading Intervention,N/A,N/A
143487,Constellation Schools: Stockyard Community Elementary,2024–2025,Community School,Wonders 2023 (McGraw Hill),KG - 04,Implemented,Both ELA Core and Reading Intervention,ELA Core,KG - 05
000534,Constellation Schools: Puritas Community Middle,2024–2025,Community School,Other published instr materials incl on Dept approved list,05 - 08,Implemented,Reading Intervention,N/A,N/A
000534,Constellation Schools: Puritas Community Middle,2024–2025,Community School,Wonders 2023 (McGraw Hill),05 - 08,Implemented,Both ELA Core and Reading Intervention,ELA Core,KG - 05
143479,Constellation Schools: Puritas Community Elementary,2024–2025,Community School,Other published instr materials incl on Dept approved list,KG - 04,Implemented,Reading Intervention,N/A,N/A
143479,Constellation Schools: Puritas Community Elementary,2024–2025,Community School,Wonders 2023 (McGraw Hill),KG - 04,Implemented,Both ELA Core and Reading Intervention,ELA Core,KG - 05
133256,Constellation Schools: Parma Community,2024–2025,Community School,Other published instr materials incl on Dept approved list,KG - 08,Implemented,Reading Intervention,N/A,N/A
133256,Constellation Schools: Parma Community,2024–2025,Community School,UFLI Foundations: An Explicit and Systematic Phonics Program (Ventris Learning/ULFI),04 - 06,Implemented,Reading Intervention,Both ELA Core and Reading Intervention,KG - 02
133256,Constellation Schools: Parma Community,2024–2025,Community School,Wonders 2023 (McGraw Hill),KG - 06,Implemented,Both ELA Core and Reading Intervention,ELA Core,KG - 05
000321,Constellation Schools: Old Brooklyn Community Middle,2024–2025,Community School,Wonders 2023 (McGraw Hill),05 - 05,Implemented,Both ELA Core and Reading Intervention,ELA Core,KG - 05
134098,Constellation Schools: Old Brooklyn Community Elementary,2024–2025,Community School,Other published instr materials incl on Dept approved list,KG - 04,Implemented,Reading Intervention,N/A,N/A
134098,Constellation Schools: Old Brooklyn Community Elementary,2024–2025,Community School,UFLI Foundations: An Explicit and Systematic Phonics Program (Ventris Learning/ULFI),KG - 04,Implemented,Reading Intervention,Both ELA Core and Reading Intervention,KG - 02
134098,Constellation Schools: Old Brooklyn Community Elementary,2024–2025,Community School,Wonders 2023 (McGraw Hill),KG - 04,Implemented,Both ELA Core and Reading Intervention,ELA Core,KG - 05
000319,Constellation Schools: Madison Community Elementary,2024–2025,Community School,Other published instr materials incl on Dept approved list,KG - 05,Implemented,Both ELA Core and Reading Intervention,N/A,N/A
000319,Constellation Schools: Madison Community Elementary,2024–2025,Community School,Wonders 2023 (McGraw Hill),KG - 05,Implemented,Both ELA Core and Reading Intervention,ELA Core,KG - 05
000320,Constellation Schools: Lorain Community Middle,2024–2025,Community School,Other published instr materials incl on Dept approved list,07 - 08,Implemented,Both ELA Core and Reading Intervention,N/A,N/A
000320,Constellation Schools: Lorain Community Middle,2024–2025,Community School,Other published instr materials incl on Dept approved list,05 - 05,Implemented,Reading Intervention,N/A,N/A
000320,Constellation Schools: Lorain Community Middle,2024–2025,Community School,Wonders 2023 (McGraw Hill),05 - 06,Implemented,ELA Core,ELA Core,KG - 05
132951,Constellation Schools: Lorain Community Elementary,2024–2025,Community School,Other published instr materials incl on Dept approved list,KG - 04,Implemented,Reading Intervention,N/A,N/A
132951,Constellation Schools: Lorain Community Elementary,2024–2025,Community School,Wonders 2023 (McGraw Hill),KG - 04,Implemented,Both ELA Core and Reading Intervention,ELA Core,KG - 05
132969,Constellation Schools: Elyria Community,2024–2025,Community School,Other published instr materials incl on Dept approved list,07 - 08,Implemented,Both ELA Core and Reading Intervention,N/A,N/A
132969,Constellation Schools: Elyria Community,2024–2025,Community School,Wonders 2023 (McGraw Hill),KG - 06,Implemented,Both ELA Core and Reading Intervention,ELA Core,KG - 05
012671,Constellation Schools: Eastside Arts Academy,2024–2025,Community School,Other published instr materials incl on Dept approved list,KG - 05,Implemented,Reading Intervention,N/A,N/A
012671,Constellation Schools: Eastside Arts Academy,2024–2025,Community School,Wonders 2023 (McGraw Hill),KG - 05,Implemented,Both ELA Core and Reading Intervention,ELA Core,KG - 05
047548,Conotton Valley Union Local,2024–2025,Public District,Wonders 2023 (McGraw Hill),PS - 04,Implemented,Both ELA Core and Reading Intervention,ELA Core,KG - 05
043810,Conneaut Area City,2024–2025,Public District,"Creative Curriculum (Teaching Strategies, LLC)",PS - PS,Implemented,Both ELA Core and Reading Intervention,PreK Core,PS - PS
043810,Conneaut Area City,2024–2025,Public District,Fundations (Wilson Language Training),01 - 02,Implemented,Both ELA Core and Reading Intervention,Both ELA Core and Reading Intervention,KG - 02
043810,Conneaut Area City,2024–2025,Public District,Fundations (Wilson Language Training),03 - 03,Implemented,Reading Intervention,Both ELA Core and Reading Intervention,KG - 02
043810,Conneaut Area City,2024–2025,Public District,Fundations (Wilson Language Training),PS - PS,Implemented,Reading Intervention,Both ELA Core and Reading Intervention,KG - 02
043810,Conneaut Area City,2024–2025,Public District,Other published instr materials not on Dept list,03 - 12,Implemented,Reading Intervention,N/A,N/A
043810,Conneaut Area City,2024–2025,Public District,UFLI Foundations: An Explicit and Systematic Phonics Program (Ventris Learning/ULFI),KG - 04,Implemented,Reading Intervention,Both ELA Core and Reading Intervention,KG - 02
019602,Community Ste(A)M Academy - Xenia,2024–2025,STEM,Other published instr materials not on Dept list,04 - 10,Implemented,Both ELA Core and Reading Intervention,N/A,N/A
000952,Columbus Preparatory And Fitness Academy,2024–2025,Community School,HMH Into Reading 2020 (Houghton Mifflin Harcourt),KG - 05,Implemented,ELA Core,ELA Core,KG - 05
000558,Columbus Preparatory Academy,2024–2025,Community School,Foundations A-Z (Learning A-Z),KG - 12,Implemented,Reading Intervention,ELA Core,KG - 02
000558,Columbus Preparatory Academy,2024–2025,Community School,Wonders 2023 (McGraw Hill),KG - 05,Implemented,ELA Core,ELA Core,KG - 05
012011,Columbus Performance Academy,2024–2025,Community School,HMH Into Reading 2020 (Houghton Mifflin Harcourt),KG - 05,Implemented,ELA Core,ELA Core,KG - 05
021448,Columbus Noor Academy,2024–2025,Community School,Imagine Learning EL Education (Imagine Learning),KG - 05,Implemented,ELA Core,ELA Core,KG - 05
021448,Columbus Noor Academy,2024–2025,Community School,UFLI Foundations: An Explicit and Systematic Phonics Program (Ventris Learning/ULFI),KG - 05,Implemented,Reading Intervention,Both ELA Core and Reading Intervention,KG - 02
000553,"Columbus Humanities, Arts And Technology Academy",2024–2025,Community School,Amplify CKLA K-5 Core Comprehensive (Amplify),KG - 08,Implemented,Both ELA Core and Reading Intervention,ELA Core,KG - 05
049312,Columbus Grove Local,2024–2025,Public District,Amplify CKLA K-5 Core Comprehensive (Amplify),02 - 06,Implemented,ELA Core,ELA Core,KG - 05
049312,Columbus Grove Local,2024–2025,Public District,UFLI Foundations: An Explicit and Systematic Phonics Program (Ventris Learning/ULFI),KG - 06,Implemented,Reading Intervention,Both ELA Core and Reading Intervention,KG - 02
049312,Columbus Grove Local,2024–2025,Public District,Wonders 2020 (McGraw Hill),KG - 01,Implemented,ELA Core,ELA Core,KG - 05
043802,Columbus City Schools District,2024–2025,Public District,Fundations (Wilson Language Training),KG - 03,Implemented,Both ELA Core and Reading Intervention,Both ELA Core and Reading Intervention,KG - 02
043802,Columbus City Schools District,2024–2025,Public District,HMH Into Reading 2020 (Houghton Mifflin Harcourt),KG - 05,Implemented,ELA Core,ELA Core,KG - 05
043802,Columbus City Schools District,2024–2025,Public District,Other published instr materials incl on Dept approved list,06 - 12,Implemented,Both ELA Core and Reading Intervention,N/A,N/A
043802,Columbus City Schools District,2024–2025,Public District,Other published instr materials incl on Dept approved list,PS - 05,Implemented,Reading Intervention,N/A,N/A
043802,Columbus City Schools District,2024–2025,Public District,Other published instr materials not on Dept list,PS - PS,Implemented,ELA Core,N/A,N/A
043802,Columbus City Schools District,2024–2025,Public District,Other published instr materials not on Dept list,09 - 11,Implemented,Reading Intervention,N/A,N/A
043802,Columbus City Schools District,2024–2025,Public District,PreK On My Way (Scholastic),PS - PS,Implemented,ELA Core,PreK Core,PS - PS
043802,Columbus City Schools District,2024–2025,Public District,UFLI Foundations: An Explicit and Systematic Phonics Program (Ventris Learning/ULFI),KG - 03,Implemented,Reading Intervention,Both ELA Core and Reading Intervention,KG - 02
021487,Columbus Bilingual West,2024–2025,Community School,HMH Into Reading 2020 (Houghton Mifflin Harcourt),KG - 05,Implemented,Both ELA Core and Reading Intervention,ELA Core,KG - 05
011468,Columbus Bilingual Academy-North,2024–2025,Community School,HMH Into Reading 2020 (Houghton Mifflin Harcourt),KG - 08,Implemented,Both ELA Core and Reading Intervention,ELA Core,KG - 05
000557,Columbus Arts & Technology Academy,2024–2025,Community School,Amplify CKLA K-5 Core Comprehensive (Amplify),KG - 05,Implemented,ELA Core,ELA Core,KG - 05
000557,Columbus Arts & Technology Academy,2024–2025,Community School,Fundations (Wilson Language Training),KG - 03,Implemented,Reading Intervention,Both ELA Core and Reading Intervention,KG - 02
000557,Columbus Arts & Technology Academy,2024–2025,Community School,Other published instr materials incl on Dept approved list,KG - 03,Implemented,Both ELA Core and Reading Intervention,N/A,N/A
045328,Columbiana Exempted Village,2024–2025,Public District,HD Word (Really Great Reading),KG - 04,Implemented,Reading Intervention,Both ELA Core and Reading Intervention,02 - 02
045328,Columbiana Exempted Village,2024–2025,Public District,Wonders 2023 (McGraw Hill),05 - 05,Implemented,ELA Core,ELA Core,KG - 05
045328,Columbiana Exempted Village,2024–2025,Public District,Wonders 2023 (McGraw Hill),KG - 04,Implemented,ELA Core,ELA Core,KG - 05
045328,Columbiana Exempted Village,2024–2025,Public District,World of Wonders (McGraw Hill),PS - PS,Implemented,ELA Core,PreK Core,PS - PS
046417,Columbiana County Esc,2024–2025,Educational Service Center,Frog Street Threes and/or Frog Street PreK (FrogStreet),PS - PS,Implemented,Both ELA Core and Reading Intervention,PreK Core,PS - PS
048140,Columbia Local,2024–2025,Public District,Amplify CKLA K-5 Core Comprehensive (Amplify),KG - 08,Implemented,ELA Core,ELA Core,KG - 05
048140,Columbia Local,2024–2025,Public District,Blast Foundations (Really Great Reading),KG - 04,Implemented,Reading Intervention,Both ELA Core and Reading Intervention,01 - 01
048140,Columbia Local,2024–2025,Public District,"Creative Curriculum (Teaching Strategies, LLC)",PS - PS,Implemented,Both ELA Core and Reading Intervention,PreK Core,PS - PS
048140,Columbia Local,2024–2025,Public District,Other published instr materials incl on Dept approved list,09 - 12,Implemented,ELA Core,N/A,N/A
048140,Columbia Local,2024–2025,Public District,Other published instr materials incl on Dept approved list,KG - 08,Implemented,Reading Intervention,N/A,N/A
046516,Colonel Crawford Local,2024–2025,Public District,Amplify CKLA K-5 Core Comprehensive (Amplify),KG - 05,Implemented,ELA Core,ELA Core,KG - 05
046516,Colonel Crawford Local,2024–2025,Public District,HMH Into Reading 2020 (Houghton Mifflin Harcourt),06 - 08,Implemented,ELA Core,ELA Core,KG - 05
046516,Colonel Crawford Local,2024–2025,Public District,Other published instr materials incl on Dept approved list,09 - 12,Implemented,Both ELA Core and Reading Intervention,N/A,N/A
046516,Colonel Crawford Local,2024–2025,Public District,Other published instr materials incl on Dept approved list,06 - 08,Implemented,Reading Intervention,N/A,N/A
046516,Colonel Crawford Local,2024–2025,Public District,Other published instr materials incl on Dept approved list,KG - 05,Implemented,Reading Intervention,N/A,N/A
045310,Coldwater Exempted Village,2024–2025,Public District,95 Phonics Core Program (95 Percent Group),KG - 05,Implemented,Both ELA Core and Reading Intervention,ELA Core,KG - 02
045310,Coldwater Exempted Village,2024–2025,Public District,"Creative Curriculum (Teaching Strategies, LLC)",PS - PS,Implemented,Both ELA Core and Reading Intervention,PreK Core,PS - PS
045310,Coldwater Exempted Village,2024–2025,Public District,Other published instr materials incl on Dept approved list,KG - 12,Implemented,Reading Intervention,N/A,N/A
045310,Coldwater Exempted Village,2024–2025,Public District,Other published instr materials not on Dept list,KG - 01,Implemented,ELA Core,N/A,N/A
045310,Coldwater Exempted Village,2024–2025,Public District,Other published instr materials not on Dept list,01 - 03,Implemented,Reading Intervention,N/A,N/A
045310,Coldwater Exempted Village,2024–2025,Public District,Other published instr materials not on Dept list,01 - 12,Implemented,Reading Intervention,N/A,N/A
045310,Coldwater Exempted Village,2024–2025,Public District,Other published instr materials not on Dept list,KG - KG,Implemented,Reading Intervention,N/A,N/A
045310,Coldwater Exempted Village,2024–2025,Public District,UFLI Foundations: An Explicit and Systematic Phonics Program (Ventris Learning/ULFI),KG - 02,Implemented,Reading Intervention,Both ELA Core and Reading Intervention,KG - 02
045310,Coldwater Exempted Village,2024–2025,Public District,Wonders 2023 (McGraw Hill),01 - 05,Implemented,ELA Core,ELA Core,KG - 05
045302,Clyde-Green Springs Exempted Village,2024–2025,Public District,Blast Foundations (Really Great Reading),01 - 01,Implemented,Both ELA Core and Reading Intervention,Both ELA Core and Reading Intervention,01 - 01
045302,Clyde-Green Springs Exempted Village,2024–2025,Public District,Countdown (Really Great Reading),KG - KG,Implemented,Both ELA Core and Reading Intervention,Both ELA Core and Reading Intervention,KG - KG
045302,Clyde-Green Springs Exempted Village,2024–2025,Public District,Fundations (Wilson Language Training),PS - 03,Implemented,Both ELA Core and Reading Intervention,Both ELA Core and Reading Intervention,KG - 02
045302,Clyde-Green Springs Exempted Village,2024–2025,Public District,HD Word (Really Great Reading),02 - 03,Implemented,Both ELA Core and Reading Intervention,Both ELA Core and Reading Intervention,02 - 02
045302,Clyde-Green Springs Exempted Village,2024–2025,Public District,Other published instr materials incl on Dept approved list,04 - 05,Implemented,Reading Intervention,N/A,N/A
045302,Clyde-Green Springs Exempted Village,2024–2025,Public District,Other published instr materials incl on Dept approved list,KG - 05,Implemented,Reading Intervention,N/A,N/A
045302,Clyde-Green Springs Exempted Village,2024–2025,Public District,Other published instr materials not on Dept list,PS - 03,Implemented,Both ELA Core and Reading Intervention,N/A,N/A
048488,Cloverleaf Local,2024–2025,Public District,"MyView Literacy (Savvas Learning Company, formerly Pearson)",04 - 05,Implemented,ELA Core,ELA Core,KG - 05
048488,Cloverleaf Local,2024–2025,Public District,Other published instr materials not on Dept list,PS - PS,Implemented,ELA Core,N/A,N/A
048488,Cloverleaf Local,2024–2025,Public District,Wonders 2023 (McGraw Hill),KG - 03,Implemented,ELA Core,ELA Core,KG - 05
046391,Clinton-Massie Local,2024–2025,Public District,HMH Into Reading 2020 (Houghton Mifflin Harcourt),KG - 05,Implemented,ELA Core,ELA Core,KG - 05
046391,Clinton-Massie Local,2024–2025,Public District,Other published instr materials incl on Dept approved list,06 - 08,Implemented,Both ELA Core and Reading Intervention,N/A,N/A
046391,Clinton-Massie Local,2024–2025,Public District,Other published instr materials incl on Dept approved list,09 - 12,Implemented,Both ELA Core and Reading Intervention,N/A,N/A
046391,Clinton-Massie Local,2024–2025,Public District,Other published instr materials incl on Dept approved list,KG - 05,Implemented,Reading Intervention,N/A,N/A
046391,Clinton-Massie Local,2024–2025,Public District,Other published instr materials incl on Dept approved list,PS - PS,Implemented,Reading Intervention,N/A,N/A
046391,Clinton-Massie Local,2024–2025,Public District,PreK On My Way (Scholastic),PS - PS,Implemented,ELA Core,PreK Core,PS - PS
132795,Cliff Park High School,2024–2025,Community School,Other published instr materials incl on Dept approved list,09 - 12,Implemented,Reading Intervention,N/A,N/A
013199,Cleveland Preparatory Academy,2024–2025,Community School,HMH Into Reading 2020 (Houghton Mifflin Harcourt),KG - 05,Implemented,ELA Core,ELA Core,KG - 05
043786,Cleveland Municipal,2024–2025,Public District,HMH Into Reading 2020 (Houghton Mifflin Harcourt),KG - 05,Implemented,ELA Core,ELA Core,KG - 05
043786,Cleveland Municipal,2024–2025,Public District,Other published instr materials incl on Dept approved list,09 - 12,Implemented,Reading Intervention,N/A,N/A
043786,Cleveland Municipal,2024–2025,Public District,Other published instr materials not on Dept list,09 - 12,Implemented,ELA Core,N/A,N/A
043786,Cleveland Municipal,2024–2025,Public District,Other published instr materials not on Dept list,PS - PS,Implemented,Reading Intervention,N/A,N/A
043786,Cleveland Municipal,2024–2025,Public District,PreK On My Way (Scholastic),PS - PS,Implemented,ELA Core,PreK Core,PS - PS
043794,Cleveland Heights-University Heights City,2024–2025,Public District,95 Phonics Core Program (95 Percent Group),01 - 05,Implemented,ELA Core,ELA Core,KG - 02
043794,Cleveland Heights-University Heights City,2024–2025,Public District,Other published instr materials incl on Dept approved list,KG - KG,Implemented,ELA Core,N/A,N/A
043794,Cleveland Heights-University Heights City,2024–2025,Public District,Other published instr materials incl on Dept approved list,KG - 02,Implemented,Reading Intervention,N/A,N/A
043794,Cleveland Heights-University Heights City,2024–2025,Public District,Other published instr materials incl on Dept approved list,KG - 05,Implemented,Reading Intervention,N/A,N/A
043794,Cleveland Heights-University Heights City,2024–2025,Public District,Wonders 2023 (McGraw Hill),KG - 05,Implemented,ELA Core,ELA Core,KG - 05
012010,Cleveland College Preparatory School,2024–2025,Community School,HMH Into Reading 2020 (Houghton Mifflin Harcourt),KG - 05,Implemented,ELA Core,ELA Core,KG - 05
012010,Cleveland College Preparatory School,2024–2025,Community School,Other published instr materials incl on Dept approved list,KG - 08,Implemented,Reading Intervention,N/A,N/A
007995,Cleveland Arts And Social Sciences Academy,2024–2025,Community School,HMH Into Reading 2020 (Houghton Mifflin Harcourt),KG - 05,Implemented,Both ELA Core and Reading Intervention,ELA Core,KG - 05
007995,Cleveland Arts And Social Sciences Academy,2024–2025,Community School,Lexia Core 5 Reading (Lexia),KG - 05,Implemented,Reading Intervention,Both ELA Core and Reading Intervention,KG - 02
007995,Cleveland Arts And Social Sciences Academy,2024–2025,Community School,Other published instr materials incl on Dept approved list,06 - 08,Implemented,ELA Core,N/A,N/A
007995,Cleveland Arts And Social Sciences Academy,2024–2025,Community School,Other published instr materials incl on Dept approved list,06 - 08,Implemented,Reading Intervention,N/A,N/A
046326,Clermont Northeastern Local,2024–2025,Public District,Other published instr materials incl on Dept approved list,06 - 08,Implemented,Reading Intervention,N/A,N/A
046326,Clermont Northeastern Local,2024–2025,Public District,Other published instr materials incl on Dept approved list,09 - 12,Implemented,Reading Intervention,N/A,N/A
046326,Clermont Northeastern Local,2024–2025,Public District,Other published instr materials incl on Dept approved list,KG - 05,Implemented,Reading Intervention,N/A,N/A
046326,Clermont Northeastern Local,2024–2025,Public District,PreK On My Way (Scholastic),PS - PS,Implemented,ELA Core,PreK Core,PS - PS
046326,Clermont Northeastern Local,2024–2025,Public District,UFLI Foundations: An Explicit and Systematic Phonics Program (Ventris Learning/ULFI),KG - 05,Implemented,Reading Intervention,Both ELA Core and Reading Intervention,KG - 02
048132,Clearview Local,2024–2025,Public District,Open Court Reading 2023 (McGraw Hill),KG - 02,Implemented,ELA Core,ELA Core,KG - 05
048132,Clearview Local,2024–2025,Public District,UFLI Foundations: An Explicit and Systematic Phonics Program (Ventris Learning/ULFI),KG - 04,Implemented,Reading Intervention,Both ELA Core and Reading Intervention,KG - 02
048132,Clearview Local,2024–2025,Public District,Wonders 2023 (McGraw Hill),03 - 06,Implemented,ELA Core,ELA Core,KG - 05
049411,Clear Fork Valley Local,2024–2025,Public District,Fundations (Wilson Language Training),06 - 08,Implemented,Reading Intervention,Both ELA Core and Reading Intervention,KG - 02
049411,Clear Fork Valley Local,2024–2025,Public District,Fundations (Wilson Language Training),09 - 12,Implemented,Reading Intervention,Both ELA Core and Reading Intervention,KG - 02
049411,Clear Fork Valley Local,2024–2025,Public District,Fundations (Wilson Language Training),PS - 05,Implemented,Reading Intervention,Both ELA Core and Reading Intervention,KG - 02
049411,Clear Fork Valley Local,2024–2025,Public District,HMH Into Reading 2020 (Houghton Mifflin Harcourt),KG - 05,Implemented,ELA Core,ELA Core,KG - 05
049411,Clear Fork Valley Local,2024–2025,Public District,PreK On My Way (Scholastic),PS - PS,Implemented,ELA Core,PreK Core,PS - PS
043778,Claymont City,2024–2025,Public District,Fundations (Wilson Language Training),KG - 03,Implemented,ELA Core,Both ELA Core and Reading Intervention,KG - 02
043778,Claymont City,2024–2025,Public District,Fundations (Wilson Language Training),PS - PS,Implemented,ELA Core,Both ELA Core and Reading Intervention,KG - 02
043778,Claymont City,2024–2025,Public District,Other published instr materials incl on Dept approved list,06 - 10,Implemented,Reading Intervention,N/A,N/A
043778,Claymont City,2024–2025,Public District,Other published instr materials incl on Dept approved list,KG - 12,Implemented,Reading Intervention,N/A,N/A
043778,Claymont City,2024–2025,Public District,Other published instr materials not on Dept list,PS - 03,Implemented,ELA Core,N/A,N/A
043778,Claymont City,2024–2025,Public District,PreK On My Way (Scholastic),PS - PS,Implemented,ELA Core,PreK Core,PS - PS
043778,Claymont City,2024–2025,Public District,Wonders 2020 (McGraw Hill),KG - 05,Implemented,ELA Core,ELA Core,KG - 05
049601,Clay Local,2024–2025,Public District,"Creative Curriculum (Teaching Strategies, LLC)",PS - PS,Implemented,Both ELA Core and Reading Intervention,PreK Core,PS - PS
049601,Clay Local,2024–2025,Public District,HMH Into Reading 2020 (Houghton Mifflin Harcourt),KG - 05,Implemented,Both ELA Core and Reading Intervention,ELA Core,KG - 05
049601,Clay Local,2024–2025,Public District,Other published instr materials incl on Dept approved list,KG - 05,Implemented,Reading Intervention,N/A,N/A
046284,Clark-Shawnee Local,2024–2025,Public District,Amplify CKLA K-5 Core Comprehensive (Amplify),KG - 06,Implemented,ELA Core,ELA Core,KG - 05
046227,Clark County Esc,2024–2025,Educational Service Center,"Creative Curriculum (Teaching Strategies, LLC)",PS - PS,Implemented,Both ELA Core and Reading Intervention,PreK Core,PS - PS
134247,City Day Community School,2024–2025,Community School,Other published instr materials incl on Dept approved list,06 - 08,Implemented,Both ELA Core and Reading Intervention,N/A,N/A
134247,City Day Community School,2024–2025,Community School,Wonders 2023 (McGraw Hill),KG - 05,Implemented,Both ELA Core and Reading Intervention,ELA Core,KG - 05
016843,Citizens Leadership Academy East,2024–2025,Community School,Fundations (Wilson Language Training),KG - 02,Implemented,ELA Core,Both ELA Core and Reading Intervention,KG - 02
016843,Citizens Leadership Academy East,2024–2025,Community School,Wit & Wisdom (Great Minds),KG - 08,Implemented,ELA Core,ELA Core,03 - 05
015261,Citizens Academy Southeast,2024–2025,Community School,Fundations (Wilson Language Training),KG - 02,Implemented,ELA Core,Both ELA Core and Reading Intervention,KG - 02
015261,Citizens Academy Southeast,2024–2025,Community School,Wit & Wisdom (Great Minds),KG - 08,Implemented,ELA Core,ELA Core,03 - 05
043760,Circleville City,2024–2025,Public District,Fundations (Wilson Language Training),KG - 02,Implemented,Both ELA Core and Reading Intervention,Both ELA Core and Reading Intervention,KG - 02
043760,Circleville City,2024–2025,Public District,Fundations (Wilson Language Training),PS - PS,Implemented,Reading Intervention,Both ELA Core and Reading Intervention,KG - 02
043760,Circleville City,2024–2025,Public District,High Scope Preschool Curriculum (HighScope),PS - PS,Implemented,ELA Core,PreK Core,PS - PS
043760,Circleville City,2024–2025,Public District,Lexia Core 5 Reading (Lexia),KG - 05,Implemented,Reading Intervention,Both ELA Core and Reading Intervention,KG - 02
043760,Circleville City,2024–2025,Public District,Other published instr materials incl on Dept approved list,06 - 12,Implemented,ELA Core,N/A,N/A
043760,Circleville City,2024–2025,Public District,Other published instr materials incl on Dept approved list,06 - 08,Implemented,Reading Intervention,N/A,N/A
043760,Circleville City,2024–2025,Public District,Other published instr materials incl on Dept approved list,06 - 12,Implemented,Reading Intervention,N/A,N/A
043760,Circleville City,2024–2025,Public District,Wonders 2023 (McGraw Hill),KG - 05,Implemented,ELA Core,ELA Core,KG - 05
013864,Cincinnati Technology Academy,2024–2025,Community School,HMH Into Reading 2020 (Houghton Mifflin Harcourt),KG - 05,Implemented,ELA Core,ELA Core,KG - 05
013864,Cincinnati Technology Academy,2024–2025,Community School,Other published instr materials incl on Dept approved list,06 - 08,Implemented,ELA Core,N/A,N/A
013864,Cincinnati Technology Academy,2024–2025,Community School,Other published instr materials incl on Dept approved list,03 - 08,Implemented,Reading Intervention,N/A,N/A
013864,Cincinnati Technology Academy,2024–2025,Community School,Other published instr materials not on Dept list,KG - 03,Implemented,Reading Intervention,N/A,N/A
013864,Cincinnati Technology Academy,2024–2025,Community School,Other published instr materials not on Dept list,KG - 05,Implemented,Reading Intervention,N/A,N/A
133512,Cincinnati College Preparatory Academy,2024–2025,Community School,Other published instr materials incl on Dept approved list,04 - 08,Implemented,Both ELA Core and Reading Intervention,N/A,N/A
133512,Cincinnati College Preparatory Academy,2024–2025,Community School,Other published instr materials incl on Dept approved list,KG - 03,Implemented,Both ELA Core and Reading Intervention,N/A,N/A
133512,Cincinnati College Preparatory Academy,2024–2025,Community School,Other published instr materials incl on Dept approved list,09 - 12,Implemented,Reading Intervention,N/A,N/A
019530,Cincinnati Classical Academy,2024–2025,Community School,Other published instr materials incl on Dept approved list,KG - 08,Implemented,ELA Core,N/A,N/A
016850,Cincinnati Achievement Academy,2024–2025,Community School,HMH Into Reading 2020 (Houghton Mifflin Harcourt),KG - 05,Implemented,ELA Core,ELA Core,KG - 05
016850,Cincinnati Achievement Academy,2024–2025,Community School,Other published instr materials incl on Dept approved list,06 - 08,Implemented,ELA Core,N/A,N/A
016850,Cincinnati Achievement Academy,2024–2025,Community School,Other published instr materials incl on Dept approved list,KG - 03,Implemented,Reading Intervention,N/A,N/A
016850,Cincinnati Achievement Academy,2024–2025,Community School,Other published instr materials not on Dept list,03 - 08,Implemented,Reading Intervention,N/A,N/A
016850,Cincinnati Achievement Academy,2024–2025,Community School,Other published instr materials not on Dept list,KG - 04,Implemented,Reading Intervention,N/A,N/A
043745,Chillicothe City,2024–2025,Public District,"Creative Curriculum (Teaching Strategies, LLC)",PS - PS,Implemented,Both ELA Core and Reading Intervention,PreK Core,PS - PS
045294,Chesapeake Union Exempted Village,2024–2025,Public District,95 Phonics Core Program (95 Percent Group),KG - 03,Implemented,ELA Core,ELA Core,KG - 02
045294,Chesapeake Union Exempted Village,2024–2025,Public District,"Creative Curriculum (Teaching Strategies, LLC)",PS - PS,Implemented,Both ELA Core and Reading Intervention,PreK Core,PS - PS
045294,Chesapeake Union Exempted Village,2024–2025,Public District,HMH Into Reading 2020 (Houghton Mifflin Harcourt),02 - 04,Implemented,ELA Core,ELA Core,KG - 05
045294,Chesapeake Union Exempted Village,2024–2025,Public District,Other published instr materials incl on Dept approved list,PS - 12,Implemented,Reading Intervention,N/A,N/A
045294,Chesapeake Union Exempted Village,2024–2025,Public District,Wonders 2020 (McGraw Hill),05 - 05,Implemented,ELA Core,ELA Core,KG - 05
007999,Charles School At Ohio Dominican University,2024–2025,Community School,Other published instr materials incl on Dept approved list,09 - 12,Implemented,Reading Intervention,N/A,N/A
047183,Chardon Local,2024–2025,Public District,Fundations (Wilson Language Training),KG - 03,Implemented,Reading Intervention,Both ELA Core and Reading Intervention,KG - 02
047183,Chardon Local,2024–2025,Public District,Lexia Core 5 Reading (Lexia),KG - 05,Implemented,Reading Intervention,Both ELA Core and Reading Intervention,KG - 02
047183,Chardon Local,2024–2025,Public District,Wit & Wisdom (Great Minds),KG - 05,Implemented,ELA Core,ELA Core,03 - 05
050138,Champion Local,2024–2025,Public District,Blast Foundations (Really Great Reading),01 - 02,Implemented,Both ELA Core and Reading Intervention,Both ELA Core and Reading Intervention,01 - 01
050138,Champion Local,2024–2025,Public District,Countdown (Really Great Reading),KG - 01,Implemented,Both ELA Core and Reading Intervention,Both ELA Core and Reading Intervention,KG - KG
050138,Champion Local,2024–2025,Public District,HD Word (Really Great Reading),02 - 04,Implemented,Both ELA Core and Reading Intervention,Both ELA Core and Reading Intervention,02 - 02
050138,Champion Local,2024–2025,Public District,HD Word (Really Great Reading),05 - 05,Implemented,ELA Core,Both ELA Core and Reading Intervention,02 - 02
050138,Champion Local,2024–2025,Public District,Other published instr materials not on Dept list,09 - 10,Implemented,Reading Intervention,N/A,N/A
050138,Champion Local,2024–2025,Public District,UFLI Foundations: An Explicit and Systematic Phonics Program (Ventris Learning/ULFI),KG - 04,Implemented,Reading Intervention,Both ELA Core and Reading Intervention,KG - 02
050138,Champion Local,2024–2025,Public District,Wonders 2020 (McGraw Hill),05 - 05,Implemented,ELA Core,ELA Core,KG - 05
050138,Champion Local,2024–2025,Public District,Wonders 2023 (McGraw Hill),KG - 04,Implemented,ELA Core,ELA Core,KG - 05
020726,Challengeu Ohio Community School,2024–2025,Community School,Other published instr materials incl on Dept approved list,09 - 12,Implemented,Both ELA Core and Reading Intervention,N/A,N/A
045286,Chagrin Falls Exempted Village,2024–2025,Public District,Fundations (Wilson Language Training),09 - 09,Implemented,Both ELA Core and Reading Intervention,Both ELA Core and Reading Intervention,KG - 02
045286,Chagrin Falls Exempted Village,2024–2025,Public District,Fundations (Wilson Language Training),KG - 03,Implemented,Both ELA Core and Reading Intervention,Both ELA Core and Reading Intervention,KG - 02
045286,Chagrin Falls Exempted Village,2024–2025,Public District,Locally created instruction,10 - 12,Implemented,Reading Intervention,N/A,N/A
045286,Chagrin Falls Exempted Village,2024–2025,Public District,Other published instr materials incl on Dept approved list,04 - 08,Implemented,Reading Intervention,N/A,N/A
045286,Chagrin Falls Exempted Village,2024–2025,Public District,Other published instr materials incl on Dept approved list,04 - 09,Implemented,Reading Intervention,N/A,N/A
045286,Chagrin Falls Exempted Village,2024–2025,Public District,Other published instr materials incl on Dept approved list,KG - 08,Implemented,Reading Intervention,N/A,N/A
010036,Cesar Chavez College Preparatory School,2024–2025,Community School,Amplify CKLA K-5 Core Comprehensive (Amplify),KG - 02,Implemented,Both ELA Core and Reading Intervention,ELA Core,KG - 05
010036,Cesar Chavez College Preparatory School,2024–2025,Community School,Imagine Learning EL Education (Imagine Learning),03 - 05,Implemented,Both ELA Core and Reading Intervention,ELA Core,KG - 05
010036,Cesar Chavez College Preparatory School,2024–2025,Community School,Other published instr materials incl on Dept approved list,KG - 05,Implemented,Reading Intervention,N/A,N/A
046714,Central Local,2024–2025,Public District,ARC Core (American Reading Company),KG - 05,Implemented,ELA Core,ELA Core,KG - 05
046714,Central Local,2024–2025,Public District,Other published instr materials incl on Dept approved list,KG - 05,Implemented,Reading Intervention,N/A,N/A
012041,Central High School,2024–2025,Community School,Other published instr materials incl on Dept approved list,09 - 12,Implemented,Reading Intervention,N/A,N/A
043737,Centerville City,2024–2025,Public District,Benchmark Advance or Literacy (Benchmark Education),KG - 05,Implemented,ELA Core,ELA Core,KG - 05
043737,Centerville City,2024–2025,Public District,Other published instr materials incl on Dept approved list,KG - 12,Implemented,Reading Intervention,N/A,N/A
047829,Centerburg Local,2024–2025,Public District,Amplify CKLA K-2 Skills (Amplify),KG - 02,Implemented,ELA Core,ELA Core,KG - 02
047829,Centerburg Local,2024–2025,Public District,Amplify CKLA K-5 Core Comprehensive (Amplify),KG - 02,Implemented,ELA Core,ELA Core,KG - 05
047829,Centerburg Local,2024–2025,Public District,HMH Into Reading 2020 (Houghton Mifflin Harcourt),03 - 05,Implemented,ELA Core,ELA Core,KG - 05
043729,Celina City,2024–2025,Public District,Amplify CKLA K-5 Core Comprehensive (Amplify),PS - 05,Implemented,Both ELA Core and Reading Intervention,ELA Core,KG - 05
047258,Cedar Cliff Local,2024–2025,Public District,Locally created instruction,06 - 08,Implemented,Both ELA Core and Reading Intervention,N/A,N/A
047258,Cedar Cliff Local,2024–2025,Public District,Locally created instruction,09 - 12,Implemented,Both ELA Core and Reading Intervention,N/A,N/A
047258,Cedar Cliff Local,2024–2025,Public District,Locally created instruction,KG - 05,Implemented,Reading Intervention,N/A,N/A
047258,Cedar Cliff Local,2024–2025,Public District,UFLI Foundations: An Explicit and Systematic Phonics Program (Ventris Learning/ULFI),KG - 03,Implemented,Reading Intervention,Both ELA Core and Reading Intervention,KG - 02
047258,Cedar Cliff Local,2024–2025,Public District,Wonders 2023 (McGraw Hill),KG - 05,Implemented,ELA Core,ELA Core,KG - 05
019221,Case Preparatory Academy,2024–2025,Community School,HMH Into Reading 2020 (Houghton Mifflin Harcourt),KG - 08,Implemented,Both ELA Core and Reading Intervention,ELA Core,KG - 05
008063,Cascade Career Prep High School,2024–2025,Community School,Other published instr materials incl on Dept approved list,09 - 12,Implemented,Reading Intervention,N/A,N/A
045278,Carrollton Exempted Village,2024–2025,Public District,Fundations (Wilson Language Training),KG - 04,Implemented,Reading Intervention,Both ELA Core and Reading Intervention,KG - 02
045278,Carrollton Exempted Village,2024–2025,Public District,Fundations (Wilson Language Training),PS - PS,Implemented,Reading Intervention,Both ELA Core and Reading Intervention,KG - 02
045278,Carrollton Exempted Village,2024–2025,Public District,Other published instr materials incl on Dept approved list,PS - PS,Implemented,ELA Core,N/A,N/A
045278,Carrollton Exempted Village,2024–2025,Public District,Other published instr materials incl on Dept approved list,03 - 05,Implemented,Reading Intervention,N/A,N/A
045278,Carrollton Exempted Village,2024–2025,Public District,Other published instr materials incl on Dept approved list,09 - 09,Implemented,Reading Intervention,N/A,N/A
045278,Carrollton Exempted Village,2024–2025,Public District,Savvas Essentials: Foundational Reading (Savvas),06 - 08,Implemented,ELA Core,ELA Core,KG - 02
045278,Carrollton Exempted Village,2024–2025,Public District,Wonders 2020 (McGraw Hill),KG - 05,Implemented,ELA Core,ELA Core,KG - 05
050419,Carlisle Local,2024–2025,Public District,"MyView Literacy (Savvas Learning Company, formerly Pearson)",KG - 06,Implemented,ELA Core,ELA Core,KG - 05
050419,Carlisle Local,2024–2025,Public District,Other published instr materials incl on Dept approved list,01 - 08,Implemented,Both ELA Core and Reading Intervention,N/A,N/A
050419,Carlisle Local,2024–2025,Public District,Other published instr materials incl on Dept approved list,07 - 08,Implemented,Both ELA Core and Reading Intervention,N/A,N/A
050419,Carlisle Local,2024–2025,Public District,Other published instr materials incl on Dept approved list,KG - 03,Implemented,Both ELA Core and Reading Intervention,N/A,N/A
050419,Carlisle Local,2024–2025,Public District,Other published instr materials incl on Dept approved list,KG - 03,Implemented,Reading Intervention,N/A,N/A
050419,Carlisle Local,2024–2025,Public District,Other published instr materials incl on Dept approved list,KG - 06,Implemented,Reading Intervention,N/A,N/A
050419,Carlisle Local,2024–2025,Public District,UFLI Foundations: An Explicit and Systematic Phonics Program (Ventris Learning/ULFI),KG - 03,Implemented,Reading Intervention,Both ELA Core and Reading Intervention,KG - 02
045260,Carey Exempted Village Schools,2024–2025,Public District,"Creative Curriculum (Teaching Strategies, LLC)",PS - PS,Implemented,Both ELA Core and Reading Intervention,PreK Core,PS - PS
045260,Carey Exempted Village Schools,2024–2025,Public District,HMH Into Reading 2020 (Houghton Mifflin Harcourt),KG - 05,Implemented,ELA Core,ELA Core,KG - 05
021509,Career Prep Virtual High School. Inc.,2024–2025,Community School,Other published instr materials incl on Dept approved list,09 - 12,Implemented,Reading Intervention,N/A,N/A
051201,Career And Technology Educational Centers,2024–2025,Joint Vocational School District,Other published instr materials incl on Dept approved list,09 - 10,Implemented,Both ELA Core and Reading Intervention,N/A,N/A
051201,Career And Technology Educational Centers,2024–2025,Joint Vocational School District,Other published instr materials incl on Dept approved list,11 - 12,Implemented,Both ELA Core and Reading Intervention,N/A,N/A
051201,Career And Technology Educational Centers,2024–2025,Joint Vocational School District,PreK On My Way (Scholastic),PS - PS,Implemented,Both ELA Core and Reading Intervention,PreK Core,PS - PS
048793,Cardington-Lincoln Local,2024–2025,Public District,Amplify CKLA K-5 Core Comprehensive (Amplify),04 - 05,Implemented,ELA Core,ELA Core,KG - 05
048793,Cardington-Lincoln Local,2024–2025,Public District,Other published instr materials incl on Dept approved list,KG - 05,Implemented,Reading Intervention,N/A,N/A
047175,Cardinal Local,2024–2025,Public District,95 Phonics Core Program (95 Percent Group),KG - 12,Implemented,Reading Intervention,ELA Core,KG - 02
047175,Cardinal Local,2024–2025,Public District,Foundations A-Z (Learning A-Z),KG - 06,Implemented,ELA Core,ELA Core,KG - 02
047175,Cardinal Local,2024–2025,Public District,UFLI Foundations: An Explicit and Systematic Phonics Program (Ventris Learning/ULFI),KG - 12,Implemented,Reading Intervention,Both ELA Core and Reading Intervention,KG - 02
047175,Cardinal Local,2024–2025,Public District,Wonders 2020 (McGraw Hill),KG - 06,Implemented,ELA Core,ELA Core,KG - 05
012044,Capital High School,2024–2025,Community School,Other published instr materials incl on Dept approved list,09 - 12,Implemented,Reading Intervention,N/A,N/A
017537,Capital Collegiate Preparatory Academy,2024–2025,Community School,Amplify CKLA K-2 Skills (Amplify),KG - 02,Implemented,Both ELA Core and Reading Intervention,ELA Core,KG - 02
017537,Capital Collegiate Preparatory Academy,2024–2025,Community School,Amplify CKLA K-5 Core Comprehensive (Amplify),KG - 08,Implemented,Both ELA Core and Reading Intervention,ELA Core,KG - 05
017537,Capital Collegiate Preparatory Academy,2024–2025,Community School,Fundations (Wilson Language Training),KG - 02,Implemented,Reading Intervention,Both ELA Core and Reading Intervention,KG - 02
000664,Capital City Career Prep High School,2024–2025,Community School,Other published instr materials incl on Dept approved list,09 - 12,Implemented,Reading Intervention,N/A,N/A
049833,Canton Local,2024–2025,Public District,Amplify CKLA K-5 Core Comprehensive (Amplify),KG - 05,Implemented,ELA Core,ELA Core,KG - 05
049833,Canton Local,2024–2025,Public District,UFLI Foundations: An Explicit and Systematic Phonics Program (Ventris Learning/ULFI),KG - 12,Implemented,Reading Intervention,Both ELA Core and Reading Intervention,KG - 02
000525,Canton Harbor High School,2024–2025,Community School,Other published instr materials incl on Dept approved list,09 - 12,Implemented,Both ELA Core and Reading Intervention,N/A,N/A
013255,Canton College Preparatory School,2024–2025,Community School,HMH Into Reading 2020 (Houghton Mifflin Harcourt),KG - 05,Implemented,Both ELA Core and Reading Intervention,ELA Core,KG - 05
043711,Canton City,2024–2025,Public District,95 Phonics Core Program (95 Percent Group),KG - 03,Implemented,ELA Core,ELA Core,KG - 02
043711,Canton City,2024–2025,Public District,"Creative Curriculum (Teaching Strategies, LLC)",PS - PS,Implemented,ELA Core,PreK Core,PS - PS
043711,Canton City,2024–2025,Public District,Other published instr materials not on Dept list,07 - 12,Implemented,Reading Intervention,N/A,N/A
043711,Canton City,2024–2025,Public District,Other published instr materials not on Dept list,KG - 06,Implemented,Reading Intervention,N/A,N/A
043711,Canton City,2024–2025,Public District,Other published instr materials not on Dept list,KG - 12,Implemented,Reading Intervention,N/A,N/A
043711,Canton City,2024–2025,Public District,Wit & Wisdom (Great Minds),KG - 08,Implemented,ELA Core,ELA Core,03 - 05
048314,Canfield Local,2024–2025,Public District,95 Phonics Core Program (95 Percent Group),KG - 03,Implemented,ELA Core,ELA Core,KG - 02
048314,Canfield Local,2024–2025,Public District,"MyView Literacy (Savvas Learning Company, formerly Pearson)",05 - 05,Implemented,ELA Core,ELA Core,KG - 05
048314,Canfield Local,2024–2025,Public District,Other published instr materials incl on Dept approved list,06 - 08,Implemented,ELA Core,N/A,N/A
048314,Canfield Local,2024–2025,Public District,Other published instr materials incl on Dept approved list,05 - 12,Implemented,Reading Intervention,N/A,N/A
048314,Canfield Local,2024–2025,Public District,Other published instr materials incl on Dept approved list,KG - 04,Implemented,Reading Intervention,N/A,N/A
048314,Canfield Local,2024–2025,Public District,Other published instr materials incl on Dept approved list,KG - 08,Implemented,Reading Intervention,N/A,N/A
048314,Canfield Local,2024–2025,Public District,Wonders 2020 (McGraw Hill),KG - 04,Implemented,ELA Core,ELA Core,KG - 05
046946,Canal Winchester Local,2024–2025,Public District,"From Phonics to Reading (William H. Sadlier, Inc)",KG - 03,Implemented,ELA Core,ELA Core,KG - 02
046946,Canal Winchester Local,2024–2025,Public District,Lexia Core 5 Reading (Lexia),KG - 05,Implemented,Both ELA Core and Reading Intervention,Both ELA Core and Reading Intervention,KG - 02
046946,Canal Winchester Local,2024–2025,Public District,Other published instr materials incl on Dept approved list,06 - 12,Implemented,Reading Intervention,N/A,N/A
046946,Canal Winchester Local,2024–2025,Public District,Other published instr materials not on Dept list,04 - 05,Implemented,ELA Core,N/A,N/A
046946,Canal Winchester Local,2024–2025,Public District,Other published instr materials not on Dept list,PS - 02,Implemented,Reading Intervention,N/A,N/A
046946,Canal Winchester Local,2024–2025,Public District,World of Wonders (McGraw Hill),PS - PS,Implemented,ELA Core,PreK Core,PS - PS
043703,Campbell City,2024–2025,Public District,95 Phonics Core Program (95 Percent Group),03 - 08,Implemented,Both ELA Core and Reading Intervention,ELA Core,KG - 02
043703,Campbell City,2024–2025,Public District,Blast Foundations (Really Great Reading),01 - 02,Implemented,Both ELA Core and Reading Intervention,Both ELA Core and Reading Intervention,01 - 01
043703,Campbell City,2024–2025,Public District,Countdown (Really Great Reading),KG - 01,Implemented,Both ELA Core and Reading Intervention,Both ELA Core and Reading Intervention,KG - KG
043703,Campbell City,2024–2025,Public District,HD Word (Really Great Reading),01 - 03,Implemented,Both ELA Core and Reading Intervention,Both ELA Core and Reading Intervention,02 - 02
043703,Campbell City,2024–2025,Public District,Other published instr materials incl on Dept approved list,07 - 12,Implemented,Both ELA Core and Reading Intervention,N/A,N/A
043703,Campbell City,2024–2025,Public District,UFLI Foundations: An Explicit and Systematic Phonics Program (Ventris Learning/ULFI),KG - 02,Implemented,Both ELA Core and Reading Intervention,Both ELA Core and Reading Intervention,KG - 02
043695,Cambridge City,2024–2025,Public District,Benchmark Advance or Literacy (Benchmark Education),KG - 05,Implemented,Both ELA Core and Reading Intervention,ELA Core,KG - 05
043695,Cambridge City,2024–2025,Public District,Blast Foundations (Really Great Reading),03 - 03,Implemented,Reading Intervention,Both ELA Core and Reading Intervention,01 - 01
043695,Cambridge City,2024–2025,Public District,Frog Street Threes and/or Frog Street PreK (FrogStreet),PS - PS,Implemented,Both ELA Core and Reading Intervention,PreK Core,PS - PS
043695,Cambridge City,2024–2025,Public District,HD Word (Really Great Reading),03 - 05,Implemented,Reading Intervention,Both ELA Core and Reading Intervention,02 - 02
043695,Cambridge City,2024–2025,Public District,Other published instr materials incl on Dept approved list,06 - 12,Implemented,Both ELA Core and Reading Intervention,N/A,N/A
043695,Cambridge City,2024–2025,Public District,Other published instr materials incl on Dept approved list,KG - 05,Implemented,Reading Intervention,N/A,N/A
043695,Cambridge City,2024–2025,Public District,Other published instr materials not on Dept list,PS - 01,Implemented,Reading Intervention,N/A,N/A
045252,Caldwell Exempted Village,2024–2025,Public District,95 Phonics Core Program (95 Percent Group),PS - 12,Implemented,Both ELA Core and Reading Intervention,ELA Core,KG - 02
000527,C.A.S.T.L.E High School,2024–2025,Community School,Other published instr materials incl on Dept approved list,09 - 12,Implemented,ELA Core,N/A,N/A
000527,C.A.S.T.L.E High School,2024–2025,Community School,Other published instr materials incl on Dept approved list,09 - 12,Implemented,Reading Intervention,N/A,N/A
050880,Butler Technology & Career Development Schools,2024–2025,Joint Vocational School District,Other published instr materials not on Dept list,10 - 12,Implemented,Both ELA Core and Reading Intervention,N/A,N/A
046086,Butler County Esc,2024–2025,Educational Service Center,"Creative Curriculum (Teaching Strategies, LLC)",PS - PS,Implemented,Both ELA Core and Reading Intervention,PreK Core,PS - PS
043687,Bucyrus City,2024–2025,Public District,Open Court Reading 2023 (McGraw Hill),KG - 05,Implemented,Reading Intervention,ELA Core,KG - 05
043687,Bucyrus City,2024–2025,Public District,UFLI Foundations: An Explicit and Systematic Phonics Program (Ventris Learning/ULFI),KG - 05,Implemented,Reading Intervention,Both ELA Core and Reading Intervention,KG - 02
046755,Buckeye Valley Local Schools,2024–2025,Public District,95 Phonics Core Program (95 Percent Group),KG - 03,Implemented,Reading Intervention,ELA Core,KG - 02
046755,Buckeye Valley Local Schools,2024–2025,Public District,Amplify CKLA K-2 Skills (Amplify),KG - 02,Implemented,ELA Core,ELA Core,KG - 02
046755,Buckeye Valley Local Schools,2024–2025,Public District,Amplify CKLA K-5 Core Comprehensive (Amplify),KG - 05,Implemented,ELA Core,ELA Core,KG - 05
046755,Buckeye Valley Local Schools,2024–2025,Public District,Fundations (Wilson Language Training),KG - 05,Implemented,Reading Intervention,Both ELA Core and Reading Intervention,KG - 02
046755,Buckeye Valley Local Schools,2024–2025,Public District,Lexia Core 5 Reading (Lexia),03 - 05,Implemented,Reading Intervention,Both ELA Core and Reading Intervention,KG - 02
000417,Buckeye On-Line School For Success,2024–2025,Community School,Fundations (Wilson Language Training),KG - 05,Implemented,Reading Intervention,Both ELA Core and Reading Intervention,KG - 02
000417,Buckeye On-Line School For Success,2024–2025,Community School,HMH Into Reading 2020 (Houghton Mifflin Harcourt),KG - 05,Implemented,Both ELA Core and Reading Intervention,ELA Core,KG - 05
045856,Buckeye Local,2024–2025,Public District,Amplify CKLA K-5 Core Comprehensive (Amplify),KG - 05,Implemented,Both ELA Core and Reading Intervention,ELA Core,KG - 05
045856,Buckeye Local,2024–2025,Public District,Other published instr materials incl on Dept approved list,07 - 12,Implemented,Reading Intervention,N/A,N/A
045856,Buckeye Local,2024–2025,Public District,Other published instr materials incl on Dept approved list,KG - 06,Implemented,Reading Intervention,N/A,N/A
047787,Buckeye Local,2024–2025,Public District,"Creative Curriculum (Teaching Strategies, LLC)",PS - PS,Implemented,Both ELA Core and Reading Intervention,PreK Core,PS - PS
047787,Buckeye Local,2024–2025,Public District,HMH Into Reading 2020 (Houghton Mifflin Harcourt),KG - 05,Implemented,Both ELA Core and Reading Intervention,ELA Core,KG - 05
047787,Buckeye Local,2024–2025,Public District,"MyView Literacy (Savvas Learning Company, formerly Pearson)",06 - 12,Implemented,Both ELA Core and Reading Intervention,ELA Core,KG - 05
048470,Buckeye Local,2024–2025,Public District,Fundations (Wilson Language Training),PS - 03,Implemented,ELA Core,Both ELA Core and Reading Intervention,KG - 02
048470,Buckeye Local,2024–2025,Public District,HD Word (Really Great Reading),04 - 12,Implemented,Reading Intervention,Both ELA Core and Reading Intervention,02 - 02
048470,Buckeye Local,2024–2025,Public District,HMH Into Reading 2020 (Houghton Mifflin Harcourt),09 - 12,Implemented,Both ELA Core and Reading Intervention,ELA Core,KG - 05
048470,Buckeye Local,2024–2025,Public District,Lexia Core 5 Reading (Lexia),KG - 03,Implemented,Both ELA Core and Reading Intervention,Both ELA Core and Reading Intervention,KG - 02
048470,Buckeye Local,2024–2025,Public District,"MyView Literacy (Savvas Learning Company, formerly Pearson)",KG - 05,Implemented,Both ELA Core and Reading Intervention,ELA Core,KG - 05
048470,Buckeye Local,2024–2025,Public District,Other published instr materials incl on Dept approved list,04 - 12,Implemented,Both ELA Core and Reading Intervention,N/A,N/A
046508,Buckeye Central Local,2024–2025,Public District,"Creative Curriculum (Teaching Strategies, LLC)",PS - PS,Implemented,Both ELA Core and Reading Intervention,PreK Core,PS - PS
046508,Buckeye Central Local,2024–2025,Public District,Foundations A-Z (Learning A-Z),KG - 04,Implemented,Reading Intervention,ELA Core,KG - 02
046508,Buckeye Central Local,2024–2025,Public District,"From Phonics to Reading (William H. Sadlier, Inc)",KG - 03,Implemented,Reading Intervention,ELA Core,KG - 02
046508,Buckeye Central Local,2024–2025,Public District,Imagine Learning EL Education (Imagine Learning),KG - 04,Implemented,Both ELA Core and Reading Intervention,ELA Core,KG - 05
046508,Buckeye Central Local,2024–2025,Public District,"MyView Literacy (Savvas Learning Company, formerly Pearson)",05 - 05,Implemented,Both ELA Core and Reading Intervention,ELA Core,KG - 05
046508,Buckeye Central Local,2024–2025,Public District,Other published instr materials incl on Dept approved list,PS - 12,Implemented,Reading Intervention,N/A,N/A
051656,Buckeye,2024–2025,Joint Vocational School District,Other published instr materials incl on Dept approved list,PS - PS,Implemented,Both ELA Core and Reading Intervention,N/A,N/A
043679,Bryan City,2024–2025,Public District,High Scope Preschool Curriculum (HighScope),PS - PS,Implemented,Both ELA Core and Reading Intervention,PreK Core,PS - PS
043679,Bryan City,2024–2025,Public District,Lexia Core 5 Reading (Lexia),06 - 12,Implemented,Both ELA Core and Reading Intervention,Both ELA Core and Reading Intervention,KG - 02
043679,Bryan City,2024–2025,Public District,Other published instr materials incl on Dept approved list,06 - 09,Implemented,Reading Intervention,N/A,N/A
043679,Bryan City,2024–2025,Public District,Other published instr materials incl on Dept approved list,KG - 03,Implemented,Reading Intervention,N/A,N/A
043679,Bryan City,2024–2025,Public District,Wonders 2020 (McGraw Hill),KG - 05,Implemented,ELA Core,ELA Core,KG - 05
043661,Brunswick City,2024–2025,Public District,Frog Street Threes and/or Frog Street PreK (FrogStreet),PS - PS,Implemented,ELA Core,PreK Core,PS - PS
043661,Brunswick City,2024–2025,Public District,HMH Into Reading 2020 (Houghton Mifflin Harcourt),KG - 05,Implemented,ELA Core,ELA Core,KG - 05
043661,Brunswick City,2024–2025,Public District,Other published instr materials incl on Dept approved list,KG - 02,Implemented,ELA Core,N/A,N/A
043661,Brunswick City,2024–2025,Public District,Other published instr materials incl on Dept approved list,KG - 12,Implemented,Reading Intervention,N/A,N/A
043661,Brunswick City,2024–2025,Public District,Other published instr materials incl on Dept approved list,PS - PS,Implemented,Reading Intervention,N/A,N/A
046177,Brown Local,2024–2025,Public District,Amplify CKLA K-5 Core Comprehensive (Amplify),KG - 05,Implemented,ELA Core,ELA Core,KG - 05
046177,Brown Local,2024–2025,Public District,Other published instr materials incl on Dept approved list,06 - 12,Implemented,Reading Intervention,N/A,N/A
046177,Brown Local,2024–2025,Public District,UFLI Foundations: An Explicit and Systematic Phonics Program (Ventris Learning/ULFI),KG - 05,Implemented,Reading Intervention,Both ELA Core and Reading Intervention,KG - 02
048678,Brookville Local,2024–2025,Public District,"Creative Curriculum (Teaching Strategies, LLC)",PS - PS,Implemented,Both ELA Core and Reading Intervention,PreK Core,PS - PS
048678,Brookville Local,2024–2025,Public District,UFLI Foundations: An Explicit and Systematic Phonics Program (Ventris Learning/ULFI),KG - 12,Implemented,Reading Intervention,Both ELA Core and Reading Intervention,KG - 02
043653,Brooklyn City,2024–2025,Public District,"Creative Curriculum (Teaching Strategies, LLC)",PS - PS,Implemented,Both ELA Core and Reading Intervention,PreK Core,PS - PS
043653,Brooklyn City,2024–2025,Public District,Fundations (Wilson Language Training),KG - 03,Implemented,Reading Intervention,Both ELA Core and Reading Intervention,KG - 02
043653,Brooklyn City,2024–2025,Public District,Lexia Core 5 Reading (Lexia),KG - 05,Implemented,Reading Intervention,Both ELA Core and Reading Intervention,KG - 02
043653,Brooklyn City,2024–2025,Public District,Other published instr materials incl on Dept approved list,KG - 12,Implemented,Reading Intervention,N/A,N/A
050120,Brookfield Local,2024–2025,Public District,Amplify CKLA K-5 Core Comprehensive (Amplify),KG - 05,Implemented,Both ELA Core and Reading Intervention,ELA Core,KG - 05
012684,Broadway Academy,2024–2025,Community School,HMH Into Reading 2020 (Houghton Mifflin Harcourt),KG - 05,Implemented,Both ELA Core and Reading Intervention,ELA Core,KG - 05
012684,Broadway Academy,2024–2025,Community School,Other published instr materials incl on Dept approved list,KG - 05,Implemented,Both ELA Core and Reading Intervention,N/A,N/A
012684,Broadway Academy,2024–2025,Community School,Other published instr materials incl on Dept approved list,KG - 08,Implemented,Reading Intervention,N/A,N/A
050112,Bristol Local,2024–2025,Public District,Other published instr materials not on Dept list,KG - 02,Implemented,Both ELA Core and Reading Intervention,N/A,N/A
050112,Bristol Local,2024–2025,Public District,Other published instr materials not on Dept list,KG - 02,Implemented,Reading Intervention,N/A,N/A
047613,Bright Local,2024–2025,Public District,Amplify CKLA K-5 Core Comprehensive (Amplify),05 - 05,Implemented,ELA Core,ELA Core,KG - 05
047613,Bright Local,2024–2025,Public District,"Creative Curriculum (Teaching Strategies, LLC)",PS - PS,Implemented,Both ELA Core and Reading Intervention,PreK Core,PS - PS
047613,Bright Local,2024–2025,Public District,HMH Into Reading 2020 (Houghton Mifflin Harcourt),KG - 02,Implemented,ELA Core,ELA Core,KG - 05
047613,Bright Local,2024–2025,Public District,Other published instr materials incl on Dept approved list,06 - 06,Implemented,ELA Core,N/A,N/A
047613,Bright Local,2024–2025,Public District,Other published instr materials incl on Dept approved list,KG - 06,Implemented,Reading Intervention,N/A,N/A
047613,Bright Local,2024–2025,Public District,Wonders 2023 (McGraw Hill),03 - 04,Implemented,ELA Core,ELA Core,KG - 05
000311,Bridges Community Academy Dba Bridges Preparatory Academy,2024–2025,Community School,Amplify CKLA K-5 Core Comprehensive (Amplify),KG - 05,Implemented,ELA Core,ELA Core,KG - 05
045237,Bridgeport Exempted Village,2024–2025,Public District,Benchmark Advance or Literacy (Benchmark Education),KG - 05,Implemented,Both ELA Core and Reading Intervention,ELA Core,KG - 05
045237,Bridgeport Exempted Village,2024–2025,Public District,Benchmark Phonics (Benchmark Education),KG - 05,Implemented,Reading Intervention,ELA Core,KG - 02
045237,Bridgeport Exempted Village,2024–2025,Public District,Fundations (Wilson Language Training),KG - KG,Implemented,Both ELA Core and Reading Intervention,Both ELA Core and Reading Intervention,KG - 02
045237,Bridgeport Exempted Village,2024–2025,Public District,Fundations (Wilson Language Training),01 - 01,Implemented,Reading Intervention,Both ELA Core and Reading Intervention,KG - 02
045237,Bridgeport Exempted Village,2024–2025,Public District,Other published instr materials incl on Dept approved list,06 - 08,Implemented,Both ELA Core and Reading Intervention,N/A,N/A
045237,Bridgeport Exempted Village,2024–2025,Public District,Other published instr materials incl on Dept approved list,09 - 12,Implemented,Reading Intervention,N/A,N/A
015710,Bridge Gate Community School,2024–2025,Community School,HMH Into Reading 2020 (Houghton Mifflin Harcourt),KG - 05,Implemented,Both ELA Core and Reading Intervention,ELA Core,KG - 05
015710,Bridge Gate Community School,2024–2025,Community School,Other published instr materials incl on Dept approved list,09 - 12,Implemented,Both ELA Core and Reading Intervention,N/A,N/A
015710,Bridge Gate Community School,2024–2025,Community School,Other published instr materials incl on Dept approved list,03 - 08,Implemented,Reading Intervention,N/A,N/A
015710,Bridge Gate Community School,2024–2025,Community School,Other published instr materials incl on Dept approved list,09 - 12,Implemented,Reading Intervention,N/A,N/A
015710,Bridge Gate Community School,2024–2025,Community School,Other published instr materials not on Dept list,KG - 03,Implemented,Reading Intervention,N/A,N/A
015710,Bridge Gate Community School,2024–2025,Community School,Other published instr materials not on Dept list,KG - 04,Implemented,Reading Intervention,N/A,N/A
043646,Brecksville-Broadview Heights City,2024–2025,Public District,Amplify CKLA K-5 Core Comprehensive (Amplify),KG - 05,Implemented,Both ELA Core and Reading Intervention,ELA Core,KG - 05
045229,Bradford Exempted Village,2024–2025,Public District,Wit & Wisdom (Great Minds),KG - 05,Implemented,ELA Core,ELA Core,03 - 05
043638,Bowling Green City School District,2024–2025,Public District,"Creative Curriculum (Teaching Strategies, LLC)",PS - PS,Implemented,Both ELA Core and Reading Intervention,PreK Core,PS - PS
043638,Bowling Green City School District,2024–2025,Public District,Fundations (Wilson Language Training),KG - 03,Implemented,Both ELA Core and Reading Intervention,Both ELA Core and Reading Intervention,KG - 02
049767,Botkins Local,2024–2025,Public District,Locally created instruction,07 - 12,Implemented,Reading Intervention,N/A,N/A
049767,Botkins Local,2024–2025,Public District,Other published instr materials incl on Dept approved list,03 - 03,Implemented,Both ELA Core and Reading Intervention,N/A,N/A
049767,Botkins Local,2024–2025,Public District,Other published instr materials incl on Dept approved list,06 - 06,Implemented,Both ELA Core and Reading Intervention,N/A,N/A
049767,Botkins Local,2024–2025,Public District,Other published instr materials incl on Dept approved list,KG - 01,Implemented,Both ELA Core and Reading Intervention,N/A,N/A
049767,Botkins Local,2024–2025,Public District,Other published instr materials incl on Dept approved list,KG - 06,Implemented,ELA Core,N/A,N/A
049767,Botkins Local,2024–2025,Public District,UFLI Foundations: An Explicit and Systematic Phonics Program (Ventris Learning/ULFI),02 - 02,Implemented,Both ELA Core and Reading Intervention,Both ELA Core and Reading Intervention,KG - 02
048306,Boardman Local,2024–2025,Public District,95 Phonics Core Program (95 Percent Group),04 - 06,Implemented,Reading Intervention,ELA Core,KG - 02
048306,Boardman Local,2024–2025,Public District,Amplify CKLA K-5 Core Comprehensive (Amplify),KG - 03,Implemented,Reading Intervention,ELA Core,KG - 05
048306,Boardman Local,2024–2025,Public District,Blast Foundations (Really Great Reading),01 - 01,Implemented,ELA Core,Both ELA Core and Reading Intervention,01 - 01
048306,Boardman Local,2024–2025,Public District,Countdown (Really Great Reading),KG - KG,Implemented,ELA Core,Both ELA Core and Reading Intervention,KG - KG
048306,Boardman Local,2024–2025,Public District,Fundations (Wilson Language Training),KG - 03,Implemented,Reading Intervention,Both ELA Core and Reading Intervention,KG - 02
048306,Boardman Local,2024–2025,Public District,HD Word (Really Great Reading),02 - 02,Implemented,ELA Core,Both ELA Core and Reading Intervention,02 - 02
048306,Boardman Local,2024–2025,Public District,HD Word (Really Great Reading),04 - 06,Implemented,Reading Intervention,Both ELA Core and Reading Intervention,02 - 02
048306,Boardman Local,2024–2025,Public District,HD Word (Really Great Reading),09 - 12,Implemented,Reading Intervention,Both ELA Core and Reading Intervention,02 - 02
048306,Boardman Local,2024–2025,Public District,HD Word (Really Great Reading),KG - 03,Implemented,Reading Intervention,Both ELA Core and Reading Intervention,02 - 02
048306,Boardman Local,2024–2025,Public District,Other published instr materials incl on Dept approved list,03 - 03,Implemented,ELA Core,N/A,N/A
048306,Boardman Local,2024–2025,Public District,Other published instr materials incl on Dept approved list,04 - 05,Implemented,ELA Core,N/A,N/A
048306,Boardman Local,2024–2025,Public District,Other published instr materials incl on Dept approved list,06 - 06,Implemented,ELA Core,N/A,N/A
048306,Boardman Local,2024–2025,Public District,Other published instr materials incl on Dept approved list,07 - 12,Implemented,ELA Core,N/A,N/A
048306,Boardman Local,2024–2025,Public District,Other published instr materials incl on Dept approved list,KG - 01,Implemented,ELA Core,N/A,N/A
048306,Boardman Local,2024–2025,Public District,Other published instr materials incl on Dept approved list,04 - 06,Implemented,Reading Intervention,N/A,N/A
048306,Boardman Local,2024–2025,Public District,Other published instr materials incl on Dept approved list,07 - 08,Implemented,Reading Intervention,N/A,N/A
048306,Boardman Local,2024–2025,Public District,Other published instr materials incl on Dept approved list,KG - 03,Implemented,Reading Intervention,N/A,N/A
048306,Boardman Local,2024–2025,Public District,Other published instr materials incl on Dept approved list,KG - 08,Implemented,Reading Intervention,N/A,N/A
048306,Boardman Local,2024–2025,Public District,UFLI Foundations: An Explicit and Systematic Phonics Program (Ventris Learning/ULFI),KG - 03,Implemented,Reading Intervention,Both ELA Core and Reading Intervention,KG - 02
048306,Boardman Local,2024–2025,Public District,Wonders 2023 (McGraw Hill),KG - 05,Implemented,ELA Core,ELA Core,KG - 05
045211,Bluffton Exempted Village,2024–2025,Public District,Lexia Core 5 Reading (Lexia),KG - 05,Implemented,Both ELA Core and Reading Intervention,Both ELA Core and Reading Intervention,KG - 02
045211,Bluffton Exempted Village,2024–2025,Public District,Other published instr materials incl on Dept approved list,06 - 12,Implemented,Reading Intervention,N/A,N/A
045211,Bluffton Exempted Village,2024–2025,Public District,Other published instr materials not on Dept list,KG - 05,Implemented,Reading Intervention,N/A,N/A
045211,Bluffton Exempted Village,2024–2025,Public District,Wonders 2023 (McGraw Hill),KG - 05,Implemented,ELA Core,ELA Core,KG - 05
049593,Bloom-Vernon Local,2024–2025,Public District,"Creative Curriculum (Teaching Strategies, LLC)",PS - PS,Implemented,Both ELA Core and Reading Intervention,PreK Core,PS - PS
049593,Bloom-Vernon Local,2024–2025,Public District,Other published instr materials incl on Dept approved list,07 - 10,Implemented,Reading Intervention,N/A,N/A
046862,Bloom-Carroll Local,2024–2025,Public District,Fundations (Wilson Language Training),KG - 03,Implemented,Both ELA Core and Reading Intervention,Both ELA Core and Reading Intervention,KG - 02
046862,Bloom-Carroll Local,2024–2025,Public District,Lexia Core 5 Reading (Lexia),KG - 05,Implemented,Both ELA Core and Reading Intervention,Both ELA Core and Reading Intervention,KG - 02
046862,Bloom-Carroll Local,2024–2025,Public District,Other published instr materials incl on Dept approved list,03 - 12,Implemented,Reading Intervention,N/A,N/A
046862,Bloom-Carroll Local,2024–2025,Public District,Other published instr materials incl on Dept approved list,04 - 05,Implemented,Reading Intervention,N/A,N/A
046862,Bloom-Carroll Local,2024–2025,Public District,Other published instr materials incl on Dept approved list,KG - 02,Implemented,Reading Intervention,N/A,N/A
046862,Bloom-Carroll Local,2024–2025,Public District,Other published instr materials not on Dept list,KG - 03,Implemented,Both ELA Core and Reading Intervention,N/A,N/A
046862,Bloom-Carroll Local,2024–2025,Public District,Wonders 2023 (McGraw Hill),KG - 05,Implemented,ELA Core,ELA Core,KG - 05
046383,Blanchester Local,2024–2025,Public District,95 Phonics Core Program (95 Percent Group),KG - 04,Implemented,Reading Intervention,ELA Core,KG - 02
046383,Blanchester Local,2024–2025,Public District,Amplify CKLA K-5 Core Comprehensive (Amplify),KG - 05,Implemented,ELA Core,ELA Core,KG - 05
046383,Blanchester Local,2024–2025,Public District,"Creative Curriculum (Teaching Strategies, LLC)",PS - PS,Implemented,Both ELA Core and Reading Intervention,PreK Core,PS - PS
046383,Blanchester Local,2024–2025,Public District,Other published instr materials incl on Dept approved list,04 - 12,Implemented,Reading Intervention,N/A,N/A
048462,Black River Local,2024–2025,Public District,Locally created instruction,KG - 05,Implemented,ELA Core,N/A,N/A
048462,Black River Local,2024–2025,Public District,Magnetic Reading Foundations (Curriculum Associates),KG - 05,Implemented,ELA Core,Both ELA Core and Reading Intervention,KG - 02
048462,Black River Local,2024–2025,Public District,PreK On My Way (Scholastic),PS - PS,Implemented,Both ELA Core and Reading Intervention,PreK Core,PS - PS
142919,Black River Career Prep High School,2024–2025,Community School,Other published instr materials incl on Dept approved list,09 - 12,Implemented,Reading Intervention,N/A,N/A
014231,Bio-Med Science Academy Stem School,2024–2025,STEM,Benchmark Advance or Literacy (Benchmark Education),KG - 05,Implemented,ELA Core,ELA Core,KG - 05
014231,Bio-Med Science Academy Stem School,2024–2025,STEM,Locally created instruction,KG - 12,Implemented,Reading Intervention,N/A,N/A
046748,Big Walnut Local,2024–2025,Public District,Fundations (Wilson Language Training),KG - 03,Implemented,ELA Core,Both ELA Core and Reading Intervention,KG - 02
046748,Big Walnut Local,2024–2025,Public District,High Scope Preschool Curriculum (HighScope),PS - PS,Implemented,ELA Core,PreK Core,PS - PS
046748,Big Walnut Local,2024–2025,Public District,Lexia Core 5 Reading (Lexia),KG - 08,Implemented,Reading Intervention,Both ELA Core and Reading Intervention,KG - 02
046748,Big Walnut Local,2024–2025,Public District,Other published instr materials incl on Dept approved list,03 - 05,Implemented,ELA Core,N/A,N/A
046748,Big Walnut Local,2024–2025,Public District,Other published instr materials incl on Dept approved list,KG - 06,Implemented,Reading Intervention,N/A,N/A
043620,Bexley City,2024–2025,Public District,Foundations A-Z (Learning A-Z),KG - 05,Implemented,Reading Intervention,ELA Core,KG - 02
043620,Bexley City,2024–2025,Public District,Fundations (Wilson Language Training),KG - 04,Implemented,ELA Core,Both ELA Core and Reading Intervention,KG - 02
043620,Bexley City,2024–2025,Public District,Lexia Core 5 Reading (Lexia),KG - 05,Implemented,ELA Core,Both ELA Core and Reading Intervention,KG - 02
043620,Bexley City,2024–2025,Public District,Other published instr materials incl on Dept approved list,KG - 01,Implemented,Both ELA Core and Reading Intervention,N/A,N/A
043620,Bexley City,2024–2025,Public District,Other published instr materials incl on Dept approved list,02 - 05,Implemented,Reading Intervention,N/A,N/A
043620,Bexley City,2024–2025,Public District,Other published instr materials incl on Dept approved list,06 - 12,Implemented,Reading Intervention,N/A,N/A
043620,Bexley City,2024–2025,Public District,Other published instr materials incl on Dept approved list,KG - 08,Implemented,Reading Intervention,N/A,N/A
043620,Bexley City,2024–2025,Public District,Wit & Wisdom (Great Minds),KG - 05,Implemented,ELA Core,ELA Core,03 - 05
046318,Bethel-Tate Local,2024–2025,Public District,Amplify CKLA K-5 Core Comprehensive (Amplify),KG - 08,Implemented,Both ELA Core and Reading Intervention,ELA Core,KG - 05
048611,Bethel Local,2024–2025,Public District,Fundations (Wilson Language Training),KG - 03,Implemented,ELA Core,Both ELA Core and Reading Intervention,KG - 02
048611,Bethel Local,2024–2025,Public District,Wit & Wisdom (Great Minds),KG - 05,Implemented,ELA Core,ELA Core,03 - 05
046854,Berne Union Local,2024–2025,Public District,"Creative Curriculum (Teaching Strategies, LLC)",PS - PS,Implemented,ELA Core,PreK Core,PS - PS
046854,Berne Union Local,2024–2025,Public District,Lexia Core 5 Reading (Lexia),KG - 12,Implemented,Reading Intervention,Both ELA Core and Reading Intervention,KG - 02
046854,Berne Union Local,2024–2025,Public District,Magnetic Reading Foundations (Curriculum Associates),KG - 02,Implemented,Reading Intervention,Both ELA Core and Reading Intervention,KG - 02
046854,Berne Union Local,2024–2025,Public District,Other published instr materials incl on Dept approved list,06 - 12,Implemented,Reading Intervention,N/A,N/A
046854,Berne Union Local,2024–2025,Public District,Other published instr materials incl on Dept approved list,KG - 12,Implemented,Reading Intervention,N/A,N/A
046854,Berne Union Local,2024–2025,Public District,OUR Bookworms K-5 Reading & Writing (Open Up Resources),KG - 05,Implemented,ELA Core,ELA Core,KG - 05
043612,Berea City,2024–2025,Public District,Fundations (Wilson Language Training),KG - 03,Implemented,Reading Intervention,Both ELA Core and Reading Intervention,KG - 02
043612,Berea City,2024–2025,Public District,HMH Into Reading 2020 (Houghton Mifflin Harcourt),05 - 05,Implemented,ELA Core,ELA Core,KG - 05
043612,Berea City,2024–2025,Public District,Other published instr materials incl on Dept approved list,03 - 12,Implemented,Reading Intervention,N/A,N/A
043612,Berea City,2024–2025,Public District,Other published instr materials incl on Dept approved list,05 - 08,Implemented,Reading Intervention,N/A,N/A
043612,Berea City,2024–2025,Public District,Other published instr materials incl on Dept approved list,KG - 04,Implemented,Reading Intervention,N/A,N/A
048926,Benton Carroll Salem Local,2024–2025,Public District,Amplify CKLA K-5 Core Comprehensive (Amplify),KG - 05,Implemented,Both ELA Core and Reading Intervention,ELA Core,KG - 05
048926,Benton Carroll Salem Local,2024–2025,Public District,Blast Foundations (Really Great Reading),01 - 02,Implemented,Reading Intervention,Both ELA Core and Reading Intervention,01 - 01
048926,Benton Carroll Salem Local,2024–2025,Public District,Countdown (Really Great Reading),KG - KG,Implemented,Reading Intervention,Both ELA Core and Reading Intervention,KG - KG
048926,Benton Carroll Salem Local,2024–2025,Public District,Fundations (Wilson Language Training),KG - KG,Implemented,Reading Intervention,Both ELA Core and Reading Intervention,KG - 02
048926,Benton Carroll Salem Local,2024–2025,Public District,HD Word (Really Great Reading),02 - 05,Implemented,Reading Intervention,Both ELA Core and Reading Intervention,02 - 02
048926,Benton Carroll Salem Local,2024–2025,Public District,Locally created instruction,KG - 12,Implemented,Reading Intervention,N/A,N/A
048926,Benton Carroll Salem Local,2024–2025,Public District,Other published instr materials incl on Dept approved list,KG - 12,Implemented,Reading Intervention,N/A,N/A
048926,Benton Carroll Salem Local,2024–2025,Public District,UFLI Foundations: An Explicit and Systematic Phonics Program (Ventris Learning/ULFI),KG - 05,Implemented,Reading Intervention,Both ELA Core and Reading Intervention,KG - 02
000843,Bennett Venture Academy,2024–2025,Community School,"From Phonics to Reading (William H. Sadlier, Inc)",KG - 02,Implemented,ELA Core,ELA Core,KG - 02
000843,Bennett Venture Academy,2024–2025,Community School,Lexia Core 5 Reading (Lexia),KG - 05,Implemented,Reading Intervention,Both ELA Core and Reading Intervention,KG - 02
000843,Bennett Venture Academy,2024–2025,Community School,Other published instr materials incl on Dept approved list,KG - 02,Implemented,Reading Intervention,N/A,N/A
000843,Bennett Venture Academy,2024–2025,Community School,Other published instr materials not on Dept list,03 - 08,Implemented,Reading Intervention,N/A,N/A
000843,Bennett Venture Academy,2024–2025,Community School,Wit & Wisdom (Great Minds),KG - 05,Implemented,ELA Core,ELA Core,03 - 05
043604,Belpre City,2024–2025,Public District,Amplify CKLA K-5 Core Comprehensive (Amplify),KG - 05,Implemented,Both ELA Core and Reading Intervention,ELA Core,KG - 05
043604,Belpre City,2024–2025,Public District,UFLI Foundations: An Explicit and Systematic Phonics Program (Ventris Learning/ULFI),KG - 06,Implemented,Reading Intervention,Both ELA Core and Reading Intervention,KG - 02
043596,Bellevue City,2024–2025,Public District,95 Phonics Core Program (95 Percent Group),KG - 03,Implemented,ELA Core,ELA Core,KG - 02
043596,Bellevue City,2024–2025,Public District,Amplify CKLA K-5 Core Comprehensive (Amplify),KG - 05,Implemented,ELA Core,ELA Core,KG - 05
043596,Bellevue City,2024–2025,Public District,"Creative Curriculum (Teaching Strategies, LLC)",PS - PS,Implemented,ELA Core,PreK Core,PS - PS
043596,Bellevue City,2024–2025,Public District,Other published instr materials incl on Dept approved list,PS - 01,Implemented,ELA Core,N/A,N/A
043596,Bellevue City,2024–2025,Public District,Other published instr materials incl on Dept approved list,KG - 05,Implemented,Reading Intervention,N/A,N/A
043596,Bellevue City,2024–2025,Public District,Other published instr materials incl on Dept approved list,KG - 12,Implemented,Reading Intervention,N/A,N/A
043588,Bellefontaine City,2024–2025,Public District,Amplify CKLA K-5 Core Comprehensive (Amplify),KG - 08,Implemented,ELA Core,ELA Core,KG - 05
043588,Bellefontaine City,2024–2025,Public District,Amplify CKLA PreK (Amplify),PS - KG,Implemented,Reading Intervention,PreK Core,PS - PS
043588,Bellefontaine City,2024–2025,Public District,Other published instr materials incl on Dept approved list,06 - 08,Implemented,Reading Intervention,N/A,N/A
043588,Bellefontaine City,2024–2025,Public District,Other published instr materials incl on Dept approved list,KG - 05,Implemented,Reading Intervention,N/A,N/A
043588,Bellefontaine City,2024–2025,Public District,Other published instr materials not on Dept list,09 - 12,Implemented,Reading Intervention,N/A,N/A
043588,Bellefontaine City,2024–2025,Public District,Other published instr materials not on Dept list,KG - 08,Implemented,Reading Intervention,N/A,N/A
047274,Bellbrook-Sugarcreek Local,2024–2025,Public District,95 Phonics Core Program (95 Percent Group),03 - 05,Implemented,Reading Intervention,ELA Core,KG - 02
047274,Bellbrook-Sugarcreek Local,2024–2025,Public District,Fundations (Wilson Language Training),KG - 02,Implemented,Both ELA Core and Reading Intervention,Both ELA Core and Reading Intervention,KG - 02
047274,Bellbrook-Sugarcreek Local,2024–2025,Public District,Fundations (Wilson Language Training),03 - 05,Implemented,Reading Intervention,Both ELA Core and Reading Intervention,KG - 02
047274,Bellbrook-Sugarcreek Local,2024–2025,Public District,Other published instr materials incl on Dept approved list,KG - 02,Implemented,Both ELA Core and Reading Intervention,N/A,N/A
047274,Bellbrook-Sugarcreek Local,2024–2025,Public District,Other published instr materials incl on Dept approved list,03 - 05,Implemented,Reading Intervention,N/A,N/A
047274,Bellbrook-Sugarcreek Local,2024–2025,Public District,Other published instr materials incl on Dept approved list,04 - 10,Implemented,Reading Intervention,N/A,N/A
047274,Bellbrook-Sugarcreek Local,2024–2025,Public District,Other published instr materials incl on Dept approved list,06 - 08,Implemented,Reading Intervention,N/A,N/A
047274,Bellbrook-Sugarcreek Local,2024–2025,Public District,Other published instr materials incl on Dept approved list,06 - 12,Implemented,Reading Intervention,N/A,N/A
047274,Bellbrook-Sugarcreek Local,2024–2025,Public District,Wit & Wisdom (Great Minds),03 - 05,Implemented,Both ELA Core and Reading Intervention,ELA Core,03 - 05
047274,Bellbrook-Sugarcreek Local,2024–2025,Public District,Wit & Wisdom (Great Minds),KG - 02,Implemented,Both ELA Core and Reading Intervention,ELA Core,03 - 05
043570,Bellaire Local,2024–2025,Public District,Wonders 2020 (McGraw Hill),KG - 06,Implemented,Both ELA Core and Reading Intervention,ELA Core,KG - 05
011390,Bella Academy Of Excellence,2024–2025,Community School,95 Phonics Core Program (95 Percent Group),PS - PS,Implemented,Both ELA Core and Reading Intervention,ELA Core,KG - 02
011390,Bella Academy Of Excellence,2024–2025,Community School,Amplify CKLA K-5 Core Comprehensive (Amplify),KG - 06,Implemented,Both ELA Core and Reading Intervention,ELA Core,KG - 05
011390,Bella Academy Of Excellence,2024–2025,Community School,Fundations (Wilson Language Training),KG - 03,Implemented,Reading Intervention,Both ELA Core and Reading Intervention,KG - 02
043562,Bedford City,2024–2025,Public District,Fundations (Wilson Language Training),KG - 05,Implemented,Both ELA Core and Reading Intervention,Both ELA Core and Reading Intervention,KG - 02
043562,Bedford City,2024–2025,Public District,Fundations (Wilson Language Training),PS - PS,Implemented,Both ELA Core and Reading Intervention,Both ELA Core and Reading Intervention,KG - 02
043562,Bedford City,2024–2025,Public District,"MyView Literacy (Savvas Learning Company, formerly Pearson)",KG - 05,Implemented,ELA Core,ELA Core,KG - 05
043562,Bedford City,2024–2025,Public District,Other published instr materials incl on Dept approved list,PS - 05,Implemented,Both ELA Core and Reading Intervention,N/A,N/A
043562,Bedford City,2024–2025,Public District,Other published instr materials incl on Dept approved list,PS - PS,Implemented,Both ELA Core and Reading Intervention,N/A,N/A
043562,Bedford City,2024–2025,Public District,Other published instr materials incl on Dept approved list,06 - 12,Implemented,Reading Intervention,N/A,N/A
043562,Bedford City,2024–2025,Public District,Other published instr materials incl on Dept approved list,PS - PS,Implemented,Reading Intervention,N/A,N/A
047241,Beavercreek City,2024–2025,Public District,"Creative Curriculum (Teaching Strategies, LLC)",PS - PS,Implemented,Both ELA Core and Reading Intervention,PreK Core,PS - PS
047241,Beavercreek City,2024–2025,Public District,Foundations A-Z (Learning A-Z),KG - 02,Implemented,Reading Intervention,ELA Core,KG - 02
047241,Beavercreek City,2024–2025,Public District,Locally created instruction,06 - 12,Implemented,Reading Intervention,N/A,N/A
047241,Beavercreek City,2024–2025,Public District,Other published instr materials not on Dept list,KG - 12,Implemented,ELA Core,N/A,N/A
047241,Beavercreek City,2024–2025,Public District,UFLI Foundations: An Explicit and Systematic Phonics Program (Ventris Learning/ULFI),KG - 02,Implemented,Reading Intervention,Both ELA Core and Reading Intervention,KG - 02
046425,Beaver Local,2024–2025,Public District,Fundations (Wilson Language Training),KG - 02,Implemented,Both ELA Core and Reading Intervention,Both ELA Core and Reading Intervention,KG - 02
046425,Beaver Local,2024–2025,Public District,Locally created instruction,KG - 12,Implemented,Both ELA Core and Reading Intervention,N/A,N/A
012501,Beacon Hill Community School Aka Beacon Hill Academy,2024–2025,Community School,Fundations (Wilson Language Training),KG - 04,Implemented,Both ELA Core and Reading Intervention,Both ELA Core and Reading Intervention,KG - 02
012501,Beacon Hill Community School Aka Beacon Hill Academy,2024–2025,Community School,Imagine Learning EL Education (Imagine Learning),09 - 12,Implemented,Both ELA Core and Reading Intervention,ELA Core,KG - 05
012501,Beacon Hill Community School Aka Beacon Hill Academy,2024–2025,Community School,Locally created instruction,07 - 08,Implemented,Both ELA Core and Reading Intervention,N/A,N/A
012501,Beacon Hill Community School Aka Beacon Hill Academy,2024–2025,Community School,Other published instr materials incl on Dept approved list,KG - 04,Implemented,Reading Intervention,N/A,N/A
012501,Beacon Hill Community School Aka Beacon Hill Academy,2024–2025,Community School,Wonders 2023 (McGraw Hill),05 - 06,Implemented,ELA Core,ELA Core,KG - 05
015709,Beacon Academy,2024–2025,Community School,HMH Into Reading 2020 (Houghton Mifflin Harcourt),KG - 05,Implemented,ELA Core,ELA Core,KG - 05
015709,Beacon Academy,2024–2025,Community School,Other published instr materials incl on Dept approved list,03 - 08,Implemented,Reading Intervention,N/A,N/A
015709,Beacon Academy,2024–2025,Community School,Other published instr materials incl on Dept approved list,KG - 03,Implemented,Reading Intervention,N/A,N/A
015709,Beacon Academy,2024–2025,Community School,Other published instr materials not on Dept list,KG - 04,Implemented,Reading Intervention,N/A,N/A
043554,Beachwood City,2024–2025,Public District,"Creative Curriculum (Teaching Strategies, LLC)",PS - PS,Implemented,Both ELA Core and Reading Intervention,PreK Core,PS - PS
043554,Beachwood City,2024–2025,Public District,Fundations (Wilson Language Training),KG - 03,Implemented,Both ELA Core and Reading Intervention,Both ELA Core and Reading Intervention,KG - 02
043554,Beachwood City,2024–2025,Public District,Other published instr materials incl on Dept approved list,KG - KG,Implemented,ELA Core,N/A,N/A
043554,Beachwood City,2024–2025,Public District,Other published instr materials incl on Dept approved list,03 - 05,Implemented,Reading Intervention,N/A,N/A
043554,Beachwood City,2024–2025,Public District,Other published instr materials incl on Dept approved list,KG - 05,Implemented,Reading Intervention,N/A,N/A
043547,Bay Village City,2024–2025,Public District,95 Phonics Core Program (95 Percent Group),KG - 12,Implemented,Reading Intervention,ELA Core,KG - 02
043547,Bay Village City,2024–2025,Public District,"Creative Curriculum (Teaching Strategies, LLC)",PS - PS,Implemented,ELA Core,PreK Core,PS - PS
043547,Bay Village City,2024–2025,Public District,Fundations (Wilson Language Training),KG - 05,Implemented,Reading Intervention,Both ELA Core and Reading Intervention,KG - 02
045765,Bath Local,2024–2025,Public District,95 Phonics Core Program (95 Percent Group),PS - PS,Implemented,Both ELA Core and Reading Intervention,ELA Core,KG - 02
045765,Bath Local,2024–2025,Public District,95 Phonics Core Program (95 Percent Group),01 - 01,Implemented,ELA Core,ELA Core,KG - 02
045765,Bath Local,2024–2025,Public District,Countdown (Really Great Reading),01 - 05,Implemented,Both ELA Core and Reading Intervention,Both ELA Core and Reading Intervention,KG - KG
045765,Bath Local,2024–2025,Public District,HD Word (Really Great Reading),02 - 02,Implemented,Reading Intervention,Both ELA Core and Reading Intervention,02 - 02
045765,Bath Local,2024–2025,Public District,UFLI Foundations: An Explicit and Systematic Phonics Program (Ventris Learning/ULFI),01 - 04,Implemented,Reading Intervention,Both ELA Core and Reading Intervention,KG - 02
046300,Batavia Local,2024–2025,Public District,95 Phonics Core Program (95 Percent Group),PS - 05,Implemented,Both ELA Core and Reading Intervention,ELA Core,KG - 02
045203,Barnesville Exempted Village,2024–2025,Public District,95 Phonics Core Program (95 Percent Group),KG - 08,Implemented,Reading Intervention,ELA Core,KG - 02
045203,Barnesville Exempted Village,2024–2025,Public District,"Creative Curriculum (Teaching Strategies, LLC)",PS - PS,Implemented,Both ELA Core and Reading Intervention,PreK Core,PS - PS
045203,Barnesville Exempted Village,2024–2025,Public District,Fundations (Wilson Language Training),PS - 03,Implemented,Reading Intervention,Both ELA Core and Reading Intervention,KG - 02
045203,Barnesville Exempted Village,2024–2025,Public District,Lexia Core 5 Reading (Lexia),PS - 04,Implemented,Both ELA Core and Reading Intervention,Both ELA Core and Reading Intervention,KG - 02
045203,Barnesville Exempted Village,2024–2025,Public District,"MyView Literacy (Savvas Learning Company, formerly Pearson)",KG - 06,Implemented,ELA Core,ELA Core,KG - 05
045203,Barnesville Exempted Village,2024–2025,Public District,UFLI Foundations: An Explicit and Systematic Phonics Program (Ventris Learning/ULFI),03 - 12,Implemented,Reading Intervention,Both ELA Core and Reading Intervention,KG - 02
043539,Barberton City,2024–2025,Public District,Fundations (Wilson Language Training),PS - 05,Implemented,Both ELA Core and Reading Intervention,Both ELA Core and Reading Intervention,KG - 02
043539,Barberton City,2024–2025,Public District,Fundations (Wilson Language Training),PS - 12,Implemented,Reading Intervention,Both ELA Core and Reading Intervention,KG - 02
046706,Ayersville Local,2024–2025,Public District,Amplify CKLA K-5 Core Comprehensive (Amplify),KG - 03,Implemented,Reading Intervention,ELA Core,KG - 05
046706,Ayersville Local,2024–2025,Public District,Blast Foundations (Really Great Reading),01 - 01,Implemented,Both ELA Core and Reading Intervention,Both ELA Core and Reading Intervention,01 - 01
046706,Ayersville Local,2024–2025,Public District,Countdown (Really Great Reading),KG - KG,Implemented,Both ELA Core and Reading Intervention,Both ELA Core and Reading Intervention,KG - KG
046706,Ayersville Local,2024–2025,Public District,HD Word (Really Great Reading),02 - 06,Implemented,Both ELA Core and Reading Intervention,Both ELA Core and Reading Intervention,02 - 02
046706,Ayersville Local,2024–2025,Public District,Locally created instruction,07 - 12,Implemented,Reading Intervention,N/A,N/A
046706,Ayersville Local,2024–2025,Public District,UFLI Foundations: An Explicit and Systematic Phonics Program (Ventris Learning/ULFI),KG - 06,Implemented,Reading Intervention,Both ELA Core and Reading Intervention,KG - 02
048116,Avon Local,2024–2025,Public District,Fundations (Wilson Language Training),PS - 02,Implemented,Reading Intervention,Both ELA Core and Reading Intervention,KG - 02
048116,Avon Local,2024–2025,Public District,Other published instr materials incl on Dept approved list,03 - 08,Implemented,Reading Intervention,N/A,N/A
048116,Avon Local,2024–2025,Public District,Other published instr materials not on Dept list,09 - 12,Implemented,Reading Intervention,N/A,N/A
048116,Avon Local,2024–2025,Public District,PreK On My Way (Scholastic),PS - PS,Implemented,Both ELA Core and Reading Intervention,PreK Core,PS - PS
048116,Avon Local,2024–2025,Public District,Wonders 2020 (McGraw Hill),KG - 05,Implemented,ELA Core,ELA Core,KG - 05
048124,Avon Lake City,2024–2025,Public District,Amplify CKLA K-5 Core Comprehensive (Amplify),KG - 05,Implemented,ELA Core,ELA Core,KG - 05
048124,Avon Lake City,2024–2025,Public District,Other published instr materials not on Dept list,KG - 08,Implemented,Reading Intervention,N/A,N/A
048124,Avon Lake City,2024–2025,Public District,UFLI Foundations: An Explicit and Systematic Phonics Program (Ventris Learning/ULFI),KG - 05,Implemented,Reading Intervention,Both ELA Core and Reading Intervention,KG - 02
048124,Avon Lake City,2024–2025,Public District,World of Wonders (McGraw Hill),PS - PS,Implemented,ELA Core,PreK Core,PS - PS
134122,Autism Model School,2024–2025,Community School,Other published instr materials incl on Dept approved list,KG - 12,Implemented,Both ELA Core and Reading Intervention,N/A,N/A
048298,Austintown Local Schools,2024–2025,Public District,Amplify CKLA K-5 Core Comprehensive (Amplify),KG - 02,Implemented,ELA Core,ELA Core,KG - 05
048298,Austintown Local Schools,2024–2025,Public District,ARC Core (American Reading Company),03 - 05,Implemented,ELA Core,ELA Core,KG - 05
048298,Austintown Local Schools,2024–2025,Public District,Lexia Core 5 Reading (Lexia),03 - 05,Implemented,Reading Intervention,Both ELA Core and Reading Intervention,KG - 02
048298,Austintown Local Schools,2024–2025,Public District,Other published instr materials incl on Dept approved list,PS - PS,Implemented,ELA Core,N/A,N/A
048298,Austintown Local Schools,2024–2025,Public District,Other published instr materials incl on Dept approved list,PS - 12,Implemented,Reading Intervention,N/A,N/A
049171,Aurora City,2024–2025,Public District,Other published instr materials incl on Dept approved list,06 - 12,Implemented,ELA Core,N/A,N/A
049171,Aurora City,2024–2025,Public District,Other published instr materials incl on Dept approved list,KG - 05,Implemented,Reading Intervention,N/A,N/A
049171,Aurora City,2024–2025,Public District,UFLI Foundations: An Explicit and Systematic Phonics Program (Ventris Learning/ULFI),KG - 05,Implemented,Both ELA Core and Reading Intervention,Both ELA Core and Reading Intervention,KG - 02
000288,Auglaize County Educational Academy,2024–2025,Community School,Other published instr materials not on Dept list,07 - 12,Implemented,Reading Intervention,N/A,N/A
051169,Auburn,2024–2025,Joint Vocational School District,Locally created instruction,01 - 12,Implemented,ELA Core,N/A,N/A
043521,Athens City School District,2024–2025,Public District,"Creative Curriculum (Teaching Strategies, LLC)",PS - PS,Implemented,ELA Core,PreK Core,PS - PS
043521,Athens City School District,2024–2025,Public District,Fundations (Wilson Language Training),KG - 03,Implemented,Both ELA Core and Reading Intervention,Both ELA Core and Reading Intervention,KG - 02
043521,Athens City School District,2024–2025,Public District,Lexia Core 5 Reading (Lexia),KG - 06,Implemented,Reading Intervention,Both ELA Core and Reading Intervention,KG - 02
043521,Athens City School District,2024–2025,Public District,Locally created instruction,09 - 12,Implemented,ELA Core,N/A,N/A
043521,Athens City School District,2024–2025,Public District,Other published instr materials incl on Dept approved list,04 - 08,Implemented,ELA Core,N/A,N/A
043521,Athens City School District,2024–2025,Public District,Other published instr materials incl on Dept approved list,03 - 12,Implemented,Reading Intervention,N/A,N/A
043521,Athens City School District,2024–2025,Public District,UFLI Foundations: An Explicit and Systematic Phonics Program (Ventris Learning/ULFI),KG - 03,Implemented,Both ELA Core and Reading Intervention,Both ELA Core and Reading Intervention,KG - 02
043521,Athens City School District,2024–2025,Public District,Wit & Wisdom (Great Minds),KG - 03,Implemented,ELA Core,ELA Core,03 - 05
050815,Ashtabula County Technical And Career Center,2024–2025,Joint Vocational School District,"Creative Curriculum (Teaching Strategies, LLC)",PS - PS,Implemented,Both ELA Core and Reading Intervention,PreK Core,PS - PS
043513,Ashtabula Area City,2024–2025,Public District,Blast Foundations (Really Great Reading),01 - 01,Implemented,Both ELA Core and Reading Intervention,Both ELA Core and Reading Intervention,01 - 01
043513,Ashtabula Area City,2024–2025,Public District,Countdown (Really Great Reading),KG - KG,Implemented,Both ELA Core and Reading Intervention,Both ELA Core and Reading Intervention,KG - KG
043513,Ashtabula Area City,2024–2025,Public District,"Creative Curriculum (Teaching Strategies, LLC)",PS - PS,Implemented,Both ELA Core and Reading Intervention,PreK Core,PS - PS
043513,Ashtabula Area City,2024–2025,Public District,HD Word (Really Great Reading),02 - 04,Implemented,Both ELA Core and Reading Intervention,Both ELA Core and Reading Intervention,02 - 02
043513,Ashtabula Area City,2024–2025,Public District,Lexia Core 5 Reading (Lexia),01 - 05,Implemented,Both ELA Core and Reading Intervention,Both ELA Core and Reading Intervention,KG - 02
043513,Ashtabula Area City,2024–2025,Public District,Lexia Core 5 Reading (Lexia),KG - KG,Implemented,Both ELA Core and Reading Intervention,Both ELA Core and Reading Intervention,KG - 02
043513,Ashtabula Area City,2024–2025,Public District,"MyView Literacy (Savvas Learning Company, formerly Pearson)",01 - 05,Implemented,Both ELA Core and Reading Intervention,ELA Core,KG - 05
043513,Ashtabula Area City,2024–2025,Public District,Other published instr materials incl on Dept approved list,01 - 05,Implemented,Both ELA Core and Reading Intervention,N/A,N/A
043513,Ashtabula Area City,2024–2025,Public District,Other published instr materials incl on Dept approved list,06 - 06,Implemented,Both ELA Core and Reading Intervention,N/A,N/A
043513,Ashtabula Area City,2024–2025,Public District,Other published instr materials incl on Dept approved list,07 - 08,Implemented,Both ELA Core and Reading Intervention,N/A,N/A
043513,Ashtabula Area City,2024–2025,Public District,Other published instr materials incl on Dept approved list,KG - KG,Implemented,Both ELA Core and Reading Intervention,N/A,N/A
043513,Ashtabula Area City,2024–2025,Public District,Other published instr materials incl on Dept approved list,PS - PS,Implemented,Both ELA Core and Reading Intervention,N/A,N/A
009971,Ashland County Community Academy,2024–2025,Community School,Imagine Learning EL Education (Imagine Learning),07 - 12,Implemented,Both ELA Core and Reading Intervention,ELA Core,KG - 05
043505,Ashland City,2024–2025,Public District,Foundations A-Z (Learning A-Z),KG - 03,Implemented,Reading Intervention,ELA Core,KG - 02
043505,Ashland City,2024–2025,Public District,HMH Into Reading 2020 (Houghton Mifflin Harcourt),KG - 05,Implemented,ELA Core,ELA Core,KG - 05
043505,Ashland City,2024–2025,Public District,Lexia Core 5 Reading (Lexia),04 - 05,Implemented,Reading Intervention,Both ELA Core and Reading Intervention,KG - 02
043505,Ashland City,2024–2025,Public District,Locally created instruction,11 - 12,Implemented,ELA Core,N/A,N/A
043505,Ashland City,2024–2025,Public District,Locally created instruction,10 - 12,Implemented,Reading Intervention,N/A,N/A
043505,Ashland City,2024–2025,Public District,Other published instr materials not on Dept list,09 - 10,Implemented,Both ELA Core and Reading Intervention,N/A,N/A
043505,Ashland City,2024–2025,Public District,Other published instr materials not on Dept list,PS - PS,Implemented,Both ELA Core and Reading Intervention,N/A,N/A
043505,Ashland City,2024–2025,Public District,Other published instr materials not on Dept list,06 - 08,Implemented,ELA Core,N/A,N/A
043505,Ashland City,2024–2025,Public District,Other published instr materials not on Dept list,06 - 08,Implemented,Reading Intervention,N/A,N/A
043505,Ashland City,2024–2025,Public District,Other published instr materials not on Dept list,09 - 09,Implemented,Reading Intervention,N/A,N/A
043505,Ashland City,2024–2025,Public District,UFLI Foundations: An Explicit and Systematic Phonics Program (Ventris Learning/ULFI),KG - 03,Implemented,Reading Intervention,Both ELA Core and Reading Intervention,KG - 02
143610,Arts & College Preparatory Academy,2024–2025,Community School,Other published instr materials incl on Dept approved list,07 - 12,Implemented,Reading Intervention,N/A,N/A
047423,Arlington Local,2024–2025,Public District,Other published instr materials incl on Dept approved list,03 - 03,Implemented,Both ELA Core and Reading Intervention,N/A,N/A
047423,Arlington Local,2024–2025,Public District,Savvas Essentials: Foundational Reading (Savvas),04 - 05,Implemented,Both ELA Core and Reading Intervention,ELA Core,KG - 02
047423,Arlington Local,2024–2025,Public District,UFLI Foundations: An Explicit and Systematic Phonics Program (Ventris Learning/ULFI),KG - 02,Implemented,ELA Core,Both ELA Core and Reading Intervention,KG - 02
046631,Arcanum-Butler Local,2024–2025,Public District,Other published instr materials incl on Dept approved list,KG - 12,Implemented,Both ELA Core and Reading Intervention,N/A,N/A
047415,Arcadia Local,2024–2025,Public District,Other published instr materials incl on Dept approved list,KG - 06,Implemented,Reading Intervention,N/A,N/A
047415,Arcadia Local,2024–2025,Public District,Wonders 2023 (McGraw Hill),KG - 05,Implemented,ELA Core,ELA Core,KG - 05
000560,Apex Academy,2024–2025,Community School,Lexia Core 5 Reading (Lexia),KG - 05,Implemented,Reading Intervention,Both ELA Core and Reading Intervention,KG - 02
000560,Apex Academy,2024–2025,Community School,Other published instr materials not on Dept list,03 - 08,Implemented,Reading Intervention,N/A,N/A
048991,Antwerp Local,2024–2025,Public District,"Creative Curriculum (Teaching Strategies, LLC)",PS - PS,Implemented,Both ELA Core and Reading Intervention,PreK Core,PS - PS
048991,Antwerp Local,2024–2025,Public District,HMH Into Reading 2020 (Houghton Mifflin Harcourt),KG - 05,Implemented,Both ELA Core and Reading Intervention,ELA Core,KG - 05
048991,Antwerp Local,2024–2025,Public District,Lexia Core 5 Reading (Lexia),KG - 05,Implemented,Reading Intervention,Both ELA Core and Reading Intervention,KG - 02
048991,Antwerp Local,2024–2025,Public District,Other published instr materials incl on Dept approved list,06 - 12,Implemented,Reading Intervention,N/A,N/A
048991,Antwerp Local,2024–2025,Public District,UFLI Foundations: An Explicit and Systematic Phonics Program (Ventris Learning/ULFI),PS - 03,Implemented,Reading Intervention,Both ELA Core and Reading Intervention,KG - 02
048207,Anthony Wayne Local,2024–2025,Public District,Fundations (Wilson Language Training),KG - 03,Implemented,Both ELA Core and Reading Intervention,Both ELA Core and Reading Intervention,KG - 02
049759,Anna Local,2024–2025,Public District,Fundations (Wilson Language Training),06 - 12,Implemented,Reading Intervention,Both ELA Core and Reading Intervention,KG - 02
049759,Anna Local,2024–2025,Public District,Locally created instruction,KG - 12,Implemented,Both ELA Core and Reading Intervention,N/A,N/A
049759,Anna Local,2024–2025,Public District,Other published instr materials not on Dept list,KG - 12,Implemented,Both ELA Core and Reading Intervention,N/A,N/A
049759,Anna Local,2024–2025,Public District,UFLI Foundations: An Explicit and Systematic Phonics Program (Ventris Learning/ULFI),KG - 02,Implemented,Both ELA Core and Reading Intervention,Both ELA Core and Reading Intervention,KG - 02
049759,Anna Local,2024–2025,Public District,UFLI Foundations: An Explicit and Systematic Phonics Program (Ventris Learning/ULFI),03 - 05,Implemented,Reading Intervention,Both ELA Core and Reading Intervention,KG - 02
049759,Anna Local,2024–2025,Public District,Wonders 2020 (McGraw Hill),KG - 05,Implemented,Both ELA Core and Reading Intervention,ELA Core,KG - 05
013195,Ann Jerkins-Harris Academy Of Excellence,2024–2025,Community School,Amplify CKLA K-5 Core Comprehensive (Amplify),KG - 05,Implemented,Both ELA Core and Reading Intervention,ELA Core,KG - 05
045195,Amherst Exempted Village,2024–2025,Public District,Amplify CKLA K-5 Core Comprehensive (Amplify),KG - 05,Implemented,Both ELA Core and Reading Intervention,ELA Core,KG - 05
045195,Amherst Exempted Village,2024–2025,Public District,Other published instr materials incl on Dept approved list,04 - 12,Implemented,Reading Intervention,N/A,N/A
045195,Amherst Exempted Village,2024–2025,Public District,UFLI Foundations: An Explicit and Systematic Phonics Program (Ventris Learning/ULFI),KG - 03,Implemented,Both ELA Core and Reading Intervention,Both ELA Core and Reading Intervention,KG - 02
045195,Amherst Exempted Village,2024–2025,Public District,UFLI Foundations: An Explicit and Systematic Phonics Program (Ventris Learning/ULFI),06 - 08,Implemented,Reading Intervention,Both ELA Core and Reading Intervention,KG - 02
046847,Amanda-Clearcreek Local,2024–2025,Public District,Fundations (Wilson Language Training),PS - 03,Implemented,Both ELA Core and Reading Intervention,Both ELA Core and Reading Intervention,KG - 02
046847,Amanda-Clearcreek Local,2024–2025,Public District,Lexia Core 5 Reading (Lexia),KG - 05,Implemented,Reading Intervention,Both ELA Core and Reading Intervention,KG - 02
046847,Amanda-Clearcreek Local,2024–2025,Public District,UFLI Foundations: An Explicit and Systematic Phonics Program (Ventris Learning/ULFI),03 - 05,Implemented,Reading Intervention,Both ELA Core and Reading Intervention,KG - 02
046847,Amanda-Clearcreek Local,2024–2025,Public District,Wit & Wisdom (Great Minds),KG - 05,Implemented,ELA Core,ELA Core,03 - 05
143396,Alternative Education Academy,2024–2025,Community School,Amplify CKLA K-5 Core Comprehensive (Amplify),KG - 05,Implemented,ELA Core,ELA Core,KG - 05
143396,Alternative Education Academy,2024–2025,Community School,Benchmark Phonics (Benchmark Education),KG - 04,Implemented,ELA Core,ELA Core,KG - 02
143396,Alternative Education Academy,2024–2025,Community School,Fundations (Wilson Language Training),KG - 04,Implemented,Reading Intervention,Both ELA Core and Reading Intervention,KG - 02
143396,Alternative Education Academy,2024–2025,Community School,Other published instr materials incl on Dept approved list,02 - 04,Implemented,Reading Intervention,N/A,N/A
143396,Alternative Education Academy,2024–2025,Community School,Other published instr materials incl on Dept approved list,KG - 10,Implemented,Reading Intervention,N/A,N/A
143396,Alternative Education Academy,2024–2025,Community School,Other published instr materials not on Dept list,01 - 08,Implemented,Reading Intervention,N/A,N/A
133454,"Alliance Community Schools, Inc. Dba Dayton Leadership Acade",2024–2025,Community School,Amplify CKLA K-2 Skills (Amplify),KG - 02,Implemented,Both ELA Core and Reading Intervention,ELA Core,KG - 02
133454,"Alliance Community Schools, Inc. Dba Dayton Leadership Acade",2024–2025,Community School,Other published instr materials incl on Dept approved list,03 - 08,Implemented,Reading Intervention,N/A,N/A
133454,"Alliance Community Schools, Inc. Dba Dayton Leadership Acade",2024–2025,Community School,OUR EL Education K-5 Language Arts (Open Up Resources),03 - 08,Implemented,ELA Core,ELA Core,KG - 05
043497,Alliance City,2024–2025,Public District,Curiosity Corner (Success for All Foundation),PS - PS,Implemented,Both ELA Core and Reading Intervention,PreK Core,PS - PS
043497,Alliance City,2024–2025,Public District,Wonders 2020 (McGraw Hill),01 - 05,Implemented,Reading Intervention,ELA Core,KG - 05
000139,Alliance Academy Of Cincinnati,2024–2025,Community School,Lexia Core 5 Reading (Lexia),KG - 05,Implemented,Reading Intervention,Both ELA Core and Reading Intervention,KG - 02
000139,Alliance Academy Of Cincinnati,2024–2025,Community School,Other published instr materials not on Dept list,03 - 08,Implemented,Reading Intervention,N/A,N/A
045757,Allen East Local,2024–2025,Public District,95 Phonics Core Program (95 Percent Group),KG - 04,Implemented,Both ELA Core and Reading Intervention,ELA Core,KG - 02
045757,Allen East Local,2024–2025,Public District,Other published instr materials incl on Dept approved list,09 - 12,Implemented,Both ELA Core and Reading Intervention,N/A,N/A
045757,Allen East Local,2024–2025,Public District,Other published instr materials incl on Dept approved list,KG - 02,Implemented,ELA Core,N/A,N/A
045757,Allen East Local,2024–2025,Public District,Other published instr materials incl on Dept approved list,KG - 04,Implemented,Reading Intervention,N/A,N/A
045757,Allen East Local,2024–2025,Public District,UFLI Foundations: An Explicit and Systematic Phonics Program (Ventris Learning/ULFI),KG - 04,Implemented,ELA Core,Both ELA Core and Reading Intervention,KG - 02
045757,Allen East Local,2024–2025,Public District,Wonders 2020 (McGraw Hill),05 - 08,Implemented,Both ELA Core and Reading Intervention,ELA Core,KG - 05
045757,Allen East Local,2024–2025,Public District,Wonders 2020 (McGraw Hill),KG - 04,Implemented,Both ELA Core and Reading Intervention,ELA Core,KG - 05
045906,Alexander Local,2024–2025,Public District,Amplify CKLA K-5 Core Comprehensive (Amplify),KG - 05,Implemented,ELA Core,ELA Core,KG - 05
045906,Alexander Local,2024–2025,Public District,"Creative Curriculum (Teaching Strategies, LLC)",PS - PS,Implemented,ELA Core,PreK Core,PS - PS
045906,Alexander Local,2024–2025,Public District,UFLI Foundations: An Explicit and Systematic Phonics Program (Ventris Learning/ULFI),KG - 05,Implemented,Reading Intervention,Both ELA Core and Reading Intervention,KG - 02
013994,"Albert Einstein Academy For Letters, Arts And Sciences-Ohio",2024–2025,Community School,OUR EL Education K-5 Language Arts (Open Up Resources),KG - 05,Implemented,Both ELA Core and Reading Intervention,ELA Core,KG - 05
012060,Akros Middle School,2024–2025,Community School,Other published instr materials incl on Dept approved list,06 - 08,Implemented,Reading Intervention,N/A,N/A
013254,Akron Preparatory School,2024–2025,Community School,HMH Into Reading 2020 (Houghton Mifflin Harcourt),KG - 05,Implemented,ELA Core,ELA Core,KG - 05
013254,Akron Preparatory School,2024–2025,Community School,Other published instr materials incl on Dept approved list,06 - 08,Implemented,ELA Core,N/A,N/A
013254,Akron Preparatory School,2024–2025,Community School,Other published instr materials incl on Dept approved list,KG - 03,Implemented,Reading Intervention,N/A,N/A
013254,Akron Preparatory School,2024–2025,Community School,Other published instr materials incl on Dept approved list,KG - 08,Implemented,Reading Intervention,N/A,N/A
043489,Akron City,2024–2025,Public District,HMH Into Reading 2020 (Houghton Mifflin Harcourt),03 - 05,Implemented,ELA Core,ELA Core,KG - 05
043489,Akron City,2024–2025,Public District,Other published instr materials incl on Dept approved list,06 - 12,Implemented,ELA Core,N/A,N/A
043489,Akron City,2024–2025,Public District,Other published instr materials incl on Dept approved list,06 - 12,Implemented,Reading Intervention,N/A,N/A
043489,Akron City,2024–2025,Public District,Other published instr materials incl on Dept approved list,KG - 02,Implemented,Reading Intervention,N/A,N/A
043489,Akron City,2024–2025,Public District,Other published instr materials incl on Dept approved list,KG - 03,Implemented,Reading Intervention,N/A,N/A
043489,Akron City,2024–2025,Public District,Other published instr materials incl on Dept approved list,KG - 05,Implemented,Reading Intervention,N/A,N/A
043489,Akron City,2024–2025,Public District,Other published instr materials incl on Dept approved list,KG - 08,Implemented,Reading Intervention,N/A,N/A
043489,Akron City,2024–2025,Public District,Wonders 2020 (McGraw Hill),KG - 02,Implemented,ELA Core,ELA Core,KG - 05
019427,Akron Career Tech High School,2024–2025,Community School,Other published instr materials incl on Dept approved list,09 - 12,Implemented,ELA Core,N/A,N/A
049494,Adena Local,2024–2025,Public District,Amplify CKLA K-2 Skills (Amplify),KG - 02,Implemented,ELA Core,ELA Core,KG - 02
049494,Adena Local,2024–2025,Public District,Amplify CKLA K-5 Core Comprehensive (Amplify),03 - 05,Implemented,ELA Core,ELA Core,KG - 05
049494,Adena Local,2024–2025,Public District,Other published instr materials not on Dept list,PS - 05,Implemented,Reading Intervention,N/A,N/A
061903,Adams County Ohio Valley Local,2024–2025,Public District,Frog Street Threes and/or Frog Street PreK (FrogStreet),PS - PS,Implemented,Both ELA Core and Reading Intervention,PreK Core,PS - PS
061903,Adams County Ohio Valley Local,2024–2025,Public District,HMH Into Reading 2020 (Houghton Mifflin Harcourt),KG - 06,Implemented,ELA Core,ELA Core,KG - 05
061903,Adams County Ohio Valley Local,2024–2025,Public District,Other published instr materials incl on Dept approved list,07 - 12,Implemented,Both ELA Core and Reading Intervention,N/A,N/A
061903,Adams County Ohio Valley Local,2024–2025,Public District,Other published instr materials incl on Dept approved list,KG - 06,Implemented,Both ELA Core and Reading Intervention,N/A,N/A
045187,Ada Exempted Village,2024–2025,Public District,Locally created instruction,06 - 08,Implemented,Both ELA Core and Reading Intervention,N/A,N/A
045187,Ada Exempted Village,2024–2025,Public District,Locally created instruction,09 - 12,Implemented,Both ELA Core and Reading Intervention,N/A,N/A
045187,Ada Exempted Village,2024–2025,Public District,Other published instr materials incl on Dept approved list,KG - 05,Implemented,Reading Intervention,N/A,N/A
045187,Ada Exempted Village,2024–2025,Public District,Wonders 2023 (McGraw Hill),KG - 05,Implemented,ELA Core,ELA Core,KG - 05
021446,Ace Community Academy,2024–2025,Community School,Locally created instruction,09 - 12,Implemented,Reading Intervention,N/A,N/A
017585,Academy Of Arts And Technology,2024–2025,Community School,HMH Into Reading 2020 (Houghton Mifflin Harcourt),KG - 05,Implemented,Both ELA Core and Reading Intervention,ELA Core,KG - 05
013249,Academy For Urban Scholars Youngstown,2024–2025,Community School,Fundations (Wilson Language Training),09 - 12,Implemented,Both ELA Core and Reading Intervention,Both ELA Core and Reading Intervention,KG - 02
013232,A+ Children'S Academy,2024–2025,Community School,Amplify CKLA K-2 Skills (Amplify),KG - 02,Implemented,Both ELA Core and Reading Intervention,ELA Core,KG - 02
013232,A+ Children'S Academy,2024–2025,Community School,Amplify CKLA K-5 Core Comprehensive (Amplify),KG - 05,Implemented,Both ELA Core and Reading Intervention,ELA Core,KG - 05
013232,A+ Children'S Academy,2024–2025,Community School,Fundations (Wilson Language Training),KG - 02,Implemented,Reading Intervention,Both ELA Core and Reading Intervention,KG - 02
013232,A+ Children'S Academy,2024–2025,Community School,Other published instr materials incl on Dept approved list,06 - 06,Implemented,Both ELA Core and Reading Intervention,N/A,N/A
000556,A+ Arts Academy,2024–2025,Community School,HMH Into Reading 2020 (Houghton Mifflin Harcourt),KG - 05,Implemented,ELA Core,ELA Core,KG - 05
000556,A+ Arts Academy,2024–2025,Community School,Other published instr materials incl on Dept approved list,06 - 08,Implemented,ELA Core,N/A,N/A
000556,A+ Arts Academy,2024–2025,Community School,Other published instr materials incl on Dept approved list,03 - 08,Implemented,Reading Intervention,N/A,N/A
000556,A+ Arts Academy,2024–2025,Community School,Other published instr materials incl on Dept approved list,KG - 04,Implemented,Reading Intervention,N/A,N/A
000556,A+ Arts Academy,2024–2025,Community School,Other published instr materials not on Dept list,KG - 03,Implemented,Reading Intervention,N/A,N/A
